id,pollster,start,end,n,moe,source,section,lula,flavio,caiado,renan,zema,marcal,cury,ratinho,gomes,rebelo,tarcisio,samara,daciolo,pimenta,bolsonaro,dias,costa,barbosa,leite,michelle,haddad,eduardo,clariana,grassi,aecio,tebet,lima,barbalho,silva,moro,alckmin-psb,tereza,alckmin,marinho,temer,r-filho,flavio-pl,camilo-pt,marinho-pl,ciro,tereza-c,neves,nogueira,ciro-gomes-deixa-o-pdt-e-se-filia-ao-partido-da-social-democracia-brasileira
instituto-simplex-2026-01-04,Instituto Simplex,2026-01-03,2026-01-04,1000,3.1,,Setembro,33.7,,,,,8.4,,,,,16.1,,,,,,,,,,,,,,,,20.7,,,,,,,,,,,,,,,,,
instituto-simplex-2026-01-04-2,Instituto Simplex,2026-01-03,2026-01-04,1000,3.1,,Agosto,33.7,,,,,8.4,,,,,16.1,,,,,,,,,,,,,,,,20.7,,,,,,,,,,,,,,,,,
instituto-simplex-2026-01-04-3,Instituto Simplex,2026-01-03,2026-01-04,1000,3.1,,Julho,33.7,,,,,8.4,,,,,16.1,,,,,,,,,,,,,,,,20.7,,,,,,,,,,,,,,,,,
instituto-simplex-2026-01-04-4,Instituto Simplex,2026-01-03,2026-01-04,1000,3.1,,Junho,33.7,,,,,8.4,,,,,16.1,,,,,,,,,,,,,,,,20.7,,,,,,,,,,,,,,,,,
instituto-simplex-2026-01-04-5,Instituto Simplex,2026-01-03,2026-01-04,1000,3.1,,Maio,33.7,,,,,8.4,,,,,16.1,,,,,,,,,,,,,,,,20.7,,,,,,,,,,,,,,,,,
parana-pesquisas-2026-01-10,Paraná Pesquisas,2026-01-07,2026-01-10,2018,2.2,,Setembro,34.5,,6.6,,,11.5,,,12.9,,,,,,,,,,,20.7,,,,,,,,1.6,,,,,,,,,,,,,,,,
parana-pesquisas-2026-01-10-2,Paraná Pesquisas,2026-01-07,2026-01-10,2018,2.2,,Agosto,34.5,,6.6,,,11.5,,,12.9,,,,,,,,,,,20.7,,,,,,,,1.6,,,,,,,,,,,,,,,,
parana-pesquisas-2026-01-10-3,Paraná Pesquisas,2026-01-07,2026-01-10,2018,2.2,,Julho,34.5,,6.6,,,11.5,,,12.9,,,,,,,,,,,20.7,,,,,,,,1.6,,,,,,,,,,,,,,,,
parana-pesquisas-2026-01-10-4,Paraná Pesquisas,2026-01-07,2026-01-10,2018,2.2,,Junho,34.5,,6.6,,,11.5,,,12.9,,,,,,,,,,,20.7,,,,,,,,1.6,,,,,,,,,,,,,,,,
parana-pesquisas-2026-01-10-5,Paraná Pesquisas,2026-01-07,2026-01-10,2018,2.2,,Maio,34.5,,6.6,,,11.5,,,12.9,,,,,,,,,,,20.7,,,,,,,,1.6,,,,,,,,,,,,,,,,
parana-pesquisas-2026-01-10-6,Paraná Pesquisas,2026-01-07,2026-01-10,2018,2.2,,Abril,42.2,,,,,,,,,,,,,,45.7,,,,,,,,,,,,,,,,,,,,,,,,,,,,,
parana-pesquisas-2026-01-10-7,Paraná Pesquisas,2026-01-07,2026-01-10,2018,2.2,,Abril,43.1,,,,,,,,,,,,,,,,,,,42.2,,,,,,,,,,,,,,,,,,,,,,,,
parana-pesquisas-2026-01-10-8,Paraná Pesquisas,2026-01-07,2026-01-10,2018,2.2,,Abril,43.4,,,,,,,,,,40.6,,,,,,,,,,,,,,,,,,,,,,,,,,,,,,,,,
genial-quaest-2026-01-11,Genial/Quaest,2026-01-08,2026-01-11,2004,2,,Setembro,36,23,3,1,2,,,7,,1,9,,,,,,,,,,,,,,,,,,,,,,,,,,,,,,,,,
genial-quaest-2026-01-11-2,Genial/Quaest,2026-01-08,2026-01-11,2004,2,,Agosto,36,23,3,1,2,,,7,,1,9,,,,,,,,,,,,,,,,,,,,,,,,,,,,,,,,,
genial-quaest-2026-01-11-3,Genial/Quaest,2026-01-08,2026-01-11,2004,2,,Julho,36,23,3,1,2,,,7,,1,9,,,,,,,,,,,,,,,,,,,,,,,,,,,,,,,,,
genial-quaest-2026-01-11-4,Genial/Quaest,2026-01-08,2026-01-11,2004,2,,Junho,36,23,3,1,2,,,7,,1,9,,,,,,,,,,,,,,,,,,,,,,,,,,,,,,,,,
genial-quaest-2026-01-11-5,Genial/Quaest,2026-01-08,2026-01-11,2004,2,,Maio,36,23,3,1,2,,,7,,1,9,,,,,,,,,,,,,,,,,,,,,,,,,,,,,,,,,
genial-quaest-2026-01-11-6,Genial/Quaest,2026-01-08,2026-01-11,2004,2,,Abril,45,38,,,,,,,,,,,,,,,,,,,,,,,,,,,,,,,,,,,,,,,,,,
genial-quaest-2026-01-11-7,Genial/Quaest,2026-01-08,2026-01-11,2004,2,,Abril,46,,,,31,,,,,,,,,,,,,,,,,,,,,,,,,,,,,,,,,,,,,,,
genial-quaest-2026-01-11-8,Genial/Quaest,2026-01-08,2026-01-11,2004,2,,Abril,44,,33,,,,,,,,,,,,,,,,,,,,,,,,,,,,,,,,,,,,,,,,,
genial-quaest-2026-01-11-9,Genial/Quaest,2026-01-08,2026-01-11,2004,2,,Abril,46,,,26,,,,,,,,,,,,,,,,,,,,,,,,,,,,,,,,,,,,,,,,
genial-quaest-2026-01-11-10,Genial/Quaest,2026-01-08,2026-01-11,2004,2,,Abril,44,,,,,,,,,,39,,,,,,,,,,,,,,,,,,,,,,,,,,,,,,,,,
genial-quaest-2026-01-11-11,Genial/Quaest,2026-01-08,2026-01-11,2004,2,,Abril,43,,,,,,,36,,,,,,,,,,,,,,,,,,,,,,,,,,,,,,,,,,,,
genial-quaest-2026-01-11-12,Genial/Quaest,2026-01-08,2026-01-11,2004,2,,Abril,45,,,,,,,,,27,,,,,,,,,,,,,,,,,,,,,,,,,,,,,,,,,,
genial-quaest-2026-01-11-13,Genial/Quaest,2026-01-08,2026-01-11,2004,2,,Março,45,38,,,,,,,,,,,,,,,,,,,,,,,,,,,,,,,,,,,,,,,,,,
genial-quaest-2026-01-11-14,Genial/Quaest,2026-01-08,2026-01-11,2004,2,,Janeiro - Fevereiro,45,38,,,,,,,,,,,,,,,,,,,,,,,,,,,,,,,,,,,,,,,,,,
meio-ideia-2026-01-12,Meio/Ideia,2026-01-08,2026-01-12,2000,2.2,https://oglobo.globo.com/blogs/malu-gaspar/post/2025/02/justica-eleitoral-de-sp-condena-pablo-marcal-por-abuso-de-poder-e-o-declara-inelegivel.ghtml?,Setembro,40.1,,5.1,1.3,5.8,,,,,0.3,,,,,,,,,2.5,29.7,,,,,,,,,,,,,,,,,,,,,,,,
meio-ideia-2026-01-12-2,Meio/Ideia,2026-01-08,2026-01-12,2000,2.2,https://oglobo.globo.com/blogs/malu-gaspar/post/2025/02/justica-eleitoral-de-sp-condena-pablo-marcal-por-abuso-de-poder-e-o-declara-inelegivel.ghtml?,Agosto,40.1,,5.1,1.3,5.8,,,,,0.3,,,,,,,,,2.5,29.7,,,,,,,,,,,,,,,,,,,,,,,,
meio-ideia-2026-01-12-3,Meio/Ideia,2026-01-08,2026-01-12,2000,2.2,https://oglobo.globo.com/blogs/malu-gaspar/post/2025/02/justica-eleitoral-de-sp-condena-pablo-marcal-por-abuso-de-poder-e-o-declara-inelegivel.ghtml?,Julho,40.1,,5.1,1.3,5.8,,,,,0.3,,,,,,,,,2.5,29.7,,,,,,,,,,,,,,,,,,,,,,,,
meio-ideia-2026-01-12-4,Meio/Ideia,2026-01-08,2026-01-12,2000,2.2,https://oglobo.globo.com/blogs/malu-gaspar/post/2025/02/justica-eleitoral-de-sp-condena-pablo-marcal-por-abuso-de-poder-e-o-declara-inelegivel.ghtml?,Junho,40.1,,5.1,1.3,5.8,,,,,0.3,,,,,,,,,2.5,29.7,,,,,,,,,,,,,,,,,,,,,,,,
meio-ideia-2026-01-12-5,Meio/Ideia,2026-01-08,2026-01-12,2000,2.2,https://oglobo.globo.com/blogs/malu-gaspar/post/2025/02/justica-eleitoral-de-sp-condena-pablo-marcal-por-abuso-de-poder-e-o-declara-inelegivel.ghtml?,Maio,40.1,,5.1,1.3,5.8,,,,,0.3,,,,,,,,,2.5,29.7,,,,,,,,,,,,,,,,,,,,,,,,
meio-ideia-2026-01-12-6,Meio/Ideia,2026-01-08,2026-01-12,2000,2.2,https://oglobo.globo.com/blogs/malu-gaspar/post/2025/02/justica-eleitoral-de-sp-condena-pablo-marcal-por-abuso-de-poder-e-o-declara-inelegivel.ghtml?,Abril,46.2,36,,,,,,,,,,,,,,,,,,,,,,,,,,,,,,,,,,,,,,,,,,
meio-ideia-2026-01-12-7,Meio/Ideia,2026-01-08,2026-01-12,2000,2.2,https://oglobo.globo.com/blogs/malu-gaspar/post/2025/02/justica-eleitoral-de-sp-condena-pablo-marcal-por-abuso-de-poder-e-o-declara-inelegivel.ghtml?,Abril,46.3,,,,36.1,,,,,,,,,,,,,,,,,,,,,,,,,,,,,,,,,,,,,,,
meio-ideia-2026-01-12-8,Meio/Ideia,2026-01-08,2026-01-12,2000,2.2,https://oglobo.globo.com/blogs/malu-gaspar/post/2025/02/justica-eleitoral-de-sp-condena-pablo-marcal-por-abuso-de-poder-e-o-declara-inelegivel.ghtml?,Abril,46.3,,36.5,,,,,,,,,,,,,,,,,,,,,,,,,,,,,,,,,,,,,,,,,
meio-ideia-2026-01-12-9,Meio/Ideia,2026-01-08,2026-01-12,2000,2.2,https://oglobo.globo.com/blogs/malu-gaspar/post/2025/02/justica-eleitoral-de-sp-condena-pablo-marcal-por-abuso-de-poder-e-o-declara-inelegivel.ghtml?,Abril,46.5,,,23.5,,,,,,,,,,,,,,,,,,,,,,,,,,,,,,,,,,,,,,,,
meio-ideia-2026-01-12-10,Meio/Ideia,2026-01-08,2026-01-12,2000,2.2,https://oglobo.globo.com/blogs/malu-gaspar/post/2025/02/justica-eleitoral-de-sp-condena-pablo-marcal-por-abuso-de-poder-e-o-declara-inelegivel.ghtml?,Abril,46,,,,,,,,,,,,,,,,,,,39,,,,,,,,,,,,,,,,,,,,,,,,
meio-ideia-2026-01-12-11,Meio/Ideia,2026-01-08,2026-01-12,2000,2.2,https://oglobo.globo.com/blogs/malu-gaspar/post/2025/02/justica-eleitoral-de-sp-condena-pablo-marcal-por-abuso-de-poder-e-o-declara-inelegivel.ghtml?,Abril,44.4,,,,,,,,,,42.1,,,,,,,,,,,,,,,,,,,,,,,,,,,,,,,,,
meio-ideia-2026-01-12-12,Meio/Ideia,2026-01-08,2026-01-12,2000,2.2,https://oglobo.globo.com/blogs/malu-gaspar/post/2025/02/justica-eleitoral-de-sp-condena-pablo-marcal-por-abuso-de-poder-e-o-declara-inelegivel.ghtml?,Abril,46,,,,,,,37,,,,,,,,,,,,,,,,,,,,,,,,,,,,,,,,,,,,
meio-ideia-2026-01-12-13,Meio/Ideia,2026-01-08,2026-01-12,2000,2.2,https://oglobo.globo.com/blogs/malu-gaspar/post/2025/02/justica-eleitoral-de-sp-condena-pablo-marcal-por-abuso-de-poder-e-o-declara-inelegivel.ghtml?,Abril,45,,,,,,,,,,,,,,,,,,23,,,,,,,,,,,,,,,,,,,,,,,,,
meio-ideia-2026-01-12-14,Meio/Ideia,2026-01-08,2026-01-12,2000,2.2,https://oglobo.globo.com/blogs/malu-gaspar/post/2025/02/justica-eleitoral-de-sp-condena-pablo-marcal-por-abuso-de-poder-e-o-declara-inelegivel.ghtml?,Março,46.2,36,,,,,,,,,,,,,,,,,,,,,,,,,,,,,,,,,,,,,,,,,,
meio-ideia-2026-01-12-15,Meio/Ideia,2026-01-08,2026-01-12,2000,2.2,https://oglobo.globo.com/blogs/malu-gaspar/post/2025/02/justica-eleitoral-de-sp-condena-pablo-marcal-por-abuso-de-poder-e-o-declara-inelegivel.ghtml?,Janeiro - Fevereiro,46.2,36,,,,,,,,,,,,,,,,,,,,,,,,,,,,,,,,,,,,,,,,,,
gerp-2026-01-15,Gerp,2026-01-11,2026-01-15,2000,2.24,,Setembro,28,,1,,4,6,,2,,,,,,,34,,,,,,,,,,,,5,,,,,,,,,,,,,,,,,
gerp-2026-01-15-2,Gerp,2026-01-11,2026-01-15,2000,2.24,,Agosto,28,,1,,4,6,,2,,,,,,,34,,,,,,,,,,,,5,,,,,,,,,,,,,,,,,
gerp-2026-01-15-3,Gerp,2026-01-11,2026-01-15,2000,2.24,,Julho,28,,1,,4,6,,2,,,,,,,34,,,,,,,,,,,,5,,,,,,,,,,,,,,,,,
gerp-2026-01-15-4,Gerp,2026-01-11,2026-01-15,2000,2.24,,Junho,28,,1,,4,6,,2,,,,,,,34,,,,,,,,,,,,5,,,,,,,,,,,,,,,,,
gerp-2026-01-15-5,Gerp,2026-01-11,2026-01-15,2000,2.24,,Maio,28,,1,,4,6,,2,,,,,,,34,,,,,,,,,,,,5,,,,,,,,,,,,,,,,,
apex-futura-2026-01-19,Apex/Futura,2026-01-15,2026-01-19,2000,2.2,,Setembro,35.4,34.3,3.7,1.7,4.4,,,9.1,,0.6,,,,,,,,,0.1,,,,,,,,,,,,,,,,,,,,,,,,,
apex-futura-2026-01-19-2,Apex/Futura,2026-01-15,2026-01-19,2000,2.2,,Agosto,35.4,34.3,3.7,1.7,4.4,,,9.1,,0.6,,,,,,,,,0.1,,,,,,,,,,,,,,,,,,,,,,,,,
apex-futura-2026-01-19-3,Apex/Futura,2026-01-15,2026-01-19,2000,2.2,,Julho,35.4,34.3,3.7,1.7,4.4,,,9.1,,0.6,,,,,,,,,0.1,,,,,,,,,,,,,,,,,,,,,,,,,
apex-futura-2026-01-19-4,Apex/Futura,2026-01-15,2026-01-19,2000,2.2,,Junho,35.4,34.3,3.7,1.7,4.4,,,9.1,,0.6,,,,,,,,,0.1,,,,,,,,,,,,,,,,,,,,,,,,,
apex-futura-2026-01-19-5,Apex/Futura,2026-01-15,2026-01-19,2000,2.2,,Maio,35.4,34.3,3.7,1.7,4.4,,,9.1,,0.6,,,,,,,,,0.1,,,,,,,,,,,,,,,,,,,,,,,,,
apex-futura-2026-01-19-6,Apex/Futura,2026-01-15,2026-01-19,2000,2.2,,Abril,41.9,48.1,,,,,,,,,,,,,,,,,,,,,,,,,,,,,,,,,,,,,,,,,,
apex-futura-2026-01-19-7,Apex/Futura,2026-01-15,2026-01-19,2000,2.2,,Abril,42.8,,,,40.5,,,,,,,,,,,,,,,,,,,,,,,,,,,,,,,,,,,,,,,
apex-futura-2026-01-19-8,Apex/Futura,2026-01-15,2026-01-19,2000,2.2,,Abril,41.8,,42,,,,,,,,,,,,,,,,,,,,,,,,,,,,,,,,,,,,,,,,,
apex-futura-2026-01-19-9,Apex/Futura,2026-01-15,2026-01-19,2000,2.2,,Abril,41.3,,,,,,,,,,46.1,,,,,,,,,,,,,,,,,,,,,,,,,,,,,,,,,
apex-futura-2026-01-19-10,Apex/Futura,2026-01-15,2026-01-19,2000,2.2,,Abril,41.2,,,,,,,44.8,,,,,,,,,,,,,,,,,,,,,,,,,,,,,,,,,,,,
apex-futura-2026-01-19-11,Apex/Futura,2026-01-15,2026-01-19,2000,2.2,,Abril,41.9,,,,,,,,,,,,,,,,,,37.3,,,,,,,,,,,,,,,,,,,,,,,,,
apex-futura-2026-01-19-12,Apex/Futura,2026-01-15,2026-01-19,2000,2.2,,Abril,,37.5,,,,,,,,,34.7,,,,,,,,,,,,,,,,,,,,,,,,,,,,,,,,,
apex-futura-2026-01-19-13,Apex/Futura,2026-01-15,2026-01-19,2000,2.2,,Março,41.9,48.1,,,,,,,,,,,,,,,,,,,,,,,,,,,,,,,,,,,,,,,,,,
apex-futura-2026-01-19-14,Apex/Futura,2026-01-15,2026-01-19,2000,2.2,,Janeiro - Fevereiro,41.9,48.1,,,,,,,,,,,,,,,,,,,,,,,,,,,,,,,,,,,,,,,,,,
atlasintel-2026-01-20,AtlasIntel,2026-01-15,2026-01-20,5418,1,,Setembro,48.4,28,2.9,2.9,1.7,,,1.7,,1,11,,,,,,,,,,,,,,,,,,,,,,,,,,,,,,,,,
atlasintel-2026-01-20-2,AtlasIntel,2026-01-15,2026-01-20,5418,1,,Agosto,48.4,28,2.9,2.9,1.7,,,1.7,,1,11,,,,,,,,,,,,,,,,,,,,,,,,,,,,,,,,,
atlasintel-2026-01-20-3,AtlasIntel,2026-01-15,2026-01-20,5418,1,,Julho,48.4,28,2.9,2.9,1.7,,,1.7,,1,11,,,,,,,,,,,,,,,,,,,,,,,,,,,,,,,,,
atlasintel-2026-01-20-4,AtlasIntel,2026-01-15,2026-01-20,5418,1,,Junho,48.4,28,2.9,2.9,1.7,,,1.7,,1,11,,,,,,,,,,,,,,,,,,,,,,,,,,,,,,,,,
atlasintel-2026-01-20-5,AtlasIntel,2026-01-15,2026-01-20,5418,1,,Maio,48.4,28,2.9,2.9,1.7,,,1.7,,1,11,,,,,,,,,,,,,,,,,,,,,,,,,,,,,,,,,
atlasintel-2026-01-20-6,AtlasIntel,2026-01-15,2026-01-20,5418,1,,Abril,49,45,,,,,,,,,,,,,,,,,,,,,,,,,,,,,,,,,,,,,,,,,,
atlasintel-2026-01-20-7,AtlasIntel,2026-01-15,2026-01-20,5418,1,,Abril,49,,,,39,,,,,,,,,,,,,,,,,,,,,,,,,,,,,,,,,,,,,,,
atlasintel-2026-01-20-8,AtlasIntel,2026-01-15,2026-01-20,5418,1,,Abril,49,,39,,,,,,,,,,,,,,,,,,,,,,,,,,,,,,,,,,,,,,,,,
atlasintel-2026-01-20-9,AtlasIntel,2026-01-15,2026-01-20,5418,1,,Abril,49,,,,,,,,,,,,,,46,,,,,,,,,,,,,,,,,,,,,,,,,,,,,
atlasintel-2026-01-20-10,AtlasIntel,2026-01-15,2026-01-20,5418,1,,Abril,49,,,,,,,,,,,,,,,,,,,45,,,,,,,,,,,,,,,,,,,,,,,,
atlasintel-2026-01-20-11,AtlasIntel,2026-01-15,2026-01-20,5418,1,,Abril,49,,,,,,,,,,45,,,,,,,,,,,,,,,,,,,,,,,,,,,,,,,,,
atlasintel-2026-01-20-12,AtlasIntel,2026-01-15,2026-01-20,5418,1,,Abril,49,,,,,,,39,,,,,,,,,,,,,,,,,,,,,,,,,,,,,,,,,,,,
atlasintel-2026-01-20-13,AtlasIntel,2026-01-15,2026-01-20,5418,1,,Abril,48,,,,,,,,,,,,,,,,,,23,,,,,,,,,,,,,,,,,,,,,,,,,
atlasintel-2026-01-20-14,AtlasIntel,2026-01-15,2026-01-20,5418,1,,Março,49,45,,,,,,,,,,,,,,,,,,,,,,,,,,,,,,,,,,,,,,,,,,
atlasintel-2026-01-20-15,AtlasIntel,2026-01-15,2026-01-20,5418,1,,Janeiro - Fevereiro,49,45,,,,,,,,,,,,,,,,,,,,,,,,,,,,,,,,,,,,,,,,,,
data-povo-2026-01-21,Data Povo,2026-01-18,2026-01-21,1300,2.72,,Setembro,23.12,19.15,5.85,7.08,4.92,,,4.54,6.54,3.38,8.23,,,,,,,,,,,,,,,,,,,,,,,,,,,,,,,,,
data-povo-2026-01-21-2,Data Povo,2026-01-18,2026-01-21,1300,2.72,,Agosto,23.12,19.15,5.85,7.08,4.92,,,4.54,6.54,3.38,8.23,,,,,,,,,,,,,,,,,,,,,,,,,,,,,,,,,
data-povo-2026-01-21-3,Data Povo,2026-01-18,2026-01-21,1300,2.72,,Julho,23.12,19.15,5.85,7.08,4.92,,,4.54,6.54,3.38,8.23,,,,,,,,,,,,,,,,,,,,,,,,,,,,,,,,,
data-povo-2026-01-21-4,Data Povo,2026-01-18,2026-01-21,1300,2.72,,Junho,23.12,19.15,5.85,7.08,4.92,,,4.54,6.54,3.38,8.23,,,,,,,,,,,,,,,,,,,,,,,,,,,,,,,,,
data-povo-2026-01-21-5,Data Povo,2026-01-18,2026-01-21,1300,2.72,,Maio,23.12,19.15,5.85,7.08,4.92,,,4.54,6.54,3.38,8.23,,,,,,,,,,,,,,,,,,,,,,,,,,,,,,,,,
genial-quaest-2026-01-26,Genial/Quaest,2026-01-23,2026-01-26,4500,1,https://www.poder360.com.br/poder-pesquisas/leia-a-integra-da-pesquisa-quaest-com-todos-os-cenarios-para-2026/,Setembro,30,,3,,3,11,,,9,,13,,,,,,,,,,,,,,,,12,,,,,,,,,,,,,,,,,
genial-quaest-2026-01-26-2,Genial/Quaest,2026-01-23,2026-01-26,4500,1,https://www.poder360.com.br/poder-pesquisas/leia-a-integra-da-pesquisa-quaest-com-todos-os-cenarios-para-2026/,Agosto,30,,3,,3,11,,,9,,13,,,,,,,,,,,,,,,,12,,,,,,,,,,,,,,,,,
genial-quaest-2026-01-26-3,Genial/Quaest,2026-01-23,2026-01-26,4500,1,https://www.poder360.com.br/poder-pesquisas/leia-a-integra-da-pesquisa-quaest-com-todos-os-cenarios-para-2026/,Julho,30,,3,,3,11,,,9,,13,,,,,,,,,,,,,,,,12,,,,,,,,,,,,,,,,,
genial-quaest-2026-01-26-4,Genial/Quaest,2026-01-23,2026-01-26,4500,1,https://www.poder360.com.br/poder-pesquisas/leia-a-integra-da-pesquisa-quaest-com-todos-os-cenarios-para-2026/,Junho,30,,3,,3,11,,,9,,13,,,,,,,,,,,,,,,,12,,,,,,,,,,,,,,,,,
genial-quaest-2026-01-26-5,Genial/Quaest,2026-01-23,2026-01-26,4500,1,https://www.poder360.com.br/poder-pesquisas/leia-a-integra-da-pesquisa-quaest-com-todos-os-cenarios-para-2026/,Maio,30,,3,,3,11,,,9,,13,,,,,,,,,,,,,,,,12,,,,,,,,,,,,,,,,,
genial-quaest-2026-01-26-6,Genial/Quaest,2026-01-23,2026-01-26,4500,1,https://www.poder360.com.br/poder-pesquisas/leia-a-integra-da-pesquisa-quaest-com-todos-os-cenarios-para-2026/,Abril,45,,,,28,,,,,,,,,,,,,,,,,,,,,,,,,,,,,,,,,,,,,,,
genial-quaest-2026-01-26-7,Genial/Quaest,2026-01-23,2026-01-26,4500,1,https://www.poder360.com.br/poder-pesquisas/leia-a-integra-da-pesquisa-quaest-com-todos-os-cenarios-para-2026/,Abril,45,,26,,,,,,,,,,,,,,,,,,,,,,,,,,,,,,,,,,,,,,,,,
genial-quaest-2026-01-26-8,Genial/Quaest,2026-01-23,2026-01-26,4500,1,https://www.poder360.com.br/poder-pesquisas/leia-a-integra-da-pesquisa-quaest-com-todos-os-cenarios-para-2026/,Abril,43,,,,,,,,,,34,,,,,,,,,,,,,,,,,,,,,,,,,,,,,,,,,
genial-quaest-2026-01-26-9,Genial/Quaest,2026-01-23,2026-01-26,4500,1,https://www.poder360.com.br/poder-pesquisas/leia-a-integra-da-pesquisa-quaest-com-todos-os-cenarios-para-2026/,Abril,44,,,,,,,,,,,,,,,,,,,,,34,,,,,,,,,,,,,,,,,,,,,,
genial-quaest-2026-01-26-10,Genial/Quaest,2026-01-23,2026-01-26,4500,1,https://www.poder360.com.br/poder-pesquisas/leia-a-integra-da-pesquisa-quaest-com-todos-os-cenarios-para-2026/,Abril,44,,,,,34,,,,,,,,,,,,,,,,,,,,,,,,,,,,,,,,,,,,,,
genial-quaest-2026-01-26-11,Genial/Quaest,2026-01-23,2026-01-26,4500,1,https://www.poder360.com.br/poder-pesquisas/leia-a-integra-da-pesquisa-quaest-com-todos-os-cenarios-para-2026/,Abril,41,,,,,,,,,,,,,,,,,,,,,,,,,,35,,,,,,,,,,,,,,,,,
parana-pesquisas-2026-01-28,Paraná Pesquisas,2026-01-25,2026-01-28,2080,2.2,,Setembro,39.8,33.1,3.7,1.5,2.8,,,6.5,,1.1,,,,,,,,,,,,,,,,,,,,,,,,,,,,,,,,,,
parana-pesquisas-2026-01-28-2,Paraná Pesquisas,2026-01-24,2026-01-28,2020,2.2,,Setembro,36.9,,1.2,,3.9,,,3.9,7.8,,,,,,33.8,,,,,,,,,,,,,0.8,,,,,,,,,,,,,,,,
parana-pesquisas-2026-01-28-3,Paraná Pesquisas,2026-01-25,2026-01-28,2080,2.2,,Agosto,39.8,33.1,3.7,1.5,2.8,,,6.5,,1.1,,,,,,,,,,,,,,,,,,,,,,,,,,,,,,,,,,
parana-pesquisas-2026-01-28-4,Paraná Pesquisas,2026-01-24,2026-01-28,2020,2.2,,Agosto,36.9,,1.2,,3.9,,,3.9,7.8,,,,,,33.8,,,,,,,,,,,,,0.8,,,,,,,,,,,,,,,,
parana-pesquisas-2026-01-28-5,Paraná Pesquisas,2026-01-25,2026-01-28,2080,2.2,,Julho,39.8,33.1,3.7,1.5,2.8,,,6.5,,1.1,,,,,,,,,,,,,,,,,,,,,,,,,,,,,,,,,,
parana-pesquisas-2026-01-28-6,Paraná Pesquisas,2026-01-24,2026-01-28,2020,2.2,,Julho,36.9,,1.2,,3.9,,,3.9,7.8,,,,,,33.8,,,,,,,,,,,,,0.8,,,,,,,,,,,,,,,,
parana-pesquisas-2026-01-28-7,Paraná Pesquisas,2026-01-25,2026-01-28,2080,2.2,,Junho,39.8,33.1,3.7,1.5,2.8,,,6.5,,1.1,,,,,,,,,,,,,,,,,,,,,,,,,,,,,,,,,,
parana-pesquisas-2026-01-28-8,Paraná Pesquisas,2026-01-24,2026-01-28,2020,2.2,,Junho,36.9,,1.2,,3.9,,,3.9,7.8,,,,,,33.8,,,,,,,,,,,,,0.8,,,,,,,,,,,,,,,,
parana-pesquisas-2026-01-28-9,Paraná Pesquisas,2026-01-25,2026-01-28,2080,2.2,,Maio,39.8,33.1,3.7,1.5,2.8,,,6.5,,1.1,,,,,,,,,,,,,,,,,,,,,,,,,,,,,,,,,,
parana-pesquisas-2026-01-28-10,Paraná Pesquisas,2026-01-24,2026-01-28,2020,2.2,,Maio,36.9,,1.2,,3.9,,,3.9,7.8,,,,,,33.8,,,,,,,,,,,,,0.8,,,,,,,,,,,,,,,,
parana-pesquisas-2026-01-28-11,Paraná Pesquisas,2026-01-25,2026-01-28,2080,2.2,,Abril,44.8,42.2,,,,,,,,,,,,,,,,,,,,,,,,,,,,,,,,,,,,,,,,,,
parana-pesquisas-2026-01-28-12,Paraná Pesquisas,2026-01-24,2026-01-28,2020,2.2,,Abril,43.9,,,,,,,,,,,,,,41.9,,,,,,,,,,,,,,,,,,,,,,,,,,,,,
parana-pesquisas-2026-01-28-13,Paraná Pesquisas,2026-01-24,2026-01-28,2020,2.2,,Abril,45.4,,,,,,,,,,,,,,,,,,,38.7,,,,,,,,,,,,,,,,,,,,,,,,
parana-pesquisas-2026-01-28-14,Paraná Pesquisas,2026-01-25,2026-01-28,2080,2.2,,Abril,43.9,,,,,,,,,,42.5,,,,,,,,,,,,,,,,,,,,,,,,,,,,,,,,,
parana-pesquisas-2026-01-28-15,Paraná Pesquisas,2026-01-24,2026-01-28,2020,2.2,,Abril,45.8,,,,,,,,,,34.6,,,,,,,,,,,,,,,,,,,,,,,,,,,,,,,,,
parana-pesquisas-2026-01-28-16,Paraná Pesquisas,2026-01-25,2026-01-28,2080,2.2,,Abril,44.7,,,,,,,38.9,,,,,,,,,,,,,,,,,,,,,,,,,,,,,,,,,,,,
parana-pesquisas-2026-01-28-17,Paraná Pesquisas,2026-01-25,2026-01-28,2080,2.2,,Março,44.8,42.2,,,,,,,,,,,,,,,,,,,,,,,,,,,,,,,,,,,,,,,,,,
parana-pesquisas-2026-01-28-18,Paraná Pesquisas,2026-01-25,2026-01-28,2080,2.2,,Janeiro - Fevereiro,44.8,42.2,,,,,,,,,,,,,,,,,,,,,,,,,,,,,,,,,,,,,,,,,,
atlasintel-2026-01-31,AtlasIntel,2026-01-27,2026-01-31,3125,2,https://www.metropoles.com/colunas/grande-angular/gusttavo-lima-desiste-de-se-candidatar-a-presidente-da-republica-em-2026,Setembro,41.1,,5.9,,,,,,,,26.2,,,,,,,,0.9,,,,,,,4.1,5.6,,1.4,3.3,,,,,,,,,,,,,,
atlasintel-2026-01-31-2,AtlasIntel,2026-01-27,2026-01-31,3125,2,https://www.metropoles.com/colunas/grande-angular/gusttavo-lima-desiste-de-se-candidatar-a-presidente-da-republica-em-2026,Agosto,41.1,,5.9,,,,,,,,26.2,,,,,,,,0.9,,,,,,,4.1,5.6,,1.4,3.3,,,,,,,,,,,,,,
atlasintel-2026-01-31-3,AtlasIntel,2026-01-27,2026-01-31,3125,2,https://www.metropoles.com/colunas/grande-angular/gusttavo-lima-desiste-de-se-candidatar-a-presidente-da-republica-em-2026,Julho,41.1,,5.9,,,,,,,,26.2,,,,,,,,0.9,,,,,,,4.1,5.6,,1.4,3.3,,,,,,,,,,,,,,
atlasintel-2026-01-31-4,AtlasIntel,2026-01-27,2026-01-31,3125,2,https://www.metropoles.com/colunas/grande-angular/gusttavo-lima-desiste-de-se-candidatar-a-presidente-da-republica-em-2026,Junho,41.1,,5.9,,,,,,,,26.2,,,,,,,,0.9,,,,,,,4.1,5.6,,1.4,3.3,,,,,,,,,,,,,,
atlasintel-2026-01-31-5,AtlasIntel,2026-01-27,2026-01-31,3125,2,https://www.metropoles.com/colunas/grande-angular/gusttavo-lima-desiste-de-se-candidatar-a-presidente-da-republica-em-2026,Maio,41.1,,5.9,,,,,,,,26.2,,,,,,,,0.9,,,,,,,4.1,5.6,,1.4,3.3,,,,,,,,,,,,,,
atlasintel-2026-01-31-6,AtlasIntel,2026-01-27,2026-01-31,3125,2,https://www.metropoles.com/colunas/grande-angular/gusttavo-lima-desiste-de-se-candidatar-a-presidente-da-republica-em-2026,Abril,47.4,,36.5,,,,,,,,,,,,,,,,,,,,,,,,,,,,,,,,,,,,,,,,,
atlasintel-2026-01-31-7,AtlasIntel,2026-01-27,2026-01-31,3125,2,https://www.metropoles.com/colunas/grande-angular/gusttavo-lima-desiste-de-se-candidatar-a-presidente-da-republica-em-2026,Abril,47.6,,,,,,,,,,,,,,43.4,,,,,,,,,,,,,,,,,,,,,,,,,,,,,
atlasintel-2026-01-31-8,AtlasIntel,2026-01-27,2026-01-31,3125,2,https://www.metropoles.com/colunas/grande-angular/gusttavo-lima-desiste-de-se-candidatar-a-presidente-da-republica-em-2026,Abril,45.7,,,,,,,,,,44.7,,,,,,,,,,,,,,,,,,,,,,,,,,,,,,,,,
atlasintel-2026-01-31-9,AtlasIntel,2026-01-27,2026-01-31,3125,2,https://www.metropoles.com/colunas/grande-angular/gusttavo-lima-desiste-de-se-candidatar-a-presidente-da-republica-em-2026,Abril,49.6,,,,,,,,,,,,,,,,,,,,,36.4,,,,,,,,,,,,,,,,,,,,,,
atlasintel-2026-01-31-10,AtlasIntel,2026-01-27,2026-01-31,3125,2,https://www.metropoles.com/colunas/grande-angular/gusttavo-lima-desiste-de-se-candidatar-a-presidente-da-republica-em-2026,Abril,49.8,,,,,29.7,,,,,,,,,,,,,,,,,,,,,,,,,,,,,,,,,,,,,,
gerp-2026-02-02,Gerp,2026-01-28,2026-02-02,2000,2.24,,Setembro,39,35,2,0,2,,,5,4,0,,,,,,,,,,,,,,,,,,,,,,,,,,,,,,,,,,
gerp-2026-02-02-2,Gerp,2026-01-28,2026-02-02,2000,2.24,,Agosto,39,35,2,0,2,,,5,4,0,,,,,,,,,,,,,,,,,,,,,,,,,,,,,,,,,,
gerp-2026-02-02-3,Gerp,2026-01-28,2026-02-02,2000,2.24,,Julho,39,35,2,0,2,,,5,4,0,,,,,,,,,,,,,,,,,,,,,,,,,,,,,,,,,,
gerp-2026-02-02-4,Gerp,2026-01-28,2026-02-02,2000,2.24,,Junho,39,35,2,0,2,,,5,4,0,,,,,,,,,,,,,,,,,,,,,,,,,,,,,,,,,,
gerp-2026-02-02-5,Gerp,2026-01-28,2026-02-02,2000,2.24,,Maio,39,35,2,0,2,,,5,4,0,,,,,,,,,,,,,,,,,,,,,,,,,,,,,,,,,,
gerp-2026-02-02-6,Gerp,2026-01-28,2026-02-02,2000,2.24,,Abril,45,45,,,,,,,,,,,,,,,,,,,,,,,,,,,,,,,,,,,,,,,,,,
gerp-2026-02-02-7,Gerp,2026-01-28,2026-02-02,2000,2.24,,Abril,47,,,,36,,,,,,,,,,,,,,,,,,,,,,,,,,,,,,,,,,,,,,,
gerp-2026-02-02-8,Gerp,2026-01-28,2026-02-02,2000,2.24,,Abril,47,,34,,,,,,,,,,,,,,,,,,,,,,,,,,,,,,,,,,,,,,,,,
gerp-2026-02-02-9,Gerp,2026-01-28,2026-02-02,2000,2.24,,Abril,47,,,26,,,,,,,,,,,,,,,,,,,,,,,,,,,,,,,,,,,,,,,,
gerp-2026-02-02-10,Gerp,2026-01-28,2026-02-02,2000,2.24,,Abril,45,,,,,,,41,,,,,,,,,,,,,,,,,,,,,,,,,,,,,,,,,,,,
gerp-2026-02-02-11,Gerp,2026-01-28,2026-02-02,2000,2.24,,Abril,42,,,,,,,,36,,,,,,,,,,,,,,,,,,,,,,,,,,,,,,,,,,,
gerp-2026-02-02-12,Gerp,2026-01-28,2026-02-02,2000,2.24,,Abril,46,,,,,,,,,30,,,,,,,,,,,,,,,,,,,,,,,,,,,,,,,,,,
gerp-2026-02-02-13,Gerp,2026-01-28,2026-02-02,2000,2.24,,Março,45,45,,,,,,,,,,,,,,,,,,,,,,,,,,,,,,,,,,,,,,,,,,
gerp-2026-02-02-14,Gerp,2026-01-28,2026-02-02,2000,2.24,,Janeiro - Fevereiro,45,45,,,,,,,,,,,,,,,,,,,,,,,,,,,,,,,,,,,,,,,,,,
meio-ideia-2026-02-02,Meio/Ideia,2026-01-30,2026-02-02,1500,2.5,,Setembro,39.5,,6.1,0.7,6.5,,,,,0.5,,,,,,,,,,32,,,,,,,,,,,,,,,,,,,,,,,,
meio-ideia-2026-02-02-2,Meio/Ideia,2026-01-30,2026-02-02,1500,2.5,,Agosto,39.5,,6.1,0.7,6.5,,,,,0.5,,,,,,,,,,32,,,,,,,,,,,,,,,,,,,,,,,,
meio-ideia-2026-02-02-3,Meio/Ideia,2026-01-30,2026-02-02,1500,2.5,,Julho,39.5,,6.1,0.7,6.5,,,,,0.5,,,,,,,,,,32,,,,,,,,,,,,,,,,,,,,,,,,
meio-ideia-2026-02-02-4,Meio/Ideia,2026-01-30,2026-02-02,1500,2.5,,Junho,39.5,,6.1,0.7,6.5,,,,,0.5,,,,,,,,,,32,,,,,,,,,,,,,,,,,,,,,,,,
meio-ideia-2026-02-02-5,Meio/Ideia,2026-01-30,2026-02-02,1500,2.5,,Maio,39.5,,6.1,0.7,6.5,,,,,0.5,,,,,,,,,,32,,,,,,,,,,,,,,,,,,,,,,,,
meio-ideia-2026-02-02-6,Meio/Ideia,2026-01-30,2026-02-02,1500,2.5,,Abril,45.8,41.1,,,,,,,,,,,,,,,,,,,,,,,,,,,,,,,,,,,,,,,,,,
meio-ideia-2026-02-02-7,Meio/Ideia,2026-01-30,2026-02-02,1500,2.5,,Abril,45,,,,34.5,,,,,,,,,,,,,,,,,,,,,,,,,,,,,,,,,,,,,,,
meio-ideia-2026-02-02-8,Meio/Ideia,2026-01-30,2026-02-02,1500,2.5,,Abril,45,,34,,,,,,,,,,,,,,,,,,,,,,,,,,,,,,,,,,,,,,,,,
meio-ideia-2026-02-02-9,Meio/Ideia,2026-01-30,2026-02-02,1500,2.5,,Abril,45.5,,,26,,,,,,,,,,,,,,,,,,,,,,,,,,,,,,,,,,,,,,,,
meio-ideia-2026-02-02-10,Meio/Ideia,2026-01-30,2026-02-02,1500,2.5,,Abril,45,,,,,,,,,,,,,,,,,,,40.7,,,,,,,,,,,,,,,,,,,,,,,,
meio-ideia-2026-02-02-11,Meio/Ideia,2026-01-30,2026-02-02,1500,2.5,,Abril,44.7,,,,,,,,,,42.2,,,,,,,,,,,,,,,,,,,,,,,,,,,,,,,,,
meio-ideia-2026-02-02-12,Meio/Ideia,2026-01-30,2026-02-02,1500,2.5,,Abril,45,,,,,,,38,,,,,,,,,,,,,,,,,,,,,,,,,,,,,,,,,,,,
meio-ideia-2026-02-02-13,Meio/Ideia,2026-01-30,2026-02-02,1500,2.5,,Abril,45.4,,,,,,,,,,,,,,,,,,21,,,,,,,,,,,,,,,,,,,,,,,,,
meio-ideia-2026-02-02-14,Meio/Ideia,2026-01-30,2026-02-02,1500,2.5,,Abril,45,,,,,,,,,20,,,,,,,,,,,,,,,,,,,,,,,,,,,,,,,,,,
meio-ideia-2026-02-02-15,Meio/Ideia,2026-01-30,2026-02-02,1500,2.5,,Abril,,40,,,,,,,,,,,,,,,,,,,41.8,,,,,,,,,,,,,,,,,,,,,,,
meio-ideia-2026-02-02-16,Meio/Ideia,2026-01-30,2026-02-02,1500,2.5,,Abril,,,,,,,,,,,44.5,,,,,,,,,,40.5,,,,,,,,,,,,,,,,,,,,,,,
meio-ideia-2026-02-02-17,Meio/Ideia,2026-01-30,2026-02-02,1500,2.5,,Março,45.8,41.1,,,,,,,,,,,,,,,,,,,,,,,,,,,,,,,,,,,,,,,,,,
meio-ideia-2026-02-02-18,Meio/Ideia,2026-01-30,2026-02-02,1500,2.5,,Janeiro - Fevereiro,45.8,41.1,,,,,,,,,,,,,,,,,,,,,,,,,,,,,,,,,,,,,,,,,,
apex-futura-2026-02-07,Apex/Futura,2026-02-03,2026-02-07,2000,2.2,,Setembro,36.7,34.2,,3.2,4,,,,,1.8,9.8,,,,,,,,,,,,,,,,,,,,,,,,,,,,,,,,,
apex-futura-2026-02-07-2,Apex/Futura,2026-02-03,2026-02-07,2000,2.2,,Agosto,36.7,34.2,,3.2,4,,,,,1.8,9.8,,,,,,,,,,,,,,,,,,,,,,,,,,,,,,,,,
apex-futura-2026-02-07-3,Apex/Futura,2026-02-03,2026-02-07,2000,2.2,,Julho,36.7,34.2,,3.2,4,,,,,1.8,9.8,,,,,,,,,,,,,,,,,,,,,,,,,,,,,,,,,
apex-futura-2026-02-07-4,Apex/Futura,2026-02-03,2026-02-07,2000,2.2,,Junho,36.7,34.2,,3.2,4,,,,,1.8,9.8,,,,,,,,,,,,,,,,,,,,,,,,,,,,,,,,,
apex-futura-2026-02-07-5,Apex/Futura,2026-02-03,2026-02-07,2000,2.2,,Maio,36.7,34.2,,3.2,4,,,,,1.8,9.8,,,,,,,,,,,,,,,,,,,,,,,,,,,,,,,,,
apex-futura-2026-02-07-6,Apex/Futura,2026-02-03,2026-02-07,2000,2.2,,Abril,42.4,48.2,,,,,,,,,,,,,,,,,,,,,,,,,,,,,,,,,,,,,,,,,,
apex-futura-2026-02-07-7,Apex/Futura,2026-02-03,2026-02-07,2000,2.2,,Abril,43.3,,,,42.4,,,,,,,,,,,,,,,,,,,,,,,,,,,,,,,,,,,,,,,
apex-futura-2026-02-07-8,Apex/Futura,2026-02-03,2026-02-07,2000,2.2,,Abril,43.1,,42.3,,,,,,,,,,,,,,,,,,,,,,,,,,,,,,,,,,,,,,,,,
apex-futura-2026-02-07-9,Apex/Futura,2026-02-03,2026-02-07,2000,2.2,,Abril,41.4,,,,,,,,,,47.4,,,,,,,,,,,,,,,,,,,,,,,,,,,,,,,,,
apex-futura-2026-02-07-10,Apex/Futura,2026-02-03,2026-02-07,2000,2.2,,Abril,42.1,,,,,,,45.2,,,,,,,,,,,,,,,,,,,,,,,,,,,,,,,,,,,,
apex-futura-2026-02-07-11,Apex/Futura,2026-02-03,2026-02-07,2000,2.2,,Abril,42.7,,,,,,,,,,,,,,,,,,38.5,,,,,,,,,,,,,,,,,,,,,,,,,
apex-futura-2026-02-07-12,Apex/Futura,2026-02-03,2026-02-07,2000,2.2,,Abril,,40.1,,,,,,,,,35,,,,,,,,,,,,,,,,,,,,,,,,,,,,,,,,,
apex-futura-2026-02-07-13,Apex/Futura,2026-02-03,2026-02-07,2000,2.2,,Março,42.4,48.2,,,,,,,,,,,,,,,,,,,,,,,,,,,,,,,,,,,,,,,,,,
apex-futura-2026-02-07-14,Apex/Futura,2026-02-03,2026-02-07,2000,2.2,,Janeiro - Fevereiro,42.4,48.2,,,,,,,,,,,,,,,,,,,,,,,,,,,,,,,,,,,,,,,,,,
real-time-big-data-2026-02-07,Real Time Big Data,2026-02-06,2026-02-07,2000,2,,Setembro,40,32,6,1,4,,,,,2,,,,,,,,,,,,,,,,,,,,,,,,,,,,,,,,,,
real-time-big-data-2026-02-07-2,Real Time Big Data,2026-02-06,2026-02-07,2000,2,,Agosto,40,32,6,1,4,,,,,2,,,,,,,,,,,,,,,,,,,,,,,,,,,,,,,,,,
real-time-big-data-2026-02-07-3,Real Time Big Data,2026-02-06,2026-02-07,2000,2,,Julho,40,32,6,1,4,,,,,2,,,,,,,,,,,,,,,,,,,,,,,,,,,,,,,,,,
real-time-big-data-2026-02-07-4,Real Time Big Data,2026-02-06,2026-02-07,2000,2,,Junho,40,32,6,1,4,,,,,2,,,,,,,,,,,,,,,,,,,,,,,,,,,,,,,,,,
real-time-big-data-2026-02-07-5,Real Time Big Data,2026-02-06,2026-02-07,2000,2,,Maio,40,32,6,1,4,,,,,2,,,,,,,,,,,,,,,,,,,,,,,,,,,,,,,,,,
genial-quaest-2026-02-09,Genial/Quaest,2026-02-05,2026-02-09,2004,2,,Setembro,38,31,,2,4,,,,,1,,,,,,,,,3,,,,,,,,,,,,,,,,,,,,,,,,,
genial-quaest-2026-02-09-2,Genial/Quaest,2026-02-05,2026-02-09,2004,2,,Agosto,38,31,,2,4,,,,,1,,,,,,,,,3,,,,,,,,,,,,,,,,,,,,,,,,,
genial-quaest-2026-02-09-3,Genial/Quaest,2026-02-05,2026-02-09,2004,2,,Julho,38,31,,2,4,,,,,1,,,,,,,,,3,,,,,,,,,,,,,,,,,,,,,,,,,
genial-quaest-2026-02-09-4,Genial/Quaest,2026-02-05,2026-02-09,2004,2,,Junho,38,31,,2,4,,,,,1,,,,,,,,,3,,,,,,,,,,,,,,,,,,,,,,,,,
genial-quaest-2026-02-09-5,Genial/Quaest,2026-02-05,2026-02-09,2004,2,,Maio,38,31,,2,4,,,,,1,,,,,,,,,3,,,,,,,,,,,,,,,,,,,,,,,,,
genial-quaest-2026-02-09-6,Genial/Quaest,2026-02-05,2026-02-09,2004,2,,Abril,43,38,,,,,,,,,,,,,,,,,,,,,,,,,,,,,,,,,,,,,,,,,,
genial-quaest-2026-02-09-7,Genial/Quaest,2026-02-05,2026-02-09,2004,2,,Abril,43,,,,32,,,,,,,,,,,,,,,,,,,,,,,,,,,,,,,,,,,,,,,
genial-quaest-2026-02-09-8,Genial/Quaest,2026-02-05,2026-02-09,2004,2,,Abril,42,,32,,,,,,,,,,,,,,,,,,,,,,,,,,,,,,,,,,,,,,,,,
genial-quaest-2026-02-09-9,Genial/Quaest,2026-02-05,2026-02-09,2004,2,,Abril,44,,,25,,,,,,,,,,,,,,,,,,,,,,,,,,,,,,,,,,,,,,,,
genial-quaest-2026-02-09-10,Genial/Quaest,2026-02-05,2026-02-09,2004,2,,Abril,43,,,,,,,35,,,,,,,,,,,,,,,,,,,,,,,,,,,,,,,,,,,,
genial-quaest-2026-02-09-11,Genial/Quaest,2026-02-05,2026-02-09,2004,2,,Abril,42,,,,,,,,,,,,,,,,,,28,,,,,,,,,,,,,,,,,,,,,,,,,
genial-quaest-2026-02-09-12,Genial/Quaest,2026-02-05,2026-02-09,2004,2,,Abril,44,,,,,,,,,25,,,,,,,,,,,,,,,,,,,,,,,,,,,,,,,,,,
genial-quaest-2026-02-09-13,Genial/Quaest,2026-02-05,2026-02-09,2004,2,,Março,43,38,,,,,,,,,,,,,,,,,,,,,,,,,,,,,,,,,,,,,,,,,,
genial-quaest-2026-02-09-14,Genial/Quaest,2026-02-05,2026-02-09,2004,2,,Janeiro - Fevereiro,43,38,,,,,,,,,,,,,,,,,,,,,,,,,,,,,,,,,,,,,,,,,,
parana-pesquisas-2026-02-16,Paraná Pesquisas,2026-02-13,2026-02-16,2010,2.2,,Setembro,33.8,,2.7,,,,,,7.7,,,,,,36,,,,2.7,,,,,,,,5.1,1.1,,,,,,,,,,,,,,,,
parana-pesquisas-2026-02-16-2,Paraná Pesquisas,2026-02-13,2026-02-16,2010,2.2,,Agosto,33.8,,2.7,,,,,,7.7,,,,,,36,,,,2.7,,,,,,,,5.1,1.1,,,,,,,,,,,,,,,,
parana-pesquisas-2026-02-16-3,Paraná Pesquisas,2026-02-13,2026-02-16,2010,2.2,,Julho,33.8,,2.7,,,,,,7.7,,,,,,36,,,,2.7,,,,,,,,5.1,1.1,,,,,,,,,,,,,,,,
parana-pesquisas-2026-02-16-4,Paraná Pesquisas,2026-02-13,2026-02-16,2010,2.2,,Junho,33.8,,2.7,,,,,,7.7,,,,,,36,,,,2.7,,,,,,,,5.1,1.1,,,,,,,,,,,,,,,,
parana-pesquisas-2026-02-16-5,Paraná Pesquisas,2026-02-13,2026-02-16,2010,2.2,,Maio,33.8,,2.7,,,,,,7.7,,,,,,36,,,,2.7,,,,,,,,5.1,1.1,,,,,,,,,,,,,,,,
parana-pesquisas-2026-02-16-6,Paraná Pesquisas,2026-02-13,2026-02-16,2010,2.2,,Abril,40.2,,,,,,,,,,,,,,45.1,,,,,,,,,,,,,,,,,,,,,,,,,,,,,
parana-pesquisas-2026-02-16-7,Paraná Pesquisas,2026-02-13,2026-02-16,2010,2.2,,Abril,40.5,,,,,,,,,,,,,,,,,,,42.9,,,,,,,,,,,,,,,,,,,,,,,,
parana-pesquisas-2026-02-16-8,Paraná Pesquisas,2026-02-13,2026-02-16,2010,2.2,,Abril,41.1,,,,,,,,,,40.8,,,,,,,,,,,,,,,,,,,,,,,,,,,,,,,,,
cnt-mda-2026-02-23,CNT/MDA,2026-02-19,2026-02-23,2002,2.2,,Setembro,30.3,,3.5,,2.7,6.7,,,9.8,,,,,,30.1,,,,,,,,,,,,,,,,,,,,,,,,,,,,,
cnt-mda-2026-02-23-2,CNT/MDA,2026-02-19,2026-02-23,2002,2.2,,Agosto,30.3,,3.5,,2.7,6.7,,,9.8,,,,,,30.1,,,,,,,,,,,,,,,,,,,,,,,,,,,,,
cnt-mda-2026-02-23-3,CNT/MDA,2026-02-19,2026-02-23,2002,2.2,,Julho,30.3,,3.5,,2.7,6.7,,,9.8,,,,,,30.1,,,,,,,,,,,,,,,,,,,,,,,,,,,,,
cnt-mda-2026-02-23-4,CNT/MDA,2026-02-19,2026-02-23,2002,2.2,,Junho,30.3,,3.5,,2.7,6.7,,,9.8,,,,,,30.1,,,,,,,,,,,,,,,,,,,,,,,,,,,,,
cnt-mda-2026-02-23-5,CNT/MDA,2026-02-19,2026-02-23,2002,2.2,,Maio,30.3,,3.5,,2.7,6.7,,,9.8,,,,,,30.1,,,,,,,,,,,,,,,,,,,,,,,,,,,,,
cnt-mda-2026-02-23-6,CNT/MDA,2026-02-19,2026-02-23,2002,2.2,,Abril,41.6,,,,,,,,,,,,,,43.4,,,,,,,,,,,,,,,,,,,,,,,,,,,,,
cnt-mda-2026-02-23-7,CNT/MDA,2026-02-19,2026-02-23,2002,2.2,,Abril,41.2,,,,,,,,,,40.7,,,,,,,,,,,,,,,,,,,,,,,,,,,,,,,,,
cnt-mda-2026-02-23-8,CNT/MDA,2026-02-19,2026-02-23,2002,2.2,,Abril,,,,,,,,,,,,,,,41.3,,,,,,39.4,,,,,,,,,,,,,,,,,,,,,,,
cnt-mda-2026-02-23-9,CNT/MDA,2026-02-19,2026-02-23,2002,2.2,,Abril,,,,,,,,,,,38.3,,,,,,,,,,37.3,,,,,,,,,,,,,,,,,,,,,,,
atlasintel-2026-02-24,AtlasIntel,2026-02-19,2026-02-24,4986,1,,Setembro,47.1,33.1,4.1,3.3,1.5,,,,,1.4,7.4,,,,,,,,,,,,,,,,,,,,,,,,,,,,,,,,,
atlasintel-2026-02-24-2,AtlasIntel,2026-02-19,2026-02-24,4986,1,,Agosto,47.1,33.1,4.1,3.3,1.5,,,,,1.4,7.4,,,,,,,,,,,,,,,,,,,,,,,,,,,,,,,,,
atlasintel-2026-02-24-3,AtlasIntel,2026-02-19,2026-02-24,4986,1,,Julho,47.1,33.1,4.1,3.3,1.5,,,,,1.4,7.4,,,,,,,,,,,,,,,,,,,,,,,,,,,,,,,,,
atlasintel-2026-02-24-4,AtlasIntel,2026-02-19,2026-02-24,4986,1,,Junho,47.1,33.1,4.1,3.3,1.5,,,,,1.4,7.4,,,,,,,,,,,,,,,,,,,,,,,,,,,,,,,,,
atlasintel-2026-02-24-5,AtlasIntel,2026-02-19,2026-02-24,4986,1,,Maio,47.1,33.1,4.1,3.3,1.5,,,,,1.4,7.4,,,,,,,,,,,,,,,,,,,,,,,,,,,,,,,,,
atlasintel-2026-02-24-6,AtlasIntel,2026-02-19,2026-02-24,4986,1,,Abril,46.2,46.3,,,,,,,,,,,,,,,,,,,,,,,,,,,,,,,,,,,,,,,,,,
atlasintel-2026-02-24-7,AtlasIntel,2026-02-19,2026-02-24,4986,1,,Abril,46,,,,41.7,,,,,,,,,,,,,,,,,,,,,,,,,,,,,,,,,,,,,,,
atlasintel-2026-02-24-8,AtlasIntel,2026-02-19,2026-02-24,4986,1,,Abril,45.7,,37.6,,,,,,,,,,,,,,,,,,,,,,,,,,,,,,,,,,,,,,,,,
atlasintel-2026-02-24-9,AtlasIntel,2026-02-19,2026-02-24,4986,1,,Abril,47.3,,,,,,,,,,,,,,45.4,,,,,,,,,,,,,,,,,,,,,,,,,,,,,
atlasintel-2026-02-24-10,AtlasIntel,2026-02-19,2026-02-24,4986,1,,Abril,47.5,,,,,,,,,,,,,,,,,,,44.7,,,,,,,,,,,,,,,,,,,,,,,,
atlasintel-2026-02-24-11,AtlasIntel,2026-02-19,2026-02-24,4986,1,,Abril,45.9,,,,,,,,,,47.1,,,,,,,,,,,,,,,,,,,,,,,,,,,,,,,,,
atlasintel-2026-02-24-12,AtlasIntel,2026-02-19,2026-02-24,4986,1,,Abril,45.5,,,,,,,39,,,,,,,,,,,,,,,,,,,,,,,,,,,,,,,,,,,,
atlasintel-2026-02-24-13,AtlasIntel,2026-02-19,2026-02-24,4986,1,,Abril,45.2,,,,,,,,,,,,,,,,,,24.5,,,,,,,,,,,,,,,,,,,,,,,,,
atlasintel-2026-02-24-14,AtlasIntel,2026-02-19,2026-02-24,4986,1,,Março,46.2,46.3,,,,,,,,,,,,,,,,,,,,,,,,,,,,,,,,,,,,,,,,,,
atlasintel-2026-02-24-15,AtlasIntel,2026-02-19,2026-02-24,4986,1,,Janeiro - Fevereiro,46.2,46.3,,,,,,,,,,,,,,,,,,,,,,,,,,,,,,,,,,,,,,,,,,
parana-pesquisas-2026-02-25,Paraná Pesquisas,2026-02-22,2026-02-25,2080,2.2,,Setembro,40.5,36.6,3.7,1.5,4.3,,,,,0.4,,,,,,,,,,,,,,,,,,,,,,,,,,,,,,,,,,
parana-pesquisas-2026-02-25-2,Paraná Pesquisas,2026-02-22,2026-02-25,2080,2.2,,Agosto,40.5,36.6,3.7,1.5,4.3,,,,,0.4,,,,,,,,,,,,,,,,,,,,,,,,,,,,,,,,,,
parana-pesquisas-2026-02-25-3,Paraná Pesquisas,2026-02-22,2026-02-25,2080,2.2,,Julho,40.5,36.6,3.7,1.5,4.3,,,,,0.4,,,,,,,,,,,,,,,,,,,,,,,,,,,,,,,,,,
parana-pesquisas-2026-02-25-4,Paraná Pesquisas,2026-02-22,2026-02-25,2080,2.2,,Junho,40.5,36.6,3.7,1.5,4.3,,,,,0.4,,,,,,,,,,,,,,,,,,,,,,,,,,,,,,,,,,
parana-pesquisas-2026-02-25-5,Paraná Pesquisas,2026-02-22,2026-02-25,2080,2.2,,Maio,40.5,36.6,3.7,1.5,4.3,,,,,0.4,,,,,,,,,,,,,,,,,,,,,,,,,,,,,,,,,,
parana-pesquisas-2026-02-25-6,Paraná Pesquisas,2026-02-22,2026-02-25,2080,2.2,,Abril,43.8,44.4,,,,,,,,,,,,,,,,,,,,,,,,,,,,,,,,,,,,,,,,,,
parana-pesquisas-2026-02-25-7,Paraná Pesquisas,2026-02-22,2026-02-25,2080,2.2,,Abril,45.3,,36.2,,,,,,,,,,,,,,,,,,,,,,,,,,,,,,,,,,,,,,,,,
parana-pesquisas-2026-02-25-8,Paraná Pesquisas,2026-02-22,2026-02-25,2080,2.2,,Abril,43.6,,,,,,,39.7,,,,,,,,,,,,,,,,,,,,,,,,,,,,,,,,,,,,
parana-pesquisas-2026-02-25-9,Paraná Pesquisas,2026-02-22,2026-02-25,2080,2.2,,Março,43.8,44.4,,,,,,,,,,,,,,,,,,,,,,,,,,,,,,,,,,,,,,,,,,
parana-pesquisas-2026-02-25-10,Paraná Pesquisas,2026-02-22,2026-02-25,2080,2.2,,Janeiro - Fevereiro,43.8,44.4,,,,,,,,,,,,,,,,,,,,,,,,,,,,,,,,,,,,,,,,,,
atlasintel-2026-02-27,AtlasIntel,2026-02-24,2026-02-27,5710,1,https://www.cartacapital.com.br/politica/atlasintel-lula-lidera-para-2026-mas-tarcisio-desponta-como-rival-competitivo/,Setembro,41.5,,6.4,,10,3.2,,,,,,,,,,,,,1.9,,,23.8,,,,3.4,4.1,,1.3,,,,,,,,,,,,,,,
atlasintel-2026-02-27-2,AtlasIntel,2026-02-24,2026-02-27,5710,1,https://www.cartacapital.com.br/politica/atlasintel-lula-lidera-para-2026-mas-tarcisio-desponta-como-rival-competitivo/,Agosto,41.5,,6.4,,10,3.2,,,,,,,,,,,,,1.9,,,23.8,,,,3.4,4.1,,1.3,,,,,,,,,,,,,,,
atlasintel-2026-02-27-3,AtlasIntel,2026-02-24,2026-02-27,5710,1,https://www.cartacapital.com.br/politica/atlasintel-lula-lidera-para-2026-mas-tarcisio-desponta-como-rival-competitivo/,Julho,41.5,,6.4,,10,3.2,,,,,,,,,,,,,1.9,,,23.8,,,,3.4,4.1,,1.3,,,,,,,,,,,,,,,
atlasintel-2026-02-27-4,AtlasIntel,2026-02-24,2026-02-27,5710,1,https://www.cartacapital.com.br/politica/atlasintel-lula-lidera-para-2026-mas-tarcisio-desponta-como-rival-competitivo/,Junho,41.5,,6.4,,10,3.2,,,,,,,,,,,,,1.9,,,23.8,,,,3.4,4.1,,1.3,,,,,,,,,,,,,,,
atlasintel-2026-02-27-5,AtlasIntel,2026-02-24,2026-02-27,5710,1,https://www.cartacapital.com.br/politica/atlasintel-lula-lidera-para-2026-mas-tarcisio-desponta-como-rival-competitivo/,Maio,41.5,,6.4,,10,3.2,,,,,,,,,,,,,1.9,,,23.8,,,,3.4,4.1,,1.3,,,,,,,,,,,,,,,
atlasintel-2026-02-27-6,AtlasIntel,2026-02-24,2026-02-27,5710,1,https://www.cartacapital.com.br/politica/atlasintel-lula-lidera-para-2026-mas-tarcisio-desponta-como-rival-competitivo/,Abril,47,,,,43,,,,,,,,,,,,,,,,,,,,,,,,,,,,,,,,,,,,,,,
atlasintel-2026-02-27-7,AtlasIntel,2026-02-24,2026-02-27,5710,1,https://www.cartacapital.com.br/politica/atlasintel-lula-lidera-para-2026-mas-tarcisio-desponta-como-rival-competitivo/,Abril,47,,39,,,,,,,,,,,,,,,,,,,,,,,,,,,,,,,,,,,,,,,,,
atlasintel-2026-02-27-8,AtlasIntel,2026-02-24,2026-02-27,5710,1,https://www.cartacapital.com.br/politica/atlasintel-lula-lidera-para-2026-mas-tarcisio-desponta-como-rival-competitivo/,Abril,48,,,,,,,,,,,,,,49,,,,,,,,,,,,,,,,,,,,,,,,,,,,,
atlasintel-2026-02-27-9,AtlasIntel,2026-02-24,2026-02-27,5710,1,https://www.cartacapital.com.br/politica/atlasintel-lula-lidera-para-2026-mas-tarcisio-desponta-como-rival-competitivo/,Abril,47,,,,,,,,,,49,,,,,,,,,,,,,,,,,,,,,,,,,,,,,,,,,
atlasintel-2026-02-27-10,AtlasIntel,2026-02-24,2026-02-27,5710,1,https://www.cartacapital.com.br/politica/atlasintel-lula-lidera-para-2026-mas-tarcisio-desponta-como-rival-competitivo/,Abril,48,,,,,,,,,,,,,,,,,,,,,44,,,,,,,,,,,,,,,,,,,,,,
atlasintel-2026-02-27-11,AtlasIntel,2026-02-24,2026-02-27,5710,1,https://www.cartacapital.com.br/politica/atlasintel-lula-lidera-para-2026-mas-tarcisio-desponta-como-rival-competitivo/,Abril,45,,,,,,,,,,,,,,,,,,27,,,,,,,,,,,,,,,,,,,,,,,,,
atlasintel-2026-02-27-12,AtlasIntel,2026-02-24,2026-02-27,5710,1,https://www.cartacapital.com.br/politica/atlasintel-lula-lidera-para-2026-mas-tarcisio-desponta-como-rival-competitivo/,Abril,48,,,,,38,,,,,,,,,,,,,,,,,,,,,,,,,,,,,,,,,,,,,,
atlasintel-2026-02-27-13,AtlasIntel,2026-02-24,2026-02-27,5710,1,https://www.cartacapital.com.br/politica/atlasintel-lula-lidera-para-2026-mas-tarcisio-desponta-como-rival-competitivo/,Abril,48,,,,,,,,,,,,,,,,,,,,,,,,,,38,,,,,,,,,,,,,,,,,
gerp-2026-02-27,Gerp,2026-02-24,2026-02-27,2000,2.24,,Setembro,25,,3,,2,2,,5,5,,,,,,41,,,,,,,,,,,,5,,,,,,,,,,,,,,,,,
gerp-2026-02-27-2,Gerp,2026-02-24,2026-02-27,2000,2.24,,Agosto,25,,3,,2,2,,5,5,,,,,,41,,,,,,,,,,,,5,,,,,,,,,,,,,,,,,
gerp-2026-02-27-3,Gerp,2026-02-24,2026-02-27,2000,2.24,,Julho,25,,3,,2,2,,5,5,,,,,,41,,,,,,,,,,,,5,,,,,,,,,,,,,,,,,
gerp-2026-02-27-4,Gerp,2026-02-24,2026-02-27,2000,2.24,,Junho,25,,3,,2,2,,5,5,,,,,,41,,,,,,,,,,,,5,,,,,,,,,,,,,,,,,
gerp-2026-02-27-5,Gerp,2026-02-24,2026-02-27,2000,2.24,,Maio,25,,3,,2,2,,5,5,,,,,,41,,,,,,,,,,,,5,,,,,,,,,,,,,,,,,
real-time-big-data-2026-03-02,Real Time Big Data,2026-02-28,2026-03-02,2000,2,,Setembro,40,33,5,2,3,,,,,2,,,,,,,,,,,,,,,,,,,,,,,,,,,,,,,,,,
real-time-big-data-2026-03-02-2,Real Time Big Data,2026-02-28,2026-03-02,2000,2,,Agosto,40,33,5,2,3,,,,,2,,,,,,,,,,,,,,,,,,,,,,,,,,,,,,,,,,
real-time-big-data-2026-03-02-3,Real Time Big Data,2026-02-28,2026-03-02,2000,2,,Julho,40,33,5,2,3,,,,,2,,,,,,,,,,,,,,,,,,,,,,,,,,,,,,,,,,
real-time-big-data-2026-03-02-4,Real Time Big Data,2026-02-28,2026-03-02,2000,2,,Junho,40,33,5,2,3,,,,,2,,,,,,,,,,,,,,,,,,,,,,,,,,,,,,,,,,
real-time-big-data-2026-03-02-5,Real Time Big Data,2026-02-28,2026-03-02,2000,2,,Maio,40,33,5,2,3,,,,,2,,,,,,,,,,,,,,,,,,,,,,,,,,,,,,,,,,
real-time-big-data-2026-03-02-6,Real Time Big Data,2026-02-28,2026-03-02,2000,2,,Abril,42,41,,,,,,,,,,,,,,,,,,,,,,,,,,,,,,,,,,,,,,,,,,
real-time-big-data-2026-03-02-7,Real Time Big Data,2026-02-28,2026-03-02,2000,2,,Abril,44,,,,35,,,,,,,,,,,,,,,,,,,,,,,,,,,,,,,,,,,,,,,
real-time-big-data-2026-03-02-8,Real Time Big Data,2026-02-28,2026-03-02,2000,2,,Abril,45,,36,,,,,,,,,,,,,,,,,,,,,,,,,,,,,,,,,,,,,,,,,
real-time-big-data-2026-03-02-9,Real Time Big Data,2026-02-28,2026-03-02,2000,2,,Abril,51,,,18,,,,,,,,,,,,,,,,,,,,,,,,,,,,,,,,,,,,,,,,
real-time-big-data-2026-03-02-10,Real Time Big Data,2026-02-28,2026-03-02,2000,2,,Abril,43,,,,,,,39,,,,,,,,,,,,,,,,,,,,,,,,,,,,,,,,,,,,
real-time-big-data-2026-03-02-11,Real Time Big Data,2026-02-28,2026-03-02,2000,2,,Abril,46,,,,,,,,,,,,,,,,,,35,,,,,,,,,,,,,,,,,,,,,,,,,
real-time-big-data-2026-03-02-12,Real Time Big Data,2026-02-28,2026-03-02,2000,2,,Abril,51,,,,,,,,,19,,,,,,,,,,,,,,,,,,,,,,,,,,,,,,,,,,
real-time-big-data-2026-03-02-13,Real Time Big Data,2026-02-28,2026-03-02,2000,2,,Março,42,41,,,,,,,,,,,,,,,,,,,,,,,,,,,,,,,,,,,,,,,,,,
real-time-big-data-2026-03-02-14,Real Time Big Data,2026-02-28,2026-03-02,2000,2,,Janeiro - Fevereiro,42,41,,,,,,,,,,,,,,,,,,,,,,,,,,,,,,,,,,,,,,,,,,
vetor-arrow-2026-03-02,Vetor/Arrow,2026-02-27,2026-03-02,9000,1.3,,Setembro,36.3,44,,1.8,2.3,,,4.1,,1.4,,,,,,,,,,,,,,,,,,,,,,,,,,,,,,,,,,
vetor-arrow-2026-03-02-2,Vetor/Arrow,2026-02-27,2026-03-02,9000,1.3,,Agosto,36.3,44,,1.8,2.3,,,4.1,,1.4,,,,,,,,,,,,,,,,,,,,,,,,,,,,,,,,,,
vetor-arrow-2026-03-02-3,Vetor/Arrow,2026-02-27,2026-03-02,9000,1.3,,Julho,36.3,44,,1.8,2.3,,,4.1,,1.4,,,,,,,,,,,,,,,,,,,,,,,,,,,,,,,,,,
vetor-arrow-2026-03-02-4,Vetor/Arrow,2026-02-27,2026-03-02,9000,1.3,,Junho,36.3,44,,1.8,2.3,,,4.1,,1.4,,,,,,,,,,,,,,,,,,,,,,,,,,,,,,,,,,
vetor-arrow-2026-03-02-5,Vetor/Arrow,2026-02-27,2026-03-02,9000,1.3,,Maio,36.3,44,,1.8,2.3,,,4.1,,1.4,,,,,,,,,,,,,,,,,,,,,,,,,,,,,,,,,,
vetor-arrow-2026-03-02-6,Vetor/Arrow,2026-02-27,2026-03-02,9000,1.3,,Abril,40.4,49,,,,,,,,,,,,,,,,,,,,,,,,,,,,,,,,,,,,,,,,,,
vetor-arrow-2026-03-02-7,Vetor/Arrow,2026-02-27,2026-03-02,9000,1.3,,Março,40.4,49,,,,,,,,,,,,,,,,,,,,,,,,,,,,,,,,,,,,,,,,,,
vetor-arrow-2026-03-02-8,Vetor/Arrow,2026-02-27,2026-03-02,9000,1.3,,Janeiro - Fevereiro,40.4,49,,,,,,,,,,,,,,,,,,,,,,,,,,,,,,,,,,,,,,,,,,
datafolha-2026-03-05,Datafolha,2026-03-03,2026-03-05,2004,2,,Setembro,,33,,4,5,,,11,,2,,,,,,,,,,,21,,,,,,,,,,,,,,,,,,,,,,,
datafolha-2026-03-05-2,Datafolha,2026-03-03,2026-03-05,2004,2,,Agosto,,33,,4,5,,,11,,2,,,,,,,,,,,21,,,,,,,,,,,,,,,,,,,,,,,
datafolha-2026-03-05-3,Datafolha,2026-03-03,2026-03-05,2004,2,,Julho,,33,,4,5,,,11,,2,,,,,,,,,,,21,,,,,,,,,,,,,,,,,,,,,,,
datafolha-2026-03-05-4,Datafolha,2026-03-03,2026-03-05,2004,2,,Junho,,33,,4,5,,,11,,2,,,,,,,,,,,21,,,,,,,,,,,,,,,,,,,,,,,
datafolha-2026-03-05-5,Datafolha,2026-03-03,2026-03-05,2004,2,,Maio,,33,,4,5,,,11,,2,,,,,,,,,,,21,,,,,,,,,,,,,,,,,,,,,,,
datafolha-2026-03-05-6,Datafolha,2026-03-03,2026-03-05,2004,2,,Abril,46,43,,,,,,,,,,,,,,,,,,,,,,,,,,,,,,,,,,,,,,,,,,
datafolha-2026-03-05-7,Datafolha,2026-03-03,2026-03-05,2004,2,,Abril,46,,36,,,,,,,,,,,,,,,,,,,,,,,,,,,,,,,,,,,,,,,,,
datafolha-2026-03-05-8,Datafolha,2026-03-03,2026-03-05,2004,2,,Abril,45,,,,,,,,,,42,,,,,,,,,,,,,,,,,,,,,,,,,,,,,,,,,
datafolha-2026-03-05-9,Datafolha,2026-03-03,2026-03-05,2004,2,,Abril,45,,,,,,,41,,,,,,,,,,,,,,,,,,,,,,,,,,,,,,,,,,,,
datafolha-2026-03-05-10,Datafolha,2026-03-03,2026-03-05,2004,2,,Abril,46,,,,,,,,,,,,,,,,,,34,,,,,,,,,,,,,,,,,,,,,,,,,
datafolha-2026-03-05-11,Datafolha,2026-03-03,2026-03-05,2004,2,,Abril,,43,,,,,,,,,,,,,,,,,,,41,,,,,,,,,,,,,,,,,,,,,,,
datafolha-2026-03-05-12,Datafolha,2026-03-03,2026-03-05,2004,2,,Abril,,,,,,,,40,,,,,,,,,,,,,40,,,,,,,,,,,,,,,,,,,,,,,
datafolha-2026-03-05-13,Datafolha,2026-03-03,2026-03-05,2004,2,,Março,46,43,,,,,,,,,,,,,,,,,,,,,,,,,,,,,,,,,,,,,,,,,,
datafolha-2026-03-05-14,Datafolha,2026-03-03,2026-03-05,2004,2,,Janeiro - Fevereiro,46,43,,,,,,,,,,,,,,,,,,,,,,,,,,,,,,,,,,,,,,,,,,
apex-futura-2026-03-06,Apex/Futura,2026-03-02,2026-03-06,2000,2.2,,Setembro,,38.1,,2.7,4.2,,,12.6,,1.8,,,,,,,,,,,21.2,,,,,,,,,,,,,,,,,,,,,,,
apex-futura-2026-03-06-2,Apex/Futura,2026-03-02,2026-03-06,2000,2.2,,Agosto,,38.1,,2.7,4.2,,,12.6,,1.8,,,,,,,,,,,21.2,,,,,,,,,,,,,,,,,,,,,,,
apex-futura-2026-03-06-3,Apex/Futura,2026-03-02,2026-03-06,2000,2.2,,Julho,,38.1,,2.7,4.2,,,12.6,,1.8,,,,,,,,,,,21.2,,,,,,,,,,,,,,,,,,,,,,,
apex-futura-2026-03-06-4,Apex/Futura,2026-03-02,2026-03-06,2000,2.2,,Junho,,38.1,,2.7,4.2,,,12.6,,1.8,,,,,,,,,,,21.2,,,,,,,,,,,,,,,,,,,,,,,
apex-futura-2026-03-06-5,Apex/Futura,2026-03-02,2026-03-06,2000,2.2,,Maio,,38.1,,2.7,4.2,,,12.6,,1.8,,,,,,,,,,,21.2,,,,,,,,,,,,,,,,,,,,,,,
apex-futura-2026-03-06-6,Apex/Futura,2026-03-02,2026-03-06,2000,2.2,,Abril,40.5,48.8,,,,,,,,,,,,,,,,,,,,,,,,,,,,,,,,,,,,,,,,,,
apex-futura-2026-03-06-7,Apex/Futura,2026-03-02,2026-03-06,2000,2.2,,Abril,42.5,,,,40.5,,,,,,,,,,,,,,,,,,,,,,,,,,,,,,,,,,,,,,,
apex-futura-2026-03-06-8,Apex/Futura,2026-03-02,2026-03-06,2000,2.2,,Abril,41.1,,41.2,,,,,,,,,,,,,,,,,,,,,,,,,,,,,,,,,,,,,,,,,
apex-futura-2026-03-06-9,Apex/Futura,2026-03-02,2026-03-06,2000,2.2,,Abril,41.4,,,,,,,,,,45.5,,,,,,,,,,,,,,,,,,,,,,,,,,,,,,,,,
apex-futura-2026-03-06-10,Apex/Futura,2026-03-02,2026-03-06,2000,2.2,,Abril,41,,,,,,,45.5,,,,,,,,,,,,,,,,,,,,,,,,,,,,,,,,,,,,
apex-futura-2026-03-06-11,Apex/Futura,2026-03-02,2026-03-06,2000,2.2,,Abril,41.1,,,,,,,,,,,,,,,,,,37.1,,,,,,,,,,,,,,,,,,,,,,,,,
apex-futura-2026-03-06-12,Apex/Futura,2026-03-02,2026-03-06,2000,2.2,,Março,40.5,48.8,,,,,,,,,,,,,,,,,,,,,,,,,,,,,,,,,,,,,,,,,,
apex-futura-2026-03-06-13,Apex/Futura,2026-03-02,2026-03-06,2000,2.2,,Janeiro - Fevereiro,40.5,48.8,,,,,,,,,,,,,,,,,,,,,,,,,,,,,,,,,,,,,,,,,,
genial-quaest-2026-03-09,Genial/Quaest,2026-03-06,2026-03-09,2004,2,https://www.poder360.com.br/poder-pesquisas/lula-tem-376-e-flavio-278-no-1o-turno-diz-parana-pesquisas/,Setembro,36,33,,2,3,,,,,2,,,,,,,,,3,,,,,,,,,,,,,,,,,,,,,,,,,
genial-quaest-2026-03-09-2,Genial/Quaest,2026-03-06,2026-03-09,2004,2,https://www.poder360.com.br/poder-pesquisas/lula-tem-376-e-flavio-278-no-1o-turno-diz-parana-pesquisas/,Agosto,36,33,,2,3,,,,,2,,,,,,,,,3,,,,,,,,,,,,,,,,,,,,,,,,,
genial-quaest-2026-03-09-3,Genial/Quaest,2026-03-06,2026-03-09,2004,2,https://www.poder360.com.br/poder-pesquisas/lula-tem-376-e-flavio-278-no-1o-turno-diz-parana-pesquisas/,Julho,36,33,,2,3,,,,,2,,,,,,,,,3,,,,,,,,,,,,,,,,,,,,,,,,,
genial-quaest-2026-03-09-4,Genial/Quaest,2026-03-06,2026-03-09,2004,2,https://www.poder360.com.br/poder-pesquisas/lula-tem-376-e-flavio-278-no-1o-turno-diz-parana-pesquisas/,Junho,36,33,,2,3,,,,,2,,,,,,,,,3,,,,,,,,,,,,,,,,,,,,,,,,,
genial-quaest-2026-03-09-5,Genial/Quaest,2026-03-06,2026-03-09,2004,2,https://www.poder360.com.br/poder-pesquisas/lula-tem-376-e-flavio-278-no-1o-turno-diz-parana-pesquisas/,Maio,36,33,,2,3,,,,,2,,,,,,,,,3,,,,,,,,,,,,,,,,,,,,,,,,,
genial-quaest-2026-03-09-6,Genial/Quaest,2026-03-06,2026-03-09,2004,2,https://www.poder360.com.br/poder-pesquisas/lula-tem-376-e-flavio-278-no-1o-turno-diz-parana-pesquisas/,Abril,41,41,,,,,,,,,,,,,,,,,,,,,,,,,,,,,,,,,,,,,,,,,,
genial-quaest-2026-03-09-7,Genial/Quaest,2026-03-06,2026-03-09,2004,2,https://www.poder360.com.br/poder-pesquisas/lula-tem-376-e-flavio-278-no-1o-turno-diz-parana-pesquisas/,Abril,44,,,,34,,,,,,,,,,,,,,,,,,,,,,,,,,,,,,,,,,,,,,,
genial-quaest-2026-03-09-8,Genial/Quaest,2026-03-06,2026-03-09,2004,2,https://www.poder360.com.br/poder-pesquisas/lula-tem-376-e-flavio-278-no-1o-turno-diz-parana-pesquisas/,Abril,44,,32,,,,,,,,,,,,,,,,,,,,,,,,,,,,,,,,,,,,,,,,,
genial-quaest-2026-03-09-9,Genial/Quaest,2026-03-06,2026-03-09,2004,2,https://www.poder360.com.br/poder-pesquisas/lula-tem-376-e-flavio-278-no-1o-turno-diz-parana-pesquisas/,Abril,43,,,24,,,,,,,,,,,,,,,,,,,,,,,,,,,,,,,,,,,,,,,,
genial-quaest-2026-03-09-10,Genial/Quaest,2026-03-06,2026-03-09,2004,2,https://www.poder360.com.br/poder-pesquisas/lula-tem-376-e-flavio-278-no-1o-turno-diz-parana-pesquisas/,Abril,42,,,,,,,33,,,,,,,,,,,,,,,,,,,,,,,,,,,,,,,,,,,,
genial-quaest-2026-03-09-11,Genial/Quaest,2026-03-06,2026-03-09,2004,2,https://www.poder360.com.br/poder-pesquisas/lula-tem-376-e-flavio-278-no-1o-turno-diz-parana-pesquisas/,Abril,42,,,,,,,,,,,,,,,,,,26,,,,,,,,,,,,,,,,,,,,,,,,,
genial-quaest-2026-03-09-12,Genial/Quaest,2026-03-06,2026-03-09,2004,2,https://www.poder360.com.br/poder-pesquisas/lula-tem-376-e-flavio-278-no-1o-turno-diz-parana-pesquisas/,Abril,44,,,,,,,,,23,,,,,,,,,,,,,,,,,,,,,,,,,,,,,,,,,,
genial-quaest-2026-03-09-13,Genial/Quaest,2026-03-06,2026-03-09,2004,2,https://www.poder360.com.br/poder-pesquisas/lula-tem-376-e-flavio-278-no-1o-turno-diz-parana-pesquisas/,Março,41,41,,,,,,,,,,,,,,,,,,,,,,,,,,,,,,,,,,,,,,,,,,
genial-quaest-2026-03-09-14,Genial/Quaest,2026-03-06,2026-03-09,2004,2,https://www.poder360.com.br/poder-pesquisas/lula-tem-376-e-flavio-278-no-1o-turno-diz-parana-pesquisas/,Janeiro - Fevereiro,41,41,,,,,,,,,,,,,,,,,,,,,,,,,,,,,,,,,,,,,,,,,,
meio-ideia-2026-03-10,Meio/Ideia,2026-03-06,2026-03-10,1500,2.5,,Setembro,40,35,5,2,5,,,,,1,,,,,,,,,,,,,,,,,,,,,,,,,,,,,,,,,,
meio-ideia-2026-03-10-2,Meio/Ideia,2026-03-06,2026-03-10,1500,2.5,,Agosto,40,35,5,2,5,,,,,1,,,,,,,,,,,,,,,,,,,,,,,,,,,,,,,,,,
meio-ideia-2026-03-10-3,Meio/Ideia,2026-03-06,2026-03-10,1500,2.5,,Julho,40,35,5,2,5,,,,,1,,,,,,,,,,,,,,,,,,,,,,,,,,,,,,,,,,
meio-ideia-2026-03-10-4,Meio/Ideia,2026-03-06,2026-03-10,1500,2.5,,Junho,40,35,5,2,5,,,,,1,,,,,,,,,,,,,,,,,,,,,,,,,,,,,,,,,,
meio-ideia-2026-03-10-5,Meio/Ideia,2026-03-06,2026-03-10,1500,2.5,,Maio,40,35,5,2,5,,,,,1,,,,,,,,,,,,,,,,,,,,,,,,,,,,,,,,,,
meio-ideia-2026-03-10-6,Meio/Ideia,2026-03-06,2026-03-10,1500,2.5,,Abril,47,45,,,,,,,,,,,,,,,,,,,,,,,,,,,,,,,,,,,,,,,,,,
meio-ideia-2026-03-10-7,Meio/Ideia,2026-03-06,2026-03-10,1500,2.5,,Abril,46,,,,38,,,,,,,,,,,,,,,,,,,,,,,,,,,,,,,,,,,,,,,
meio-ideia-2026-03-10-8,Meio/Ideia,2026-03-06,2026-03-10,1500,2.5,,Abril,46,,37,,,,,,,,,,,,,,,,,,,,,,,,,,,,,,,,,,,,,,,,,
meio-ideia-2026-03-10-9,Meio/Ideia,2026-03-06,2026-03-10,1500,2.5,,Abril,47,,,25,,,,,,,,,,,,,,,,,,,,,,,,,,,,,,,,,,,,,,,,
meio-ideia-2026-03-10-10,Meio/Ideia,2026-03-06,2026-03-10,1500,2.5,,Abril,46,,,,,,,,,,45,,,,,,,,,,,,,,,,,,,,,,,,,,,,,,,,,
meio-ideia-2026-03-10-11,Meio/Ideia,2026-03-06,2026-03-10,1500,2.5,,Abril,47,,,,,,,41,,,,,,,,,,,,,,,,,,,,,,,,,,,,,,,,,,,,
meio-ideia-2026-03-10-12,Meio/Ideia,2026-03-06,2026-03-10,1500,2.5,,Abril,47,,,,,,,,,,,,,,,,,,29,,,,,,,,,,,,,,,,,,,,,,,,,
meio-ideia-2026-03-10-13,Meio/Ideia,2026-03-06,2026-03-10,1500,2.5,,Abril,47,,,,,,,,,19,,,,,,,,,,,,,,,,,,,,,,,,,,,,,,,,,,
meio-ideia-2026-03-10-14,Meio/Ideia,2026-03-06,2026-03-10,1500,2.5,,Março,47,45,,,,,,,,,,,,,,,,,,,,,,,,,,,,,,,,,,,,,,,,,,
meio-ideia-2026-03-10-15,Meio/Ideia,2026-03-06,2026-03-10,1500,2.5,,Janeiro - Fevereiro,47,45,,,,,,,,,,,,,,,,,,,,,,,,,,,,,,,,,,,,,,,,,,
alfa-2026-03-11,Alfa,2026-03-06,2026-03-11,1000,3.1,https://www.cnnbrasil.com.br/eleicoes/pesquisa-alfa-no-1o-turno-lula-tem-37-flavio-30-e-ratinho-7/?,Setembro,37,30,3,1,4,,,7,,0,,,,,,,,,4,,,,,,,,,,,,,,,,,,,,,,,,,
alfa-2026-03-11-2,Alfa,2026-03-06,2026-03-11,1000,3.1,https://www.cnnbrasil.com.br/eleicoes/pesquisa-alfa-no-1o-turno-lula-tem-37-flavio-30-e-ratinho-7/?,Agosto,37,30,3,1,4,,,7,,0,,,,,,,,,4,,,,,,,,,,,,,,,,,,,,,,,,,
alfa-2026-03-11-3,Alfa,2026-03-06,2026-03-11,1000,3.1,https://www.cnnbrasil.com.br/eleicoes/pesquisa-alfa-no-1o-turno-lula-tem-37-flavio-30-e-ratinho-7/?,Julho,37,30,3,1,4,,,7,,0,,,,,,,,,4,,,,,,,,,,,,,,,,,,,,,,,,,
alfa-2026-03-11-4,Alfa,2026-03-06,2026-03-11,1000,3.1,https://www.cnnbrasil.com.br/eleicoes/pesquisa-alfa-no-1o-turno-lula-tem-37-flavio-30-e-ratinho-7/?,Junho,37,30,3,1,4,,,7,,0,,,,,,,,,4,,,,,,,,,,,,,,,,,,,,,,,,,
alfa-2026-03-11-5,Alfa,2026-03-06,2026-03-11,1000,3.1,https://www.cnnbrasil.com.br/eleicoes/pesquisa-alfa-no-1o-turno-lula-tem-37-flavio-30-e-ratinho-7/?,Maio,37,30,3,1,4,,,7,,0,,,,,,,,,4,,,,,,,,,,,,,,,,,,,,,,,,,
alfa-2026-03-11-6,Alfa,2026-03-06,2026-03-11,1000,3.1,https://www.cnnbrasil.com.br/eleicoes/pesquisa-alfa-no-1o-turno-lula-tem-37-flavio-30-e-ratinho-7/?,Abril,41,38,,,,,,,,,,,,,,,,,,,,,,,,,,,,,,,,,,,,,,,,,,
alfa-2026-03-11-7,Alfa,2026-03-06,2026-03-11,1000,3.1,https://www.cnnbrasil.com.br/eleicoes/pesquisa-alfa-no-1o-turno-lula-tem-37-flavio-30-e-ratinho-7/?,Março,41,38,,,,,,,,,,,,,,,,,,,,,,,,,,,,,,,,,,,,,,,,,,
alfa-2026-03-11-8,Alfa,2026-03-06,2026-03-11,1000,3.1,https://www.cnnbrasil.com.br/eleicoes/pesquisa-alfa-no-1o-turno-lula-tem-37-flavio-30-e-ratinho-7/?,Janeiro - Fevereiro,41,38,,,,,,,,,,,,,,,,,,,,,,,,,,,,,,,,,,,,,,,,,,
modalmais-futura-2026-03-22,Modalmais/Futura,2026-03-19,2026-03-22,1000,3.1,,Setembro,31.7,,6,,,,,6.7,,,,,,,41.9,,,,,,,,,,,,,,,,,,,,,,,,,,,,,
modalmais-futura-2026-03-22-2,Modalmais/Futura,2026-03-19,2026-03-22,1000,3.1,,Agosto,31.7,,6,,,,,6.7,,,,,,,41.9,,,,,,,,,,,,,,,,,,,,,,,,,,,,,
modalmais-futura-2026-03-22-3,Modalmais/Futura,2026-03-19,2026-03-22,1000,3.1,,Julho,31.7,,6,,,,,6.7,,,,,,,41.9,,,,,,,,,,,,,,,,,,,,,,,,,,,,,
modalmais-futura-2026-03-22-4,Modalmais/Futura,2026-03-19,2026-03-22,1000,3.1,,Junho,31.7,,6,,,,,6.7,,,,,,,41.9,,,,,,,,,,,,,,,,,,,,,,,,,,,,,
modalmais-futura-2026-03-22-5,Modalmais/Futura,2026-03-19,2026-03-22,1000,3.1,,Maio,31.7,,6,,,,,6.7,,,,,,,41.9,,,,,,,,,,,,,,,,,,,,,,,,,,,,,
modalmais-futura-2026-03-22-6,Modalmais/Futura,2026-03-19,2026-03-22,1000,3.1,,Abril,37.3,,37.8,,,,,,,,,,,,,,,,,,,,,,,,,,,,,,,,,,,,,,,,,
modalmais-futura-2026-03-22-7,Modalmais/Futura,2026-03-19,2026-03-22,1000,3.1,,Abril,37.3,,,,,,,,,,,,,,51.1,,,,,,,,,,,,,,,,,,,,,,,,,,,,,
modalmais-futura-2026-03-22-8,Modalmais/Futura,2026-03-19,2026-03-22,1000,3.1,,Abril,37.3,,,,,,,,,,,,,,,,,,,48.5,,,,,,,,,,,,,,,,,,,,,,,,
modalmais-futura-2026-03-22-9,Modalmais/Futura,2026-03-19,2026-03-22,1000,3.1,,Abril,37.6,,,,,,,,,,42.3,,,,,,,,,,,,,,,,,,,,,,,,,,,,,,,,,
modalmais-futura-2026-03-22-10,Modalmais/Futura,2026-03-19,2026-03-22,1000,3.1,,Abril,37.2,,,,,,,40.6,,,,,,,,,,,,,,,,,,,,,,,,,,,,,,,,,,,,
modalmais-futura-2026-03-22-11,Modalmais/Futura,2026-03-19,2026-03-22,1000,3.1,,Abril,,,,,,,,,,,,,,,50.3,,,,,,,,,,,,,,,,,,36.5,,,,,,,,,,,
modalmais-futura-2026-03-22-12,Modalmais/Futura,2026-03-19,2026-03-22,1000,3.1,,Abril,,,,,,,,,,,39.1,,,,,,,,,,,,,,,,,,,,,,37.5,,,,,,,,,,,
parana-pesquisas-2026-03-22,Paraná Pesquisas,2026-03-18,2026-03-22,2020,2.2,https://paranapesquisas.com.br/wp-content/uploads/2024/03/Brasil_Mar24.pdf,Setembro,35.3,,,,,,,,7.5,,,,,,37.1,,,,1.8,,,,,,,6.1,,,,,,,,,,,,,,,,,,
parana-pesquisas-2026-03-22-2,Paraná Pesquisas,2026-03-18,2026-03-22,2020,2.2,https://paranapesquisas.com.br/wp-content/uploads/2024/03/Brasil_Mar24.pdf,Agosto,35.3,,,,,,,,7.5,,,,,,37.1,,,,1.8,,,,,,,6.1,,,,,,,,,,,,,,,,,,
parana-pesquisas-2026-03-22-3,Paraná Pesquisas,2026-03-18,2026-03-22,2020,2.2,https://paranapesquisas.com.br/wp-content/uploads/2024/03/Brasil_Mar24.pdf,Julho,35.3,,,,,,,,7.5,,,,,,37.1,,,,1.8,,,,,,,6.1,,,,,,,,,,,,,,,,,,
parana-pesquisas-2026-03-22-4,Paraná Pesquisas,2026-03-18,2026-03-22,2020,2.2,https://paranapesquisas.com.br/wp-content/uploads/2024/03/Brasil_Mar24.pdf,Junho,35.3,,,,,,,,7.5,,,,,,37.1,,,,1.8,,,,,,,6.1,,,,,,,,,,,,,,,,,,
parana-pesquisas-2026-03-22-5,Paraná Pesquisas,2026-03-18,2026-03-22,2020,2.2,https://paranapesquisas.com.br/wp-content/uploads/2024/03/Brasil_Mar24.pdf,Maio,35.3,,,,,,,,7.5,,,,,,37.1,,,,1.8,,,,,,,6.1,,,,,,,,,,,,,,,,,,
parana-pesquisas-2026-03-22-6,Paraná Pesquisas,2026-03-18,2026-03-22,2020,2.2,https://paranapesquisas.com.br/wp-content/uploads/2024/03/Brasil_Mar24.pdf,Abril,44.5,,,,34.6,,,,,,,,,,,,,,,,,,,,,,,,,,,,,,,,,,,,,,,
parana-pesquisas-2026-03-22-7,Paraná Pesquisas,2026-03-18,2026-03-22,2020,2.2,https://paranapesquisas.com.br/wp-content/uploads/2024/03/Brasil_Mar24.pdf,Abril,44.9,,32.6,,,,,,,,,,,,,,,,,,,,,,,,,,,,,,,,,,,,,,,,,
parana-pesquisas-2026-03-22-8,Paraná Pesquisas,2026-03-18,2026-03-22,2020,2.2,https://paranapesquisas.com.br/wp-content/uploads/2024/03/Brasil_Mar24.pdf,Abril,41.6,,,,,,,,,,,,,,41.7,,,,,,,,,,,,,,,,,,,,,,,,,,,,,
parana-pesquisas-2026-03-22-9,Paraná Pesquisas,2026-03-18,2026-03-22,2020,2.2,https://paranapesquisas.com.br/wp-content/uploads/2024/03/Brasil_Mar24.pdf,Abril,44.5,,,,,,,,,,,,,,,,,,,43.4,,,,,,,,,,,,,,,,,,,,,,,,
parana-pesquisas-2026-03-22-10,Paraná Pesquisas,2026-03-18,2026-03-22,2020,2.2,https://paranapesquisas.com.br/wp-content/uploads/2024/03/Brasil_Mar24.pdf,Abril,43.9,,,,,,,,,,40.8,,,,,,,,,,,,,,,,,,,,,,,,,,,,,,,,,
parana-pesquisas-2026-03-22-11,Paraná Pesquisas,2026-03-18,2026-03-22,2020,2.2,https://paranapesquisas.com.br/wp-content/uploads/2024/03/Brasil_Mar24.pdf,Abril,44.6,,,,,,,35.3,,,,,,,,,,,,,,,,,,,,,,,,,,,,,,,,,,,,
parana-pesquisas-2026-03-22-12,Paraná Pesquisas,2026-03-18,2026-03-22,2020,2.2,https://paranapesquisas.com.br/wp-content/uploads/2024/03/Brasil_Mar24.pdf,Abril,44.5,,,,,,,,,,,,,,,,,,,,,,,,,,,,,,,,,,,,,,,,32.2,,,
parana-pesquisas-2026-03-22-13,Paraná Pesquisas,2026-03-18,2026-03-22,2020,2.2,https://paranapesquisas.com.br/wp-content/uploads/2024/03/Brasil_Mar24.pdf,Abril,44.9,,,,,,,,,,,,,,,,,,,,,,,,,,,,,,,,,,,,,,,,,,29.1,
atlasintel-2026-03-23,AtlasIntel,2026-03-18,2026-03-23,5028,1,https://www.poder360.com.br/poder-pesquisas/lula-lidera-em-todos-os-cenarios-de-1o-turno-diz-atlasintel/,Setembro,45.7,35.8,2.8,4.3,1.6,,,,,0.5,7.9,,,,,,,,,,,,,,,,,,,,,,,,,,,,,,,,,
atlasintel-2026-03-23-2,AtlasIntel,2026-03-18,2026-03-23,5028,1,https://www.poder360.com.br/poder-pesquisas/lula-lidera-em-todos-os-cenarios-de-1o-turno-diz-atlasintel/,Agosto,45.7,35.8,2.8,4.3,1.6,,,,,0.5,7.9,,,,,,,,,,,,,,,,,,,,,,,,,,,,,,,,,
atlasintel-2026-03-23-3,AtlasIntel,2026-03-18,2026-03-23,5028,1,https://www.poder360.com.br/poder-pesquisas/lula-lidera-em-todos-os-cenarios-de-1o-turno-diz-atlasintel/,Julho,45.7,35.8,2.8,4.3,1.6,,,,,0.5,7.9,,,,,,,,,,,,,,,,,,,,,,,,,,,,,,,,,
atlasintel-2026-03-23-4,AtlasIntel,2026-03-18,2026-03-23,5028,1,https://www.poder360.com.br/poder-pesquisas/lula-lidera-em-todos-os-cenarios-de-1o-turno-diz-atlasintel/,Junho,45.7,35.8,2.8,4.3,1.6,,,,,0.5,7.9,,,,,,,,,,,,,,,,,,,,,,,,,,,,,,,,,
atlasintel-2026-03-23-5,AtlasIntel,2026-03-18,2026-03-23,5028,1,https://www.poder360.com.br/poder-pesquisas/lula-lidera-em-todos-os-cenarios-de-1o-turno-diz-atlasintel/,Maio,45.7,35.8,2.8,4.3,1.6,,,,,0.5,7.9,,,,,,,,,,,,,,,,,,,,,,,,,,,,,,,,,
atlasintel-2026-03-23-6,AtlasIntel,2026-03-18,2026-03-23,5028,1,https://www.poder360.com.br/poder-pesquisas/lula-lidera-em-todos-os-cenarios-de-1o-turno-diz-atlasintel/,Abril,46.6,47.6,,,,,,,,,,,,,,,,,,,,,,,,,,,,,,,,,,,,,,,,,,
atlasintel-2026-03-23-7,AtlasIntel,2026-03-18,2026-03-23,5028,1,https://www.poder360.com.br/poder-pesquisas/lula-lidera-em-todos-os-cenarios-de-1o-turno-diz-atlasintel/,Abril,46.6,,,,43.7,,,,,,,,,,,,,,,,,,,,,,,,,,,,,,,,,,,,,,,
atlasintel-2026-03-23-8,AtlasIntel,2026-03-18,2026-03-23,5028,1,https://www.poder360.com.br/poder-pesquisas/lula-lidera-em-todos-os-cenarios-de-1o-turno-diz-atlasintel/,Abril,46.2,,36.7,,,,,,,,,,,,,,,,,,,,,,,,,,,,,,,,,,,,,,,,,
atlasintel-2026-03-23-9,AtlasIntel,2026-03-18,2026-03-23,5028,1,https://www.poder360.com.br/poder-pesquisas/lula-lidera-em-todos-os-cenarios-de-1o-turno-diz-atlasintel/,Abril,46.6,,,,,,,,,,,,,,47.4,,,,,,,,,,,,,,,,,,,,,,,,,,,,,
atlasintel-2026-03-23-10,AtlasIntel,2026-03-18,2026-03-23,5028,1,https://www.poder360.com.br/poder-pesquisas/lula-lidera-em-todos-os-cenarios-de-1o-turno-diz-atlasintel/,Abril,46.8,,,,,,,,,,,,,,,,,,,47,,,,,,,,,,,,,,,,,,,,,,,,
atlasintel-2026-03-23-11,AtlasIntel,2026-03-18,2026-03-23,5028,1,https://www.poder360.com.br/poder-pesquisas/lula-lidera-em-todos-os-cenarios-de-1o-turno-diz-atlasintel/,Abril,46.3,,,,,,,,,,47.2,,,,,,,,,,,,,,,,,,,,,,,,,,,,,,,,,
atlasintel-2026-03-23-12,AtlasIntel,2026-03-18,2026-03-23,5028,1,https://www.poder360.com.br/poder-pesquisas/lula-lidera-em-todos-os-cenarios-de-1o-turno-diz-atlasintel/,Abril,46.1,,,,,,,38.7,,,,,,,,,,,,,,,,,,,,,,,,,,,,,,,,,,,,
atlasintel-2026-03-23-13,AtlasIntel,2026-03-18,2026-03-23,5028,1,https://www.poder360.com.br/poder-pesquisas/lula-lidera-em-todos-os-cenarios-de-1o-turno-diz-atlasintel/,Abril,45.5,,,,,,,,,,,,,,,,,,22.7,,,,,,,,,,,,,,,,,,,,,,,,,
atlasintel-2026-03-23-14,AtlasIntel,2026-03-18,2026-03-23,5028,1,https://www.poder360.com.br/poder-pesquisas/lula-lidera-em-todos-os-cenarios-de-1o-turno-diz-atlasintel/,Março,46.6,47.6,,,,,,,,,,,,,,,,,,,,,,,,,,,,,,,,,,,,,,,,,,
atlasintel-2026-03-23-15,AtlasIntel,2026-03-18,2026-03-23,5028,1,https://www.poder360.com.br/poder-pesquisas/lula-lidera-em-todos-os-cenarios-de-1o-turno-diz-atlasintel/,Janeiro - Fevereiro,46.6,47.6,,,,,,,,,,,,,,,,,,,,,,,,,,,,,,,,,,,,,,,,,,
atlasintel-2026-03-24,AtlasIntel,2026-03-20,2026-03-24,4659,1,https://noticias.uol.com.br/politica/ultimas-noticias/2025/04/01/governo-lula-desaprovacao-pesquisa-atlas.htm,Setembro,41.7,,3.8,,1.6,5.4,,,,,33.9,,,,,,,,3.6,,,,,,,3.3,,,0.5,,,,,,,,,,,,,,,
atlasintel-2026-03-24-2,AtlasIntel,2026-03-20,2026-03-24,4659,1,https://noticias.uol.com.br/politica/ultimas-noticias/2025/04/01/governo-lula-desaprovacao-pesquisa-atlas.htm,Agosto,41.7,,3.8,,1.6,5.4,,,,,33.9,,,,,,,,3.6,,,,,,,3.3,,,0.5,,,,,,,,,,,,,,,
atlasintel-2026-03-24-3,AtlasIntel,2026-03-20,2026-03-24,4659,1,https://noticias.uol.com.br/politica/ultimas-noticias/2025/04/01/governo-lula-desaprovacao-pesquisa-atlas.htm,Julho,41.7,,3.8,,1.6,5.4,,,,,33.9,,,,,,,,3.6,,,,,,,3.3,,,0.5,,,,,,,,,,,,,,,
atlasintel-2026-03-24-4,AtlasIntel,2026-03-20,2026-03-24,4659,1,https://noticias.uol.com.br/politica/ultimas-noticias/2025/04/01/governo-lula-desaprovacao-pesquisa-atlas.htm,Junho,41.7,,3.8,,1.6,5.4,,,,,33.9,,,,,,,,3.6,,,,,,,3.3,,,0.5,,,,,,,,,,,,,,,
atlasintel-2026-03-24-5,AtlasIntel,2026-03-20,2026-03-24,4659,1,https://noticias.uol.com.br/politica/ultimas-noticias/2025/04/01/governo-lula-desaprovacao-pesquisa-atlas.htm,Maio,41.7,,3.8,,1.6,5.4,,,,,33.9,,,,,,,,3.6,,,,,,,3.3,,,0.5,,,,,,,,,,,,,,,
atlasintel-2026-03-24-6,AtlasIntel,2026-03-20,2026-03-24,4659,1,https://noticias.uol.com.br/politica/ultimas-noticias/2025/04/01/governo-lula-desaprovacao-pesquisa-atlas.htm,Abril,44,,,,25,,,,,,,,,,,,,,,,,,,,,,,,,,,,,,,,,,,,,,,
atlasintel-2026-03-24-7,AtlasIntel,2026-03-20,2026-03-24,4659,1,https://noticias.uol.com.br/politica/ultimas-noticias/2025/04/01/governo-lula-desaprovacao-pesquisa-atlas.htm,Abril,47,,37,,,,,,,,,,,,,,,,,,,,,,,,,,,,,,,,,,,,,,,,,
atlasintel-2026-03-24-8,AtlasIntel,2026-03-20,2026-03-24,4659,1,https://noticias.uol.com.br/politica/ultimas-noticias/2025/04/01/governo-lula-desaprovacao-pesquisa-atlas.htm,Abril,46,,,,,,,,,,,,,,48,,,,,,,,,,,,,,,,,,,,,,,,,,,,,
atlasintel-2026-03-24-9,AtlasIntel,2026-03-20,2026-03-24,4659,1,https://noticias.uol.com.br/politica/ultimas-noticias/2025/04/01/governo-lula-desaprovacao-pesquisa-atlas.htm,Abril,46,,,,,,,,,,47,,,,,,,,,,,,,,,,,,,,,,,,,,,,,,,,,
atlasintel-2026-03-24-10,AtlasIntel,2026-03-20,2026-03-24,4659,1,https://noticias.uol.com.br/politica/ultimas-noticias/2025/04/01/governo-lula-desaprovacao-pesquisa-atlas.htm,Abril,46,,,,,,,,,,,,,,,,,,36,,,,,,,,,,,,,,,,,,,,,,,,,
atlasintel-2026-03-24-11,AtlasIntel,2026-03-20,2026-03-24,4659,1,https://noticias.uol.com.br/politica/ultimas-noticias/2025/04/01/governo-lula-desaprovacao-pesquisa-atlas.htm,Abril,46,,,,,51,,,,,,,,,,,,,,,,,,,,,,,,,,,,,,,,,,,,,,
gerp-2026-03-25,Gerp,2026-03-20,2026-03-25,2000,2.24,,Setembro,38,36,3,1,3,,,4,7,0,,,,,,,,,,,,,,,,,,,,,,,,,,,,,,,,,,
gerp-2026-03-25-2,Gerp,2026-03-20,2026-03-25,2000,2.24,,Agosto,38,36,3,1,3,,,4,7,0,,,,,,,,,,,,,,,,,,,,,,,,,,,,,,,,,,
gerp-2026-03-25-3,Gerp,2026-03-20,2026-03-25,2000,2.24,,Julho,38,36,3,1,3,,,4,7,0,,,,,,,,,,,,,,,,,,,,,,,,,,,,,,,,,,
gerp-2026-03-25-4,Gerp,2026-03-20,2026-03-25,2000,2.24,,Junho,38,36,3,1,3,,,4,7,0,,,,,,,,,,,,,,,,,,,,,,,,,,,,,,,,,,
gerp-2026-03-25-5,Gerp,2026-03-20,2026-03-25,2000,2.24,,Maio,38,36,3,1,3,,,4,7,0,,,,,,,,,,,,,,,,,,,,,,,,,,,,,,,,,,
gerp-2026-03-25-6,Gerp,2026-03-20,2026-03-25,2000,2.24,,Abril,45,48,,,,,,,,,,,,,,,,,,,,,,,,,,,,,,,,,,,,,,,,,,
gerp-2026-03-25-7,Gerp,2026-03-20,2026-03-25,2000,2.24,,Abril,45,,,,41,,,,,,,,,,,,,,,,,,,,,,,,,,,,,,,,,,,,,,,
gerp-2026-03-25-8,Gerp,2026-03-20,2026-03-25,2000,2.24,,Abril,44,,37,,,,,,,,,,,,,,,,,,,,,,,,,,,,,,,,,,,,,,,,,
gerp-2026-03-25-9,Gerp,2026-03-20,2026-03-25,2000,2.24,,Abril,42,,,,,,,42,,,,,,,,,,,,,,,,,,,,,,,,,,,,,,,,,,,,
gerp-2026-03-25-10,Gerp,2026-03-20,2026-03-25,2000,2.24,,Abril,39,,,,,,,,38,,,,,,,,,,,,,,,,,,,,,,,,,,,,,,,,,,,
gerp-2026-03-25-11,Gerp,2026-03-20,2026-03-25,2000,2.24,,Abril,41,,,,,,,,,,,,,,,,,,35,,,,,,,,,,,,,,,,,,,,,,,,,
gerp-2026-03-25-12,Gerp,2026-03-20,2026-03-25,2000,2.24,,Março,45,48,,,,,,,,,,,,,,,,,,,,,,,,,,,,,,,,,,,,,,,,,,
gerp-2026-03-25-13,Gerp,2026-03-20,2026-03-25,2000,2.24,,Janeiro - Fevereiro,45,48,,,,,,,,,,,,,,,,,,,,,,,,,,,,,,,,,,,,,,,,,,
gerp-2026-03-27,Gerp,2026-03-22,2026-03-27,2000,2.24,,Setembro,26,,3,,3,4,,5,5,,,,,,41,,,,,,,,,,,,,,,,,,,,,,,,,,,,,
gerp-2026-03-27-2,Gerp,2026-03-22,2026-03-27,2000,2.24,,Agosto,26,,3,,3,4,,5,5,,,,,,41,,,,,,,,,,,,,,,,,,,,,,,,,,,,,
gerp-2026-03-27-3,Gerp,2026-03-22,2026-03-27,2000,2.24,,Julho,26,,3,,3,4,,5,5,,,,,,41,,,,,,,,,,,,,,,,,,,,,,,,,,,,,
gerp-2026-03-27-4,Gerp,2026-03-22,2026-03-27,2000,2.24,,Junho,26,,3,,3,4,,5,5,,,,,,41,,,,,,,,,,,,,,,,,,,,,,,,,,,,,
gerp-2026-03-27-5,Gerp,2026-03-22,2026-03-27,2000,2.24,,Maio,26,,3,,3,4,,5,5,,,,,,41,,,,,,,,,,,,,,,,,,,,,,,,,,,,,
parana-pesquisas-2026-03-28,Paraná Pesquisas,2026-03-25,2026-03-28,2080,2.2,,Setembro,41.3,37.8,3.6,1.2,3,,,,,1.1,,,,,,,,,,,,,,,,,,,,,,,,,,,,,,,,,,
parana-pesquisas-2026-03-28-2,Paraná Pesquisas,2026-03-25,2026-03-28,2080,2.2,,Agosto,41.3,37.8,3.6,1.2,3,,,,,1.1,,,,,,,,,,,,,,,,,,,,,,,,,,,,,,,,,,
parana-pesquisas-2026-03-28-3,Paraná Pesquisas,2026-03-25,2026-03-28,2080,2.2,,Julho,41.3,37.8,3.6,1.2,3,,,,,1.1,,,,,,,,,,,,,,,,,,,,,,,,,,,,,,,,,,
parana-pesquisas-2026-03-28-4,Paraná Pesquisas,2026-03-25,2026-03-28,2080,2.2,,Junho,41.3,37.8,3.6,1.2,3,,,,,1.1,,,,,,,,,,,,,,,,,,,,,,,,,,,,,,,,,,
parana-pesquisas-2026-03-28-5,Paraná Pesquisas,2026-03-25,2026-03-28,2080,2.2,,Maio,41.3,37.8,3.6,1.2,3,,,,,1.1,,,,,,,,,,,,,,,,,,,,,,,,,,,,,,,,,,
parana-pesquisas-2026-03-28-6,Paraná Pesquisas,2026-03-25,2026-03-28,2080,2.2,https://www.gazetadopovo.com.br/eleicoes/2026/pesquisa-eleitoral-2026/meio-ideia-pesquisa-presidente-abril-2026/,Abril,44.1,45.2,,,,,,,,,,,,,,,,,,,,,,,,,,,,,,,,,,,,,,,,,,
parana-pesquisas-2026-03-28-7,Paraná Pesquisas,2026-03-25,2026-03-28,2080,2.2,https://www.gazetadopovo.com.br/eleicoes/2026/pesquisa-eleitoral-2026/meio-ideia-pesquisa-presidente-abril-2026/,Março,44.1,45.2,,,,,,,,,,,,,,,,,,,,,,,,,,,,,,,,,,,,,,,,,,
parana-pesquisas-2026-03-28-8,Paraná Pesquisas,2026-03-25,2026-03-28,2080,2.2,https://www.gazetadopovo.com.br/eleicoes/2026/pesquisa-eleitoral-2026/meio-ideia-pesquisa-presidente-abril-2026/,Janeiro - Fevereiro,44.1,45.2,,,,,,,,,,,,,,,,,,,,,,,,,,,,,,,,,,,,,,,,,,
nexus-btg-pactual-2026-03-29,Nexus/BTG Pactual,2026-03-27,2026-03-29,2000,2,https://noticias.uol.com.br/ultimas-noticias/agencia-estado/2026/03/30/btgnexus-lula-e-flavio-bolsonaro-empatam-em-46-em-eventual-2-turno-da-corrida-presidencial.htm,Setembro,39,39,,3,5,,,,,1,,,,,,,,,4,,,,,,,,,,,,,,,,,,,,,,,,,
nexus-btg-pactual-2026-03-29-2,Nexus/BTG Pactual,2026-03-27,2026-03-29,2000,2,https://noticias.uol.com.br/ultimas-noticias/agencia-estado/2026/03/30/btgnexus-lula-e-flavio-bolsonaro-empatam-em-46-em-eventual-2-turno-da-corrida-presidencial.htm,Agosto,39,39,,3,5,,,,,1,,,,,,,,,4,,,,,,,,,,,,,,,,,,,,,,,,,
nexus-btg-pactual-2026-03-29-3,Nexus/BTG Pactual,2026-03-27,2026-03-29,2000,2,https://noticias.uol.com.br/ultimas-noticias/agencia-estado/2026/03/30/btgnexus-lula-e-flavio-bolsonaro-empatam-em-46-em-eventual-2-turno-da-corrida-presidencial.htm,Julho,39,39,,3,5,,,,,1,,,,,,,,,4,,,,,,,,,,,,,,,,,,,,,,,,,
nexus-btg-pactual-2026-03-29-4,Nexus/BTG Pactual,2026-03-27,2026-03-29,2000,2,https://noticias.uol.com.br/ultimas-noticias/agencia-estado/2026/03/30/btgnexus-lula-e-flavio-bolsonaro-empatam-em-46-em-eventual-2-turno-da-corrida-presidencial.htm,Junho,39,39,,3,5,,,,,1,,,,,,,,,4,,,,,,,,,,,,,,,,,,,,,,,,,
nexus-btg-pactual-2026-03-29-5,Nexus/BTG Pactual,2026-03-27,2026-03-29,2000,2,https://noticias.uol.com.br/ultimas-noticias/agencia-estado/2026/03/30/btgnexus-lula-e-flavio-bolsonaro-empatam-em-46-em-eventual-2-turno-da-corrida-presidencial.htm,Maio,39,39,,3,5,,,,,1,,,,,,,,,4,,,,,,,,,,,,,,,,,,,,,,,,,
nexus-btg-pactual-2026-03-29-6,Nexus/BTG Pactual,2026-03-27,2026-03-29,2000,2,https://noticias.uol.com.br/ultimas-noticias/agencia-estado/2026/03/30/btgnexus-lula-e-flavio-bolsonaro-empatam-em-46-em-eventual-2-turno-da-corrida-presidencial.htm,Abril,46,46,,,,,,,,,,,,,,,,,,,,,,,,,,,,,,,,,,,,,,,,,,
nexus-btg-pactual-2026-03-29-7,Nexus/BTG Pactual,2026-03-27,2026-03-29,2000,2,https://noticias.uol.com.br/ultimas-noticias/agencia-estado/2026/03/30/btgnexus-lula-e-flavio-bolsonaro-empatam-em-46-em-eventual-2-turno-da-corrida-presidencial.htm,Abril,46,,,,40,,,,,,,,,,,,,,,,,,,,,,,,,,,,,,,,,,,,,,,
nexus-btg-pactual-2026-03-29-8,Nexus/BTG Pactual,2026-03-27,2026-03-29,2000,2,https://noticias.uol.com.br/ultimas-noticias/agencia-estado/2026/03/30/btgnexus-lula-e-flavio-bolsonaro-empatam-em-46-em-eventual-2-turno-da-corrida-presidencial.htm,Abril,46,,41,,,,,,,,,,,,,,,,,,,,,,,,,,,,,,,,,,,,,,,,,
nexus-btg-pactual-2026-03-29-9,Nexus/BTG Pactual,2026-03-27,2026-03-29,2000,2,https://noticias.uol.com.br/ultimas-noticias/agencia-estado/2026/03/30/btgnexus-lula-e-flavio-bolsonaro-empatam-em-46-em-eventual-2-turno-da-corrida-presidencial.htm,Abril,46,,,,,,,,,,,,,,,,,,36,,,,,,,,,,,,,,,,,,,,,,,,,
nexus-btg-pactual-2026-03-29-10,Nexus/BTG Pactual,2026-03-27,2026-03-29,2000,2,https://noticias.uol.com.br/ultimas-noticias/agencia-estado/2026/03/30/btgnexus-lula-e-flavio-bolsonaro-empatam-em-46-em-eventual-2-turno-da-corrida-presidencial.htm,Março,46,46,,,,,,,,,,,,,,,,,,,,,,,,,,,,,,,,,,,,,,,,,,
nexus-btg-pactual-2026-03-29-11,Nexus/BTG Pactual,2026-03-27,2026-03-29,2000,2,https://noticias.uol.com.br/ultimas-noticias/agencia-estado/2026/03/30/btgnexus-lula-e-flavio-bolsonaro-empatam-em-46-em-eventual-2-turno-da-corrida-presidencial.htm,Janeiro - Fevereiro,46,46,,,,,,,,,,,,,,,,,,,,,,,,,,,,,,,,,,,,,,,,,,
genial-quaest-2026-03-31,Genial/Quaest,2026-03-27,2026-03-31,2004,2,https://www.cartacapital.com.br/politica/o-desempenho-de-lula-contra-bolsonaro-e-outros-nomes-da-direita-em-2026-segundo-pesquisa-quaest/,Abril,43,,,,31,,,,,,,,,,,,,,,,,,,,,,,,,,,,,,,,,,,,,,,
genial-quaest-2026-03-31-2,Genial/Quaest,2026-03-27,2026-03-31,2004,2,https://www.cartacapital.com.br/politica/o-desempenho-de-lula-contra-bolsonaro-e-outros-nomes-da-direita-em-2026-segundo-pesquisa-quaest/,Abril,44,,30,,,,,,,,,,,,,,,,,,,,,,,,,,,,,,,,,,,,,,,,,
genial-quaest-2026-03-31-3,Genial/Quaest,2026-03-27,2026-03-31,2004,2,https://www.cartacapital.com.br/politica/o-desempenho-de-lula-contra-bolsonaro-e-outros-nomes-da-direita-em-2026-segundo-pesquisa-quaest/,Abril,44,,,,,,,,,,,,,,40,,,,,,,,,,,,,,,,,,,,,,,,,,,,,
genial-quaest-2026-03-31-4,Genial/Quaest,2026-03-27,2026-03-31,2004,2,https://www.cartacapital.com.br/politica/o-desempenho-de-lula-contra-bolsonaro-e-outros-nomes-da-direita-em-2026-segundo-pesquisa-quaest/,Abril,44,,,,,,,,,,,,,,,,,,,38,,,,,,,,,,,,,,,,,,,,,,,,
genial-quaest-2026-03-31-5,Genial/Quaest,2026-03-27,2026-03-31,2004,2,https://www.cartacapital.com.br/politica/o-desempenho-de-lula-contra-bolsonaro-e-outros-nomes-da-direita-em-2026-segundo-pesquisa-quaest/,Abril,43,,,,,,,,,,37,,,,,,,,,,,,,,,,,,,,,,,,,,,,,,,,,
genial-quaest-2026-03-31-6,Genial/Quaest,2026-03-27,2026-03-31,2004,2,https://www.cartacapital.com.br/politica/o-desempenho-de-lula-contra-bolsonaro-e-outros-nomes-da-direita-em-2026-segundo-pesquisa-quaest/,Abril,45,,,,,,,,,,,,,,,,,,,,,34,,,,,,,,,,,,,,,,,,,,,,
genial-quaest-2026-03-31-7,Genial/Quaest,2026-03-27,2026-03-31,2004,2,https://www.cartacapital.com.br/politica/o-desempenho-de-lula-contra-bolsonaro-e-outros-nomes-da-direita-em-2026-segundo-pesquisa-quaest/,Abril,42,,,,,,,35,,,,,,,,,,,,,,,,,,,,,,,,,,,,,,,,,,,,
genial-quaest-2026-03-31-8,Genial/Quaest,2026-03-27,2026-03-31,2004,2,https://www.cartacapital.com.br/politica/o-desempenho-de-lula-contra-bolsonaro-e-outros-nomes-da-direita-em-2026-segundo-pesquisa-quaest/,Abril,44,,,,,35,,,,,,,,,,,,,,,,,,,,,,,,,,,,,,,,,,,,,,
datafolha-2026-04-03,Datafolha,2026-04-01,2026-04-03,3054,2,,Setembro,35,,2,,3,11,,5,11,,15,,,,,,,,3,,,,,,,,,,,,,,,,,,,,,,,,,
datafolha-2026-04-03-2,Datafolha,2026-04-01,2026-04-03,3054,2,,Agosto,35,,2,,3,11,,5,11,,15,,,,,,,,3,,,,,,,,,,,,,,,,,,,,,,,,,
datafolha-2026-04-03-3,Datafolha,2026-04-01,2026-04-03,3054,2,,Julho,35,,2,,3,11,,5,11,,15,,,,,,,,3,,,,,,,,,,,,,,,,,,,,,,,,,
datafolha-2026-04-03-4,Datafolha,2026-04-01,2026-04-03,3054,2,,Junho,35,,2,,3,11,,5,11,,15,,,,,,,,3,,,,,,,,,,,,,,,,,,,,,,,,,
datafolha-2026-04-03-5,Datafolha,2026-04-01,2026-04-03,3054,2,,Maio,35,,2,,3,11,,5,11,,15,,,,,,,,3,,,,,,,,,,,,,,,,,,,,,,,,,
datafolha-2026-04-03-6,Datafolha,2026-04-01,2026-04-03,3054,2,,Abril,49,,,,,,,,,,,,,,40,,,,,,,,,,,,,,,,,,,,,,,,,,,,,
datafolha-2026-04-03-7,Datafolha,2026-04-01,2026-04-03,3054,2,,Abril,50,,,,,,,,,,,,,,,,,,,38,,,,,,,,,,,,,,,,,,,,,,,,
datafolha-2026-04-03-8,Datafolha,2026-04-01,2026-04-03,3054,2,,Abril,48,,,,,,,,,,39,,,,,,,,,,,,,,,,,,,,,,,,,,,,,,,,,
datafolha-2026-04-03-9,Datafolha,2026-04-01,2026-04-03,3054,2,,Abril,51,,,,,,,,,,,,,,,,,,,,,34,,,,,,,,,,,,,,,,,,,,,,
datafolha-2026-04-03-10,Datafolha,2026-04-01,2026-04-03,3054,2,,Abril,,,,,,,,,,,,,,,41,,,,,,45,,,,,,,,,,,,,,,,,,,,,,,
datafolha-2026-04-03-11,Datafolha,2026-04-01,2026-04-03,3054,2,,Abril,,,,,,,,,,,37,,,,,,,,,,43,,,,,,,,,,,,,,,,,,,,,,,
verita-2026-04-04,Veritá,2026-03-13,2026-04-04,40500,1,,Setembro,33.2,35.9,1.9,1.8,1.8,,,,,0.4,,,,,,,,,,,,,,,,,,,,,,,,,,,,,,,,,,
verita-2026-04-04-2,Veritá,2026-03-13,2026-04-04,40500,1,,Agosto,33.2,35.9,1.9,1.8,1.8,,,,,0.4,,,,,,,,,,,,,,,,,,,,,,,,,,,,,,,,,,
verita-2026-04-04-3,Veritá,2026-03-13,2026-04-04,40500,1,,Julho,33.2,35.9,1.9,1.8,1.8,,,,,0.4,,,,,,,,,,,,,,,,,,,,,,,,,,,,,,,,,,
verita-2026-04-04-4,Veritá,2026-03-13,2026-04-04,40500,1,,Junho,33.2,35.9,1.9,1.8,1.8,,,,,0.4,,,,,,,,,,,,,,,,,,,,,,,,,,,,,,,,,,
verita-2026-04-04-5,Veritá,2026-03-13,2026-04-04,40500,1,,Maio,33.2,35.9,1.9,1.8,1.8,,,,,0.4,,,,,,,,,,,,,,,,,,,,,,,,,,,,,,,,,,
verita-2026-04-04-6,Veritá,2026-03-13,2026-04-04,40500,1,,Abril,38.4,42.8,,,,,,,,,,,,,,,,,,,,,,,,,,,,,,,,,,,,,,,,,,
verita-2026-04-04-7,Veritá,2026-03-13,2026-04-04,40500,1,,Março,38.4,42.8,,,,,,,,,,,,,,,,,,,,,,,,,,,,,,,,,,,,,,,,,,
verita-2026-04-04-8,Veritá,2026-03-13,2026-04-04,40500,1,,Janeiro - Fevereiro,38.4,42.8,,,,,,,,,,,,,,,,,,,,,,,,,,,,,,,,,,,,,,,,,,
meio-ideia-2026-04-07,Meio/Ideia,2026-04-03,2026-04-07,1500,2.5,https://www.gazetadopovo.com.br/eleicoes/2026/pesquisa-eleitoral-2026/meio-ideia-pesquisa-presidente-abril-2026/,Setembro,40.4,37,6.5,3,3,,,,,0.6,,,,,,,,,,,,,,,,,,,,,,,,,,,,,,,,,,
meio-ideia-2026-04-07-2,Meio/Ideia,2026-04-03,2026-04-07,1500,2.5,https://www.gazetadopovo.com.br/eleicoes/2026/pesquisa-eleitoral-2026/meio-ideia-pesquisa-presidente-abril-2026/,Agosto,40.4,37,6.5,3,3,,,,,0.6,,,,,,,,,,,,,,,,,,,,,,,,,,,,,,,,,,
meio-ideia-2026-04-07-3,Meio/Ideia,2026-04-03,2026-04-07,1500,2.5,https://www.gazetadopovo.com.br/eleicoes/2026/pesquisa-eleitoral-2026/meio-ideia-pesquisa-presidente-abril-2026/,Julho,40.4,37,6.5,3,3,,,,,0.6,,,,,,,,,,,,,,,,,,,,,,,,,,,,,,,,,,
meio-ideia-2026-04-07-4,Meio/Ideia,2026-04-03,2026-04-07,1500,2.5,https://www.gazetadopovo.com.br/eleicoes/2026/pesquisa-eleitoral-2026/meio-ideia-pesquisa-presidente-abril-2026/,Junho,40.4,37,6.5,3,3,,,,,0.6,,,,,,,,,,,,,,,,,,,,,,,,,,,,,,,,,,
meio-ideia-2026-04-07-5,Meio/Ideia,2026-04-03,2026-04-07,1500,2.5,https://www.gazetadopovo.com.br/eleicoes/2026/pesquisa-eleitoral-2026/meio-ideia-pesquisa-presidente-abril-2026/,Maio,40.4,37,6.5,3,3,,,,,0.6,,,,,,,,,,,,,,,,,,,,,,,,,,,,,,,,,,
meio-ideia-2026-04-07-6,Meio/Ideia,2026-03-03,2026-04-07,1500,2.5,https://www.gazetadopovo.com.br/eleicoes/2026/pesquisa-eleitoral-2026/meio-ideia-pesquisa-presidente-abril-2026/,Abril,45.5,45.8,,,,,,,,,,,,,,,,,,,,,,,,,,,,,,,,,,,,,,,,,,
meio-ideia-2026-04-07-7,Meio/Ideia,2026-03-03,2026-04-07,1500,2.5,https://www.gazetadopovo.com.br/eleicoes/2026/pesquisa-eleitoral-2026/meio-ideia-pesquisa-presidente-abril-2026/,Abril,44.7,,,,38.7,,,,,,,,,,,,,,,,,,,,,,,,,,,,,,,,,,,,,,,
meio-ideia-2026-04-07-8,Meio/Ideia,2026-03-03,2026-04-07,1500,2.5,https://www.gazetadopovo.com.br/eleicoes/2026/pesquisa-eleitoral-2026/meio-ideia-pesquisa-presidente-abril-2026/,Abril,45,,39,,,,,,,,,,,,,,,,,,,,,,,,,,,,,,,,,,,,,,,,,
meio-ideia-2026-04-07-9,Meio/Ideia,2026-03-03,2026-04-07,1500,2.5,https://www.gazetadopovo.com.br/eleicoes/2026/pesquisa-eleitoral-2026/meio-ideia-pesquisa-presidente-abril-2026/,Abril,45,,,26.4,,,,,,,,,,,,,,,,,,,,,,,,,,,,,,,,,,,,,,,,
meio-ideia-2026-04-07-10,Meio/Ideia,2026-03-03,2026-04-07,1500,2.5,https://www.gazetadopovo.com.br/eleicoes/2026/pesquisa-eleitoral-2026/meio-ideia-pesquisa-presidente-abril-2026/,Abril,46,,,,,,,,,22.6,,,,,,,,,,,,,,,,,,,,,,,,,,,,,,,,,,
meio-ideia-2026-04-07-11,Meio/Ideia,2026-03-03,2026-04-07,1500,2.5,https://www.gazetadopovo.com.br/eleicoes/2026/pesquisa-eleitoral-2026/meio-ideia-pesquisa-presidente-abril-2026/,Março,45.5,45.8,,,,,,,,,,,,,,,,,,,,,,,,,,,,,,,,,,,,,,,,,,
meio-ideia-2026-04-07-12,Meio/Ideia,2026-03-03,2026-04-07,1500,2.5,https://www.gazetadopovo.com.br/eleicoes/2026/pesquisa-eleitoral-2026/meio-ideia-pesquisa-presidente-abril-2026/,Janeiro - Fevereiro,45.5,45.8,,,,,,,,,,,,,,,,,,,,,,,,,,,,,,,,,,,,,,,,,,
datafolha-2026-04-09,Datafolha,2026-04-07,2026-04-09,2004,2,https://www1.folha.uol.com.br/poder/2026/04/datafolha-lula-perde-vantagem-e-empata-com-flavio-caiado-e-zema-no-2o-turno.shtml,Setembro,39,35,5,2,4,,,,,1,,,1,,,,,,,,,,,,,,,,,,,,,,,,,,,,,,,
datafolha-2026-04-09-2,Datafolha,2026-04-07,2026-04-09,2004,2,https://www1.folha.uol.com.br/poder/2026/04/datafolha-lula-perde-vantagem-e-empata-com-flavio-caiado-e-zema-no-2o-turno.shtml,Agosto,39,35,5,2,4,,,,,1,,,1,,,,,,,,,,,,,,,,,,,,,,,,,,,,,,,
datafolha-2026-04-09-3,Datafolha,2026-04-07,2026-04-09,2004,2,https://www1.folha.uol.com.br/poder/2026/04/datafolha-lula-perde-vantagem-e-empata-com-flavio-caiado-e-zema-no-2o-turno.shtml,Julho,39,35,5,2,4,,,,,1,,,1,,,,,,,,,,,,,,,,,,,,,,,,,,,,,,,
datafolha-2026-04-09-4,Datafolha,2026-04-07,2026-04-09,2004,2,https://www1.folha.uol.com.br/poder/2026/04/datafolha-lula-perde-vantagem-e-empata-com-flavio-caiado-e-zema-no-2o-turno.shtml,Junho,39,35,5,2,4,,,,,1,,,1,,,,,,,,,,,,,,,,,,,,,,,,,,,,,,,
datafolha-2026-04-09-5,Datafolha,2026-04-07,2026-04-09,2004,2,https://www1.folha.uol.com.br/poder/2026/04/datafolha-lula-perde-vantagem-e-empata-com-flavio-caiado-e-zema-no-2o-turno.shtml,Maio,39,35,5,2,4,,,,,1,,,1,,,,,,,,,,,,,,,,,,,,,,,,,,,,,,,
datafolha-2026-04-09-6,Datafolha,2026-04-07,2026-04-09,2004,2,https://www1.folha.uol.com.br/poder/2026/04/datafolha-lula-perde-vantagem-e-empata-com-flavio-caiado-e-zema-no-2o-turno.shtml,Abril,45,46,,,,,,,,,,,,,,,,,,,,,,,,,,,,,,,,,,,,,,,,,,
datafolha-2026-04-09-7,Datafolha,2026-04-07,2026-04-09,2004,2,https://www1.folha.uol.com.br/poder/2026/04/datafolha-lula-perde-vantagem-e-empata-com-flavio-caiado-e-zema-no-2o-turno.shtml,Abril,45,,,,42,,,,,,,,,,,,,,,,,,,,,,,,,,,,,,,,,,,,,,,
datafolha-2026-04-09-8,Datafolha,2026-04-07,2026-04-09,2004,2,https://www1.folha.uol.com.br/poder/2026/04/datafolha-lula-perde-vantagem-e-empata-com-flavio-caiado-e-zema-no-2o-turno.shtml,Abril,45,,42,,,,,,,,,,,,,,,,,,,,,,,,,,,,,,,,,,,,,,,,,
datafolha-2026-04-09-9,Datafolha,2026-04-07,2026-04-09,2004,2,https://www1.folha.uol.com.br/poder/2026/04/datafolha-lula-perde-vantagem-e-empata-com-flavio-caiado-e-zema-no-2o-turno.shtml,Março,45,46,,,,,,,,,,,,,,,,,,,,,,,,,,,,,,,,,,,,,,,,,,
datafolha-2026-04-09-10,Datafolha,2026-04-07,2026-04-09,2004,2,https://www1.folha.uol.com.br/poder/2026/04/datafolha-lula-perde-vantagem-e-empata-com-flavio-caiado-e-zema-no-2o-turno.shtml,Janeiro - Fevereiro,45,46,,,,,,,,,,,,,,,,,,,,,,,,,,,,,,,,,,,,,,,,,,
apex-futura-2026-04-11,Apex/Futura,2026-04-07,2026-04-11,2000,2.2,https://www.cnnbrasil.com.br/eleicoes/futura-apex-lula-e-flavio-empatam-em-cenarios-de-1o-turno/,Setembro,,38.4,7.4,2.4,4,,2.3,,,0.6,,,1.3,,,,,,,,21.3,,,,,,,,,,,,,,,,,,,,,,,
apex-futura-2026-04-11-2,Apex/Futura,2026-04-07,2026-04-11,2000,2.2,https://www.cnnbrasil.com.br/eleicoes/futura-apex-lula-e-flavio-empatam-em-cenarios-de-1o-turno/,Agosto,,38.4,7.4,2.4,4,,2.3,,,0.6,,,1.3,,,,,,,,21.3,,,,,,,,,,,,,,,,,,,,,,,
apex-futura-2026-04-11-3,Apex/Futura,2026-04-07,2026-04-11,2000,2.2,https://www.cnnbrasil.com.br/eleicoes/futura-apex-lula-e-flavio-empatam-em-cenarios-de-1o-turno/,Julho,,38.4,7.4,2.4,4,,2.3,,,0.6,,,1.3,,,,,,,,21.3,,,,,,,,,,,,,,,,,,,,,,,
apex-futura-2026-04-11-4,Apex/Futura,2026-04-07,2026-04-11,2000,2.2,https://www.cnnbrasil.com.br/eleicoes/futura-apex-lula-e-flavio-empatam-em-cenarios-de-1o-turno/,Junho,,38.4,7.4,2.4,4,,2.3,,,0.6,,,1.3,,,,,,,,21.3,,,,,,,,,,,,,,,,,,,,,,,
apex-futura-2026-04-11-5,Apex/Futura,2026-04-07,2026-04-11,2000,2.2,https://www.cnnbrasil.com.br/eleicoes/futura-apex-lula-e-flavio-empatam-em-cenarios-de-1o-turno/,Maio,,38.4,7.4,2.4,4,,2.3,,,0.6,,,1.3,,,,,,,,21.3,,,,,,,,,,,,,,,,,,,,,,,
apex-futura-2026-04-11-6,Apex/Futura,2026-04-07,2026-04-11,2000,2.2,https://www.cnnbrasil.com.br/eleicoes/futura-apex-lula-e-flavio-empatam-em-cenarios-de-1o-turno/,Abril,42.6,48,,,,,,,,,,,,,,,,,,,,,,,,,,,,,,,,,,,,,,,,,,
apex-futura-2026-04-11-7,Apex/Futura,2026-04-07,2026-04-11,2000,2.2,https://www.cnnbrasil.com.br/eleicoes/futura-apex-lula-e-flavio-empatam-em-cenarios-de-1o-turno/,Abril,44.8,,,,38,,,,,,,,,,,,,,,,,,,,,,,,,,,,,,,,,,,,,,,
apex-futura-2026-04-11-8,Apex/Futura,2026-04-07,2026-04-11,2000,2.2,https://www.cnnbrasil.com.br/eleicoes/futura-apex-lula-e-flavio-empatam-em-cenarios-de-1o-turno/,Abril,43.9,,38.8,,,,,,,,,,,,,,,,,,,,,,,,,,,,,,,,,,,,,,,,,
apex-futura-2026-04-11-9,Apex/Futura,2026-04-07,2026-04-11,2000,2.2,https://www.cnnbrasil.com.br/eleicoes/futura-apex-lula-e-flavio-empatam-em-cenarios-de-1o-turno/,Abril,,48.3,,,,,,,,,,,,,,,,,,,34.8,,,,,,,,,,,,,,,,,,,,,,,
apex-futura-2026-04-11-10,Apex/Futura,2026-04-07,2026-04-11,2000,2.2,https://www.cnnbrasil.com.br/eleicoes/futura-apex-lula-e-flavio-empatam-em-cenarios-de-1o-turno/,Março,42.6,48,,,,,,,,,,,,,,,,,,,,,,,,,,,,,,,,,,,,,,,,,,
apex-futura-2026-04-11-11,Apex/Futura,2026-04-07,2026-04-11,2000,2.2,https://www.cnnbrasil.com.br/eleicoes/futura-apex-lula-e-flavio-empatam-em-cenarios-de-1o-turno/,Janeiro - Fevereiro,42.6,48,,,,,,,,,,,,,,,,,,,,,,,,,,,,,,,,,,,,,,,,,,
cnt-mda-2026-04-12,CNT/MDA,2026-04-08,2026-04-12,2002,2.2,https://www.cartacapital.com.br/politica/lula-lidera-a-disputa-contra-flavio-bolsonaro-no-1o-e-2o-turnos-mostra-pesquisa/,Setembro,39.2,30.2,4.6,1.8,3.3,,,,,1.5,,,,,,,,,,,,,,,,,,,,,,,,,,,,,,,,,,
cnt-mda-2026-04-12-2,CNT/MDA,2026-04-08,2026-04-12,2002,2.2,https://www.cartacapital.com.br/politica/lula-lidera-a-disputa-contra-flavio-bolsonaro-no-1o-e-2o-turnos-mostra-pesquisa/,Agosto,39.2,30.2,4.6,1.8,3.3,,,,,1.5,,,,,,,,,,,,,,,,,,,,,,,,,,,,,,,,,,
cnt-mda-2026-04-12-3,CNT/MDA,2026-04-08,2026-04-12,2002,2.2,https://www.cartacapital.com.br/politica/lula-lidera-a-disputa-contra-flavio-bolsonaro-no-1o-e-2o-turnos-mostra-pesquisa/,Julho,39.2,30.2,4.6,1.8,3.3,,,,,1.5,,,,,,,,,,,,,,,,,,,,,,,,,,,,,,,,,,
cnt-mda-2026-04-12-4,CNT/MDA,2026-04-08,2026-04-12,2002,2.2,https://www.cartacapital.com.br/politica/lula-lidera-a-disputa-contra-flavio-bolsonaro-no-1o-e-2o-turnos-mostra-pesquisa/,Junho,39.2,30.2,4.6,1.8,3.3,,,,,1.5,,,,,,,,,,,,,,,,,,,,,,,,,,,,,,,,,,
cnt-mda-2026-04-12-5,CNT/MDA,2026-04-08,2026-04-12,2002,2.2,https://www.cartacapital.com.br/politica/lula-lidera-a-disputa-contra-flavio-bolsonaro-no-1o-e-2o-turnos-mostra-pesquisa/,Maio,39.2,30.2,4.6,1.8,3.3,,,,,1.5,,,,,,,,,,,,,,,,,,,,,,,,,,,,,,,,,,
cnt-mda-2026-04-12-6,CNT/MDA,2026-04-08,2026-04-12,2002,2.2,https://www.cartacapital.com.br/politica/lula-lidera-a-disputa-contra-flavio-bolsonaro-no-1o-e-2o-turnos-mostra-pesquisa/,Abril,44.9,40.2,,,,,,,,,,,,,,,,,,,,,,,,,,,,,,,,,,,,,,,,,,
cnt-mda-2026-04-12-7,CNT/MDA,2026-04-08,2026-04-12,2002,2.2,https://www.cartacapital.com.br/politica/lula-lidera-a-disputa-contra-flavio-bolsonaro-no-1o-e-2o-turnos-mostra-pesquisa/,Março,44.9,40.2,,,,,,,,,,,,,,,,,,,,,,,,,,,,,,,,,,,,,,,,,,
cnt-mda-2026-04-12-8,CNT/MDA,2026-04-08,2026-04-12,2002,2.2,https://www.cartacapital.com.br/politica/lula-lidera-a-disputa-contra-flavio-bolsonaro-no-1o-e-2o-turnos-mostra-pesquisa/,Janeiro - Fevereiro,44.9,40.2,,,,,,,,,,,,,,,,,,,,,,,,,,,,,,,,,,,,,,,,,,
genial-quaest-2026-04-13,Genial/Quaest,2026-04-09,2026-04-13,2004,2,https://www.gazetadopovo.com.br/eleicoes/2026/pesquisa-eleitoral-2026/quaest-presidente-abril-2026/,Setembro,37,32,6,2,3,,2,,,0,,1,1,,,,,,,,,,,,,,,,,,,,,,,,,,,,,,,
genial-quaest-2026-04-13-2,Genial/Quaest,2026-04-09,2026-04-13,2004,2,https://www.gazetadopovo.com.br/eleicoes/2026/pesquisa-eleitoral-2026/quaest-presidente-abril-2026/,Agosto,37,32,6,2,3,,2,,,0,,1,1,,,,,,,,,,,,,,,,,,,,,,,,,,,,,,,
genial-quaest-2026-04-13-3,Genial/Quaest,2026-04-09,2026-04-13,2004,2,https://www.gazetadopovo.com.br/eleicoes/2026/pesquisa-eleitoral-2026/quaest-presidente-abril-2026/,Julho,37,32,6,2,3,,2,,,0,,1,1,,,,,,,,,,,,,,,,,,,,,,,,,,,,,,,
genial-quaest-2026-04-13-4,Genial/Quaest,2026-04-09,2026-04-13,2004,2,https://www.gazetadopovo.com.br/eleicoes/2026/pesquisa-eleitoral-2026/quaest-presidente-abril-2026/,Junho,37,32,6,2,3,,2,,,0,,1,1,,,,,,,,,,,,,,,,,,,,,,,,,,,,,,,
genial-quaest-2026-04-13-5,Genial/Quaest,2026-04-09,2026-04-13,2004,2,https://www.gazetadopovo.com.br/eleicoes/2026/pesquisa-eleitoral-2026/quaest-presidente-abril-2026/,Maio,37,32,6,2,3,,2,,,0,,1,1,,,,,,,,,,,,,,,,,,,,,,,,,,,,,,,
genial-quaest-2026-04-13-6,Genial/Quaest,2026-04-09,2026-04-13,2004,2,https://www.gazetadopovo.com.br/eleicoes/2026/pesquisa-eleitoral-2026/quaest-presidente-abril-2026/,Abril,40,42,,,,,,,,,,,,,,,,,,,,,,,,,,,,,,,,,,,,,,,,,,
genial-quaest-2026-04-13-7,Genial/Quaest,2026-04-09,2026-04-13,2004,2,https://www.gazetadopovo.com.br/eleicoes/2026/pesquisa-eleitoral-2026/quaest-presidente-abril-2026/,Abril,43,,,,36,,,,,,,,,,,,,,,,,,,,,,,,,,,,,,,,,,,,,,,
genial-quaest-2026-04-13-8,Genial/Quaest,2026-04-09,2026-04-13,2004,2,https://www.gazetadopovo.com.br/eleicoes/2026/pesquisa-eleitoral-2026/quaest-presidente-abril-2026/,Abril,43,,35,,,,,,,,,,,,,,,,,,,,,,,,,,,,,,,,,,,,,,,,,
genial-quaest-2026-04-13-9,Genial/Quaest,2026-04-09,2026-04-13,2004,2,https://www.gazetadopovo.com.br/eleicoes/2026/pesquisa-eleitoral-2026/quaest-presidente-abril-2026/,Abril,44,,,,,,23,,,,,,,,,,,,,,,,,,,,,,,,,,,,,,,,,,,,,
genial-quaest-2026-04-13-10,Genial/Quaest,2026-04-09,2026-04-13,2004,2,https://www.gazetadopovo.com.br/eleicoes/2026/pesquisa-eleitoral-2026/quaest-presidente-abril-2026/,Abril,44,,,24,,,,,,,,,,,,,,,,,,,,,,,,,,,,,,,,,,,,,,,,
genial-quaest-2026-04-13-11,Genial/Quaest,2026-04-09,2026-04-13,2004,2,https://www.gazetadopovo.com.br/eleicoes/2026/pesquisa-eleitoral-2026/quaest-presidente-abril-2026/,Março,40,42,,,,,,,,,,,,,,,,,,,,,,,,,,,,,,,,,,,,,,,,,,
genial-quaest-2026-04-13-12,Genial/Quaest,2026-04-09,2026-04-13,2004,2,https://www.gazetadopovo.com.br/eleicoes/2026/pesquisa-eleitoral-2026/quaest-presidente-abril-2026/,Janeiro - Fevereiro,40,42,,,,,,,,,,,,,,,,,,,,,,,,,,,,,,,,,,,,,,,,,,
parana-pesquisas-2026-04-19,Paraná Pesquisas,2026-04-16,2026-04-19,2020,2.2,,Setembro,33.3,,3.6,,,,,,9.7,,,,,,38.5,,,,2.9,,,,,,,,,1,,,,,,,,,,,,,,,,
parana-pesquisas-2026-04-19-2,Paraná Pesquisas,2026-04-16,2026-04-19,2020,2.2,,Agosto,33.3,,3.6,,,,,,9.7,,,,,,38.5,,,,2.9,,,,,,,,,1,,,,,,,,,,,,,,,,
parana-pesquisas-2026-04-19-3,Paraná Pesquisas,2026-04-16,2026-04-19,2020,2.2,,Julho,33.3,,3.6,,,,,,9.7,,,,,,38.5,,,,2.9,,,,,,,,,1,,,,,,,,,,,,,,,,
parana-pesquisas-2026-04-19-4,Paraná Pesquisas,2026-04-16,2026-04-19,2020,2.2,,Junho,33.3,,3.6,,,,,,9.7,,,,,,38.5,,,,2.9,,,,,,,,,1,,,,,,,,,,,,,,,,
parana-pesquisas-2026-04-19-5,Paraná Pesquisas,2026-04-16,2026-04-19,2020,2.2,,Maio,33.3,,3.6,,,,,,9.7,,,,,,38.5,,,,2.9,,,,,,,,,1,,,,,,,,,,,,,,,,
parana-pesquisas-2026-04-19-6,Paraná Pesquisas,2026-04-16,2026-04-19,2020,2.2,,Abril,40.4,,,,,,,,,,,,,,46,,,,,,,,,,,,,,,,,,,,,,,,,,,,,
parana-pesquisas-2026-04-19-7,Paraná Pesquisas,2026-04-16,2026-04-19,2020,2.2,,Abril,41,,,,,,,,,,,,,,,,,,,45,,,,,,,,,,,,,,,,,,,,,,,,
parana-pesquisas-2026-04-19-8,Paraná Pesquisas,2026-04-16,2026-04-19,2020,2.2,,Abril,40.6,,,,,,,,,,43.4,,,,,,,,,,,,,,,,,,,,,,,,,,,,,,,,,
atlasintel-2026-04-24,AtlasIntel,2026-04-20,2026-04-24,5419,1,https://exame.com/brasil/lula-bolsonaro-tarcisio-michelle-haddad-e-ciro-atlasintel-simula-cenarios-para-2026/,Setembro,43.3,,5.5,,3,1.7,,2.6,3,,,,,,,,,,2.7,31.3,,,,,,1,,,0,,,,,,,,,,,,,,,
atlasintel-2026-04-24-2,AtlasIntel,2026-04-20,2026-04-24,5419,1,https://exame.com/brasil/lula-bolsonaro-tarcisio-michelle-haddad-e-ciro-atlasintel-simula-cenarios-para-2026/,Agosto,43.3,,5.5,,3,1.7,,2.6,3,,,,,,,,,,2.7,31.3,,,,,,1,,,0,,,,,,,,,,,,,,,
atlasintel-2026-04-24-3,AtlasIntel,2026-04-20,2026-04-24,5419,1,https://exame.com/brasil/lula-bolsonaro-tarcisio-michelle-haddad-e-ciro-atlasintel-simula-cenarios-para-2026/,Julho,43.3,,5.5,,3,1.7,,2.6,3,,,,,,,,,,2.7,31.3,,,,,,1,,,0,,,,,,,,,,,,,,,
atlasintel-2026-04-24-4,AtlasIntel,2026-04-20,2026-04-24,5419,1,https://exame.com/brasil/lula-bolsonaro-tarcisio-michelle-haddad-e-ciro-atlasintel-simula-cenarios-para-2026/,Junho,43.3,,5.5,,3,1.7,,2.6,3,,,,,,,,,,2.7,31.3,,,,,,1,,,0,,,,,,,,,,,,,,,
atlasintel-2026-04-24-5,AtlasIntel,2026-04-20,2026-04-24,5419,1,https://exame.com/brasil/lula-bolsonaro-tarcisio-michelle-haddad-e-ciro-atlasintel-simula-cenarios-para-2026/,Maio,43.3,,5.5,,3,1.7,,2.6,3,,,,,,,,,,2.7,31.3,,,,,,1,,,0,,,,,,,,,,,,,,,
atlasintel-2026-04-24-6,AtlasIntel,2026-04-20,2026-04-24,5419,1,https://exame.com/brasil/lula-bolsonaro-tarcisio-michelle-haddad-e-ciro-atlasintel-simula-cenarios-para-2026/,Abril,45.6,,,,39.5,,,,,,,,,,,,,,,,,,,,,,,,,,,,,,,,,,,,,,,
atlasintel-2026-04-24-7,AtlasIntel,2026-04-20,2026-04-24,5419,1,https://exame.com/brasil/lula-bolsonaro-tarcisio-michelle-haddad-e-ciro-atlasintel-simula-cenarios-para-2026/,Abril,45,,36.3,,,,,,,,,,,,,,,,,,,,,,,,,,,,,,,,,,,,,,,,,
atlasintel-2026-04-24-8,AtlasIntel,2026-04-20,2026-04-24,5419,1,https://exame.com/brasil/lula-bolsonaro-tarcisio-michelle-haddad-e-ciro-atlasintel-simula-cenarios-para-2026/,Abril,48.5,,,,,,,,,,,,,,46.4,,,,,,,,,,,,,,,,,,,,,,,,,,,,,
atlasintel-2026-04-24-9,AtlasIntel,2026-04-20,2026-04-24,5419,1,https://exame.com/brasil/lula-bolsonaro-tarcisio-michelle-haddad-e-ciro-atlasintel-simula-cenarios-para-2026/,Abril,46.6,,,,,,,,,,,,,,,,,,,46.1,,,,,,,,,,,,,,,,,,,,,,,,
atlasintel-2026-04-24-10,AtlasIntel,2026-04-20,2026-04-24,5419,1,https://exame.com/brasil/lula-bolsonaro-tarcisio-michelle-haddad-e-ciro-atlasintel-simula-cenarios-para-2026/,Abril,46.7,,,,,,,,,,46.7,,,,,,,,,,,,,,,,,,,,,,,,,,,,,,,,,
atlasintel-2026-04-24-11,AtlasIntel,2026-04-20,2026-04-24,5419,1,https://exame.com/brasil/lula-bolsonaro-tarcisio-michelle-haddad-e-ciro-atlasintel-simula-cenarios-para-2026/,Abril,47.2,,,,,,,34.9,,,,,,,,,,,,,,,,,,,,,,,,,,,,,,,,,,,,
atlasintel-2026-04-24-12,AtlasIntel,2026-04-20,2026-04-24,5419,1,https://exame.com/brasil/lula-bolsonaro-tarcisio-michelle-haddad-e-ciro-atlasintel-simula-cenarios-para-2026/,Abril,45.3,,,,,,,,,,,,,,,,,,24.2,,,,,,,,,,,,,,,,,,,,,,,,,
gerp-2026-04-25,Gerp,2026-04-21,2026-04-25,2000,2.24,,Setembro,30,,3,,3,4,,3,7,,,,,,37,,,,,,,,,,,,,,,,,,,,,,,,,,,,,
gerp-2026-04-25-2,Gerp,2026-04-21,2026-04-25,2000,2.24,,Agosto,30,,3,,3,4,,3,7,,,,,,37,,,,,,,,,,,,,,,,,,,,,,,,,,,,,
gerp-2026-04-25-3,Gerp,2026-04-21,2026-04-25,2000,2.24,,Julho,30,,3,,3,4,,3,7,,,,,,37,,,,,,,,,,,,,,,,,,,,,,,,,,,,,
gerp-2026-04-25-4,Gerp,2026-04-21,2026-04-25,2000,2.24,,Junho,30,,3,,3,4,,3,7,,,,,,37,,,,,,,,,,,,,,,,,,,,,,,,,,,,,
gerp-2026-04-25-5,Gerp,2026-04-21,2026-04-25,2000,2.24,,Maio,30,,3,,3,4,,3,7,,,,,,37,,,,,,,,,,,,,,,,,,,,,,,,,,,,,
nexus-btg-pactual-2026-04-26,Nexus/BTG Pactual,2026-04-24,2026-04-26,2028,2,https://www.cartacapital.com.br/politica/a-disputa-pela-presidencia-no-1o-turno-segundo-nova-pesquisa-nexus/,Setembro,41,36,3,3,4,,2,,,1,,,1,,,,,,,,,,,,,,,,,,,,,,,,,,,,,,,
nexus-btg-pactual-2026-04-26-2,Nexus/BTG Pactual,2026-04-24,2026-04-26,2028,2,https://www.cartacapital.com.br/politica/a-disputa-pela-presidencia-no-1o-turno-segundo-nova-pesquisa-nexus/,Agosto,41,36,3,3,4,,2,,,1,,,1,,,,,,,,,,,,,,,,,,,,,,,,,,,,,,,
nexus-btg-pactual-2026-04-26-3,Nexus/BTG Pactual,2026-04-24,2026-04-26,2028,2,https://www.cartacapital.com.br/politica/a-disputa-pela-presidencia-no-1o-turno-segundo-nova-pesquisa-nexus/,Julho,41,36,3,3,4,,2,,,1,,,1,,,,,,,,,,,,,,,,,,,,,,,,,,,,,,,
nexus-btg-pactual-2026-04-26-4,Nexus/BTG Pactual,2026-04-24,2026-04-26,2028,2,https://www.cartacapital.com.br/politica/a-disputa-pela-presidencia-no-1o-turno-segundo-nova-pesquisa-nexus/,Junho,41,36,3,3,4,,2,,,1,,,1,,,,,,,,,,,,,,,,,,,,,,,,,,,,,,,
nexus-btg-pactual-2026-04-26-5,Nexus/BTG Pactual,2026-04-24,2026-04-26,2028,2,https://www.cartacapital.com.br/politica/a-disputa-pela-presidencia-no-1o-turno-segundo-nova-pesquisa-nexus/,Maio,41,36,3,3,4,,2,,,1,,,1,,,,,,,,,,,,,,,,,,,,,,,,,,,,,,,
nexus-btg-pactual-2026-04-26-6,Nexus/BTG Pactual,2026-04-24,2026-04-26,2028,2,https://www.cartacapital.com.br/politica/a-disputa-pela-presidencia-no-1o-turno-segundo-nova-pesquisa-nexus/,Abril,46,45,,,,,,,,,,,,,,,,,,,,,,,,,,,,,,,,,,,,,,,,,,
nexus-btg-pactual-2026-04-26-7,Nexus/BTG Pactual,2026-04-24,2026-04-26,2028,2,https://www.cartacapital.com.br/politica/a-disputa-pela-presidencia-no-1o-turno-segundo-nova-pesquisa-nexus/,Abril,45,,,,41,,,,,,,,,,,,,,,,,,,,,,,,,,,,,,,,,,,,,,,
nexus-btg-pactual-2026-04-26-8,Nexus/BTG Pactual,2026-04-24,2026-04-26,2028,2,https://www.cartacapital.com.br/politica/a-disputa-pela-presidencia-no-1o-turno-segundo-nova-pesquisa-nexus/,Abril,45,,41,,,,,,,,,,,,,,,,,,,,,,,,,,,,,,,,,,,,,,,,,
nexus-btg-pactual-2026-04-26-9,Nexus/BTG Pactual,2026-04-24,2026-04-26,2028,2,https://www.cartacapital.com.br/politica/a-disputa-pela-presidencia-no-1o-turno-segundo-nova-pesquisa-nexus/,Março,46,45,,,,,,,,,,,,,,,,,,,,,,,,,,,,,,,,,,,,,,,,,,
nexus-btg-pactual-2026-04-26-10,Nexus/BTG Pactual,2026-04-24,2026-04-26,2028,2,https://www.cartacapital.com.br/politica/a-disputa-pela-presidencia-no-1o-turno-segundo-nova-pesquisa-nexus/,Janeiro - Fevereiro,46,45,,,,,,,,,,,,,,,,,,,,,,,,,,,,,,,,,,,,,,,,,,
atlasintel-2026-04-27,AtlasIntel,2026-04-22,2026-04-27,5008,1,,Setembro,44.2,39.3,3,5.1,3.5,,0.4,,,0.4,,2,0,0,,0,0.2,,,,,,,,,,,,,,,,,,,,,,,,,,,
atlasintel-2026-04-27-2,AtlasIntel,2026-04-22,2026-04-27,5008,1,,Agosto,44.2,39.3,3,5.1,3.5,,0.4,,,0.4,,2,0,0,,0,0.2,,,,,,,,,,,,,,,,,,,,,,,,,,,
atlasintel-2026-04-27-3,AtlasIntel,2026-04-22,2026-04-27,5008,1,,Julho,44.2,39.3,3,5.1,3.5,,0.4,,,0.4,,2,0,0,,0,0.2,,,,,,,,,,,,,,,,,,,,,,,,,,,
atlasintel-2026-04-27-4,AtlasIntel,2026-04-22,2026-04-27,5008,1,,Junho,44.2,39.3,3,5.1,3.5,,0.4,,,0.4,,2,0,0,,0,0.2,,,,,,,,,,,,,,,,,,,,,,,,,,,
atlasintel-2026-04-27-5,AtlasIntel,2026-04-22,2026-04-27,5008,1,,Maio,44.2,39.3,3,5.1,3.5,,0.4,,,0.4,,2,0,0,,0,0.2,,,,,,,,,,,,,,,,,,,,,,,,,,,
atlasintel-2026-04-27-6,AtlasIntel,2026-04-22,2026-04-27,5008,1,,Abril,47.5,47.8,,,,,,,,,,,,,,,,,,,,,,,,,,,,,,,,,,,,,,,,,,
atlasintel-2026-04-27-7,AtlasIntel,2026-04-22,2026-04-27,5008,1,,Abril,47.4,,,,46.5,,,,,,,,,,,,,,,,,,,,,,,,,,,,,,,,,,,,,,,
atlasintel-2026-04-27-8,AtlasIntel,2026-04-22,2026-04-27,5008,1,,Abril,46.8,,42.2,,,,,,,,,,,,,,,,,,,,,,,,,,,,,,,,,,,,,,,,,
atlasintel-2026-04-27-9,AtlasIntel,2026-04-22,2026-04-27,5008,1,,Abril,47.1,,,29.5,,,,,,,,,,,,,,,,,,,,,,,,,,,,,,,,,,,,,,,,
atlasintel-2026-04-27-10,AtlasIntel,2026-04-22,2026-04-27,5008,1,,Abril,48,,,,,,,,,,,,,,46.8,,,,,,,,,,,,,,,,,,,,,,,,,,,,,
atlasintel-2026-04-27-11,AtlasIntel,2026-04-22,2026-04-27,5008,1,,Abril,,47.5,,,,,,,,,,,,,,,,,,,,,,,,,,,,,,,45.9,,,,,,,,,,,
atlasintel-2026-04-27-12,AtlasIntel,2026-04-22,2026-04-27,5008,1,,Abril,,48.1,,,,,,,,,,,,,,,,,,,44.3,,,,,,,,,,,,,,,,,,,,,,,
atlasintel-2026-04-27-13,AtlasIntel,2026-04-22,2026-04-27,5008,1,,Março,47.5,47.8,,,,,,,,,,,,,,,,,,,,,,,,,,,,,,,,,,,,,,,,,,
atlasintel-2026-04-27-14,AtlasIntel,2026-04-22,2026-04-27,5008,1,,Janeiro - Fevereiro,47.5,47.8,,,,,,,,,,,,,,,,,,,,,,,,,,,,,,,,,,,,,,,,,,
parana-pesquisas-2026-05-01,Paraná Pesquisas,2026-04-27,2026-05-01,2020,2.2,https://g1.globo.com/politica/eleicoes/2026/noticia/2026/05/11/ciro-gomes-candidatura-2026.ghtml,Setembro,36,,,,,,,,8.4,,,,,,38.8,,,,3.4,,,,,,,,,1,,,,,,,,,,,,,,,,
parana-pesquisas-2026-05-01-2,Paraná Pesquisas,2026-04-27,2026-05-01,2020,2.2,https://g1.globo.com/politica/eleicoes/2026/noticia/2026/05/11/ciro-gomes-candidatura-2026.ghtml,Agosto,36,,,,,,,,8.4,,,,,,38.8,,,,3.4,,,,,,,,,1,,,,,,,,,,,,,,,,
parana-pesquisas-2026-05-01-3,Paraná Pesquisas,2026-04-27,2026-05-01,2020,2.2,https://g1.globo.com/politica/eleicoes/2026/noticia/2026/05/11/ciro-gomes-candidatura-2026.ghtml,Julho,36,,,,,,,,8.4,,,,,,38.8,,,,3.4,,,,,,,,,1,,,,,,,,,,,,,,,,
parana-pesquisas-2026-05-01-4,Paraná Pesquisas,2026-04-27,2026-05-01,2020,2.2,https://g1.globo.com/politica/eleicoes/2026/noticia/2026/05/11/ciro-gomes-candidatura-2026.ghtml,Junho,36,,,,,,,,8.4,,,,,,38.8,,,,3.4,,,,,,,,,1,,,,,,,,,,,,,,,,
parana-pesquisas-2026-05-01-5,Paraná Pesquisas,2026-04-27,2026-05-01,2020,2.2,https://g1.globo.com/politica/eleicoes/2026/noticia/2026/05/11/ciro-gomes-candidatura-2026.ghtml,Maio,36,,,,,,,,8.4,,,,,,38.8,,,,3.4,,,,,,,,,1,,,,,,,,,,,,,,,,
parana-pesquisas-2026-05-01-6,Paraná Pesquisas,2026-04-27,2026-05-01,2020,2.2,https://g1.globo.com/politica/eleicoes/2026/noticia/2026/05/11/ciro-gomes-candidatura-2026.ghtml,Abril,41.7,,,,,,,,,,,,,,42,,,,,,,,,,,,,,,,,,,,,,,,,,,,,
parana-pesquisas-2026-05-01-7,Paraná Pesquisas,2026-04-27,2026-05-01,2020,2.2,https://g1.globo.com/politica/eleicoes/2026/noticia/2026/05/11/ciro-gomes-candidatura-2026.ghtml,Abril,42,,,,,,,,,,,,,,,,,,,40.1,,,,,,,,,,,,,,,,,,,,,,,,
parana-pesquisas-2026-05-01-8,Paraná Pesquisas,2026-04-27,2026-05-01,2020,2.2,https://g1.globo.com/politica/eleicoes/2026/noticia/2026/05/11/ciro-gomes-candidatura-2026.ghtml,Abril,41.7,,,,,,,,,,36.6,,,,,,,,,,,,,,,,,,,,,,,,,,,,,,,,,
real-time-big-data-2026-05-04,Real Time Big Data,2026-05-02,2026-05-04,2000,2,https://www.poder360.com.br/poder-eleicoes/lula-empata-com-flavio-e-zema-no-2o-turno-diz-atlasintel/,Setembro,40,34,5,3,4,,1,,,1,,0,1,0,,0,0,,,,,,,,,,,,,,,,,,,,,,,,,,,
real-time-big-data-2026-05-04-2,Real Time Big Data,2026-05-02,2026-05-04,2000,2,https://www.poder360.com.br/poder-eleicoes/lula-empata-com-flavio-e-zema-no-2o-turno-diz-atlasintel/,Agosto,40,34,5,3,4,,1,,,1,,0,1,0,,0,0,,,,,,,,,,,,,,,,,,,,,,,,,,,
real-time-big-data-2026-05-04-3,Real Time Big Data,2026-05-02,2026-05-04,2000,2,https://www.poder360.com.br/poder-eleicoes/lula-empata-com-flavio-e-zema-no-2o-turno-diz-atlasintel/,Julho,40,34,5,3,4,,1,,,1,,0,1,0,,0,0,,,,,,,,,,,,,,,,,,,,,,,,,,,
real-time-big-data-2026-05-04-4,Real Time Big Data,2026-05-02,2026-05-04,2000,2,https://www.poder360.com.br/poder-eleicoes/lula-empata-com-flavio-e-zema-no-2o-turno-diz-atlasintel/,Junho,40,34,5,3,4,,1,,,1,,0,1,0,,0,0,,,,,,,,,,,,,,,,,,,,,,,,,,,
real-time-big-data-2026-05-04-5,Real Time Big Data,2026-05-02,2026-05-04,2000,2,https://www.poder360.com.br/poder-eleicoes/lula-empata-com-flavio-e-zema-no-2o-turno-diz-atlasintel/,Maio,40,34,5,3,4,,1,,,1,,0,1,0,,0,0,,,,,,,,,,,,,,,,,,,,,,,,,,,
real-time-big-data-2026-05-04-6,Real Time Big Data,2026-05-02,2026-05-04,2000,2,https://www.poder360.com.br/poder-eleicoes/lula-empata-com-flavio-e-zema-no-2o-turno-diz-atlasintel/,Abril,43,44,,,,,,,,,,,,,,,,,,,,,,,,,,,,,,,,,,,,,,,,,,
real-time-big-data-2026-05-04-7,Real Time Big Data,2026-05-02,2026-05-04,2000,2,https://www.poder360.com.br/poder-eleicoes/lula-empata-com-flavio-e-zema-no-2o-turno-diz-atlasintel/,Abril,43,,,,39,,,,,,,,,,,,,,,,,,,,,,,,,,,,,,,,,,,,,,,
real-time-big-data-2026-05-04-8,Real Time Big Data,2026-05-02,2026-05-04,2000,2,https://www.poder360.com.br/poder-eleicoes/lula-empata-com-flavio-e-zema-no-2o-turno-diz-atlasintel/,Abril,43,,42,,,,,,,,,,,,,,,,,,,,,,,,,,,,,,,,,,,,,,,,,
real-time-big-data-2026-05-04-9,Real Time Big Data,2026-05-02,2026-05-04,2000,2,https://www.poder360.com.br/poder-eleicoes/lula-empata-com-flavio-e-zema-no-2o-turno-diz-atlasintel/,Abril,48,,,24,,,,,,,,,,,,,,,,,,,,,,,,,,,,,,,,,,,,,,,,
real-time-big-data-2026-05-04-10,Real Time Big Data,2026-05-02,2026-05-04,2000,2,https://www.poder360.com.br/poder-eleicoes/lula-empata-com-flavio-e-zema-no-2o-turno-diz-atlasintel/,Abril,43,,,,,,,,43,,,,,,,,,,,,,,,,,,,,,,,,,,,,,,,,,,,
real-time-big-data-2026-05-04-11,Real Time Big Data,2026-05-02,2026-05-04,2000,2,https://www.poder360.com.br/poder-eleicoes/lula-empata-com-flavio-e-zema-no-2o-turno-diz-atlasintel/,Março,43,44,,,,,,,,,,,,,,,,,,,,,,,,,,,,,,,,,,,,,,,,,,
real-time-big-data-2026-05-04-12,Real Time Big Data,2026-05-02,2026-05-04,2000,2,https://www.poder360.com.br/poder-eleicoes/lula-empata-com-flavio-e-zema-no-2o-turno-diz-atlasintel/,Janeiro - Fevereiro,43,44,,,,,,,,,,,,,,,,,,,,,,,,,,,,,,,,,,,,,,,,,,
meio-ideia-2026-05-05,Meio/Ideia,2026-05-01,2026-05-05,1500,2.5,https://www.cnnbrasil.com.br/eleicoes/meio-ideia-lula-tem-40-e-flavio-36-no-1o-turno/,Setembro,40,36,5.6,1.4,3,,1.5,,,0.8,,0,0.3,0,,0,0,,,,,,,,,,,,,,,,,,,,,,,,,,,
meio-ideia-2026-05-05-2,Meio/Ideia,2026-05-01,2026-05-05,1500,2.5,https://www.cnnbrasil.com.br/eleicoes/meio-ideia-lula-tem-40-e-flavio-36-no-1o-turno/,Agosto,40,36,5.6,1.4,3,,1.5,,,0.8,,0,0.3,0,,0,0,,,,,,,,,,,,,,,,,,,,,,,,,,,
meio-ideia-2026-05-05-3,Meio/Ideia,2026-05-01,2026-05-05,1500,2.5,https://www.cnnbrasil.com.br/eleicoes/meio-ideia-lula-tem-40-e-flavio-36-no-1o-turno/,Julho,40,36,5.6,1.4,3,,1.5,,,0.8,,0,0.3,0,,0,0,,,,,,,,,,,,,,,,,,,,,,,,,,,
meio-ideia-2026-05-05-4,Meio/Ideia,2026-05-01,2026-05-05,1500,2.5,https://www.cnnbrasil.com.br/eleicoes/meio-ideia-lula-tem-40-e-flavio-36-no-1o-turno/,Junho,40,36,5.6,1.4,3,,1.5,,,0.8,,0,0.3,0,,0,0,,,,,,,,,,,,,,,,,,,,,,,,,,,
meio-ideia-2026-05-05-5,Meio/Ideia,2026-05-01,2026-05-05,1500,2.5,https://www.cnnbrasil.com.br/eleicoes/meio-ideia-lula-tem-40-e-flavio-36-no-1o-turno/,Maio,40,36,5.6,1.4,3,,1.5,,,0.8,,0,0.3,0,,0,0,,,,,,,,,,,,,,,,,,,,,,,,,,,
meio-ideia-2026-05-05-6,Meio/Ideia,2026-05-01,2026-05-05,1500,2.5,https://www.cnnbrasil.com.br/eleicoes/meio-ideia-lula-tem-40-e-flavio-36-no-1o-turno/,Abril,44.7,45.3,,,,,,,,,,,,,,,,,,,,,,,,,,,,,,,,,,,,,,,,,,
meio-ideia-2026-05-05-7,Meio/Ideia,2026-05-01,2026-05-05,1500,2.5,https://www.cnnbrasil.com.br/eleicoes/meio-ideia-lula-tem-40-e-flavio-36-no-1o-turno/,Abril,44,,,,39,,,,,,,,,,,,,,,,,,,,,,,,,,,,,,,,,,,,,,,
meio-ideia-2026-05-05-8,Meio/Ideia,2026-05-01,2026-05-05,1500,2.5,https://www.cnnbrasil.com.br/eleicoes/meio-ideia-lula-tem-40-e-flavio-36-no-1o-turno/,Abril,44.7,,40,,,,,,,,,,,,,,,,,,,,,,,,,,,,,,,,,,,,,,,,,
meio-ideia-2026-05-05-9,Meio/Ideia,2026-05-01,2026-05-05,1500,2.5,https://www.cnnbrasil.com.br/eleicoes/meio-ideia-lula-tem-40-e-flavio-36-no-1o-turno/,Março,44.7,45.3,,,,,,,,,,,,,,,,,,,,,,,,,,,,,,,,,,,,,,,,,,
meio-ideia-2026-05-05-10,Meio/Ideia,2026-05-01,2026-05-05,1500,2.5,https://www.cnnbrasil.com.br/eleicoes/meio-ideia-lula-tem-40-e-flavio-36-no-1o-turno/,Janeiro - Fevereiro,44.7,45.3,,,,,,,,,,,,,,,,,,,,,,,,,,,,,,,,,,,,,,,,,,
genial-quaest-2026-05-06,Genial/Quaest,2026-05-02,2026-05-06,2045,2.2,,Abril,46,,,,,,,,,,40,,,,,,,,,,,,,,,,,,,,,,,,,,,,,,,,,
apex-futura-2026-05-08,Apex/Futura,2026-05-04,2026-05-08,2000,2.2,https://www.cnnbrasil.com.br/eleicoes/futura-apex-lula-e-flavio-tem-empate-tecnico-no-1o-turno/,Setembro,,35.9,4.2,2,4.4,,2.2,,,0.9,,,1.7,,,,,,,,17.1,,,,,,,,,,,,,,,,,,,,,,,
apex-futura-2026-05-08-2,Apex/Futura,2026-05-04,2026-05-08,2000,2.2,https://www.cnnbrasil.com.br/eleicoes/futura-apex-lula-e-flavio-tem-empate-tecnico-no-1o-turno/,Agosto,,35.9,4.2,2,4.4,,2.2,,,0.9,,,1.7,,,,,,,,17.1,,,,,,,,,,,,,,,,,,,,,,,
apex-futura-2026-05-08-3,Apex/Futura,2026-05-04,2026-05-08,2000,2.2,https://www.cnnbrasil.com.br/eleicoes/futura-apex-lula-e-flavio-tem-empate-tecnico-no-1o-turno/,Julho,,35.9,4.2,2,4.4,,2.2,,,0.9,,,1.7,,,,,,,,17.1,,,,,,,,,,,,,,,,,,,,,,,
apex-futura-2026-05-08-4,Apex/Futura,2026-05-04,2026-05-08,2000,2.2,https://www.cnnbrasil.com.br/eleicoes/futura-apex-lula-e-flavio-tem-empate-tecnico-no-1o-turno/,Junho,,35.9,4.2,2,4.4,,2.2,,,0.9,,,1.7,,,,,,,,17.1,,,,,,,,,,,,,,,,,,,,,,,
apex-futura-2026-05-08-5,Apex/Futura,2026-05-04,2026-05-08,2000,2.2,https://www.cnnbrasil.com.br/eleicoes/futura-apex-lula-e-flavio-tem-empate-tecnico-no-1o-turno/,Maio,,35.9,4.2,2,4.4,,2.2,,,0.9,,,1.7,,,,,,,,17.1,,,,,,,,,,,,,,,,,,,,,,,
apex-futura-2026-05-08-6,Apex/Futura,2026-05-04,2026-05-08,2000,2.2,https://www.cnnbrasil.com.br/eleicoes/futura-apex-lula-e-flavio-tem-empate-tecnico-no-1o-turno/,Abril,44.4,46.9,,,,,,,,,,,,,,,,,,,,,,,,,,,,,,,,,,,,,,,,,,
apex-futura-2026-05-08-7,Apex/Futura,2026-05-04,2026-05-08,2000,2.2,https://www.cnnbrasil.com.br/eleicoes/futura-apex-lula-e-flavio-tem-empate-tecnico-no-1o-turno/,Abril,46,,,,37.8,,,,,,,,,,,,,,,,,,,,,,,,,,,,,,,,,,,,,,,
apex-futura-2026-05-08-8,Apex/Futura,2026-05-04,2026-05-08,2000,2.2,https://www.cnnbrasil.com.br/eleicoes/futura-apex-lula-e-flavio-tem-empate-tecnico-no-1o-turno/,Abril,45.1,,36.9,,,,,,,,,,,,,,,,,,,,,,,,,,,,,,,,,,,,,,,,,
apex-futura-2026-05-08-9,Apex/Futura,2026-05-04,2026-05-08,2000,2.2,https://www.cnnbrasil.com.br/eleicoes/futura-apex-lula-e-flavio-tem-empate-tecnico-no-1o-turno/,Abril,41.4,,,,,,,,37.8,,,,,,,,,,,,,,,,,,,,,,,,,,,,,,,,,,,
apex-futura-2026-05-08-10,Apex/Futura,2026-05-04,2026-05-08,2000,2.2,https://www.cnnbrasil.com.br/eleicoes/futura-apex-lula-e-flavio-tem-empate-tecnico-no-1o-turno/,Abril,,47.8,,,,,,,,,,,,,,,,,,,36.2,,,,,,,,,,,,,,,,,,,,,,,
apex-futura-2026-05-08-11,Apex/Futura,2026-05-04,2026-05-08,2000,2.2,https://www.cnnbrasil.com.br/eleicoes/futura-apex-lula-e-flavio-tem-empate-tecnico-no-1o-turno/,Março,44.4,46.9,,,,,,,,,,,,,,,,,,,,,,,,,,,,,,,,,,,,,,,,,,
apex-futura-2026-05-08-12,Apex/Futura,2026-05-04,2026-05-08,2000,2.2,https://www.cnnbrasil.com.br/eleicoes/futura-apex-lula-e-flavio-tem-empate-tecnico-no-1o-turno/,Janeiro - Fevereiro,44.4,46.9,,,,,,,,,,,,,,,,,,,,,,,,,,,,,,,,,,,,,,,,,,
genial-quaest-2026-05-11,Genial/Quaest,2026-05-08,2026-05-11,2004,2,https://www.gazetadopovo.com.br/eleicoes/2026/pesquisa-eleitoral-2026/genial-quaest-presidente-maio-2026/,Setembro,39,33,4,2,4,,1,,,0,,1,1,,,,0,,,,,,,,,,,,,,,,,,,,,,,,,,,
genial-quaest-2026-05-11-2,Genial/Quaest,2026-05-08,2026-05-11,2004,2,https://www.gazetadopovo.com.br/eleicoes/2026/pesquisa-eleitoral-2026/genial-quaest-presidente-maio-2026/,Agosto,39,33,4,2,4,,1,,,0,,1,1,,,,0,,,,,,,,,,,,,,,,,,,,,,,,,,,
genial-quaest-2026-05-11-3,Genial/Quaest,2026-05-08,2026-05-11,2004,2,https://www.gazetadopovo.com.br/eleicoes/2026/pesquisa-eleitoral-2026/genial-quaest-presidente-maio-2026/,Julho,39,33,4,2,4,,1,,,0,,1,1,,,,0,,,,,,,,,,,,,,,,,,,,,,,,,,,
genial-quaest-2026-05-11-4,Genial/Quaest,2026-05-08,2026-05-11,2004,2,https://www.gazetadopovo.com.br/eleicoes/2026/pesquisa-eleitoral-2026/genial-quaest-presidente-maio-2026/,Junho,39,33,4,2,4,,1,,,0,,1,1,,,,0,,,,,,,,,,,,,,,,,,,,,,,,,,,
genial-quaest-2026-05-11-5,Genial/Quaest,2026-05-08,2026-05-11,2004,2,https://www.gazetadopovo.com.br/eleicoes/2026/pesquisa-eleitoral-2026/genial-quaest-presidente-maio-2026/,Maio,39,33,4,2,4,,1,,,0,,1,1,,,,0,,,,,,,,,,,,,,,,,,,,,,,,,,,
genial-quaest-2026-05-11-6,Genial/Quaest,2026-05-08,2026-05-11,2004,2,https://www.gazetadopovo.com.br/eleicoes/2026/pesquisa-eleitoral-2026/genial-quaest-presidente-maio-2026/,Abril,42,41,,,,,,,,,,,,,,,,,,,,,,,,,,,,,,,,,,,,,,,,,,
genial-quaest-2026-05-11-7,Genial/Quaest,2026-05-08,2026-05-11,2004,2,https://www.gazetadopovo.com.br/eleicoes/2026/pesquisa-eleitoral-2026/genial-quaest-presidente-maio-2026/,Abril,44,,,,37,,,,,,,,,,,,,,,,,,,,,,,,,,,,,,,,,,,,,,,
genial-quaest-2026-05-11-8,Genial/Quaest,2026-05-08,2026-05-11,2004,2,https://www.gazetadopovo.com.br/eleicoes/2026/pesquisa-eleitoral-2026/genial-quaest-presidente-maio-2026/,Abril,44,,35,,,,,,,,,,,,,,,,,,,,,,,,,,,,,,,,,,,,,,,,,
genial-quaest-2026-05-11-9,Genial/Quaest,2026-05-08,2026-05-11,2004,2,https://www.gazetadopovo.com.br/eleicoes/2026/pesquisa-eleitoral-2026/genial-quaest-presidente-maio-2026/,Abril,45,,,28,,,,,,,,,,,,,,,,,,,,,,,,,,,,,,,,,,,,,,,,
genial-quaest-2026-05-11-10,Genial/Quaest,2026-05-08,2026-05-11,2004,2,https://www.gazetadopovo.com.br/eleicoes/2026/pesquisa-eleitoral-2026/genial-quaest-presidente-maio-2026/,Março,42,41,,,,,,,,,,,,,,,,,,,,,,,,,,,,,,,,,,,,,,,,,,
genial-quaest-2026-05-11-11,Genial/Quaest,2026-05-08,2026-05-11,2004,2,https://www.gazetadopovo.com.br/eleicoes/2026/pesquisa-eleitoral-2026/genial-quaest-presidente-maio-2026/,Janeiro - Fevereiro,42,41,,,,,,,,,,,,,,,,,,,,,,,,,,,,,,,,,,,,,,,,,,
gerp-2026-05-12,Gerp,2026-05-08,2026-05-12,2000,2.24,https://www.poder360.com.br/poder-eleicoes/flavio-tem-50-e-lula-43-no-2o-turno-diz-pesquisa/,Setembro,34,36,1,1,5,,1,,,,,1,0,0,,,,,,,,,,,,,,,,,,,,,,,,,,,,,,
gerp-2026-05-12-2,Gerp,2026-05-08,2026-05-12,2000,2.24,https://www.poder360.com.br/poder-eleicoes/flavio-tem-50-e-lula-43-no-2o-turno-diz-pesquisa/,Agosto,34,36,1,1,5,,1,,,,,1,0,0,,,,,,,,,,,,,,,,,,,,,,,,,,,,,,
gerp-2026-05-12-3,Gerp,2026-05-08,2026-05-12,2000,2.24,https://www.poder360.com.br/poder-eleicoes/flavio-tem-50-e-lula-43-no-2o-turno-diz-pesquisa/,Julho,34,36,1,1,5,,1,,,,,1,0,0,,,,,,,,,,,,,,,,,,,,,,,,,,,,,,
gerp-2026-05-12-4,Gerp,2026-05-08,2026-05-12,2000,2.24,https://www.poder360.com.br/poder-eleicoes/flavio-tem-50-e-lula-43-no-2o-turno-diz-pesquisa/,Junho,34,36,1,1,5,,1,,,,,1,0,0,,,,,,,,,,,,,,,,,,,,,,,,,,,,,,
gerp-2026-05-12-5,Gerp,2026-05-08,2026-05-12,2000,2.24,https://www.poder360.com.br/poder-eleicoes/flavio-tem-50-e-lula-43-no-2o-turno-diz-pesquisa/,Maio,34,36,1,1,5,,1,,,,,1,0,0,,,,,,,,,,,,,,,,,,,,,,,,,,,,,,
gerp-2026-05-12-6,Gerp,2026-05-08,2026-05-12,2000,2.24,https://www.poder360.com.br/poder-eleicoes/flavio-tem-50-e-lula-43-no-2o-turno-diz-pesquisa/,Abril,43,50,,,,,,,,,,,,,,,,,,,,,,,,,,,,,,,,,,,,,,,,,,
gerp-2026-05-12-7,Gerp,2026-05-08,2026-05-12,2000,2.24,https://www.poder360.com.br/poder-eleicoes/flavio-tem-50-e-lula-43-no-2o-turno-diz-pesquisa/,Abril,43,,,,41,,,,,,,,,,,,,,,,,,,,,,,,,,,,,,,,,,,,,,,
gerp-2026-05-12-8,Gerp,2026-05-08,2026-05-12,2000,2.24,https://www.poder360.com.br/poder-eleicoes/flavio-tem-50-e-lula-43-no-2o-turno-diz-pesquisa/,Abril,43,,39,,,,,,,,,,,,,,,,,,,,,,,,,,,,,,,,,,,,,,,,,
gerp-2026-05-12-9,Gerp,2026-05-08,2026-05-12,2000,2.24,https://www.poder360.com.br/poder-eleicoes/flavio-tem-50-e-lula-43-no-2o-turno-diz-pesquisa/,Abril,38,,,,,,,,40,,,,,,,,,,,,,,,,,,,,,,,,,,,,,,,,,,,
gerp-2026-05-12-10,Gerp,2026-05-08,2026-05-12,2000,2.24,https://www.poder360.com.br/poder-eleicoes/flavio-tem-50-e-lula-43-no-2o-turno-diz-pesquisa/,Abril,44,,,,,37,,,,,,,,,,,,,,,,,,,,,,,,,,,,,,,,,,,,,,
gerp-2026-05-12-11,Gerp,2026-05-08,2026-05-12,2000,2.24,https://www.poder360.com.br/poder-eleicoes/flavio-tem-50-e-lula-43-no-2o-turno-diz-pesquisa/,Março,43,50,,,,,,,,,,,,,,,,,,,,,,,,,,,,,,,,,,,,,,,,,,
gerp-2026-05-12-12,Gerp,2026-05-08,2026-05-12,2000,2.24,https://www.poder360.com.br/poder-eleicoes/flavio-tem-50-e-lula-43-no-2o-turno-diz-pesquisa/,Janeiro - Fevereiro,43,50,,,,,,,,,,,,,,,,,,,,,,,,,,,,,,,,,,,,,,,,,,
vox-brasil-2026-05-12,Vox Brasil,2026-05-09,2026-05-12,2100,2.15,https://www.poder360.com.br/poder-eleicoes/flavio-tem-438-e-lula-402-no-2o-turno-diz-vox/,Setembro,35.1,37.8,4.3,1.8,4.5,,0.8,,,0.2,,,0.5,,,,,,,,,,,,,,,,,,,,,,,,,,,,,,,
vox-brasil-2026-05-12-2,Vox Brasil,2026-05-09,2026-05-12,2100,2.15,https://www.poder360.com.br/poder-eleicoes/flavio-tem-438-e-lula-402-no-2o-turno-diz-vox/,Agosto,35.1,37.8,4.3,1.8,4.5,,0.8,,,0.2,,,0.5,,,,,,,,,,,,,,,,,,,,,,,,,,,,,,,
vox-brasil-2026-05-12-3,Vox Brasil,2026-05-09,2026-05-12,2100,2.15,https://www.poder360.com.br/poder-eleicoes/flavio-tem-438-e-lula-402-no-2o-turno-diz-vox/,Julho,35.1,37.8,4.3,1.8,4.5,,0.8,,,0.2,,,0.5,,,,,,,,,,,,,,,,,,,,,,,,,,,,,,,
vox-brasil-2026-05-12-4,Vox Brasil,2026-05-09,2026-05-12,2100,2.15,https://www.poder360.com.br/poder-eleicoes/flavio-tem-438-e-lula-402-no-2o-turno-diz-vox/,Junho,35.1,37.8,4.3,1.8,4.5,,0.8,,,0.2,,,0.5,,,,,,,,,,,,,,,,,,,,,,,,,,,,,,,
vox-brasil-2026-05-12-5,Vox Brasil,2026-05-09,2026-05-12,2100,2.15,https://www.poder360.com.br/poder-eleicoes/flavio-tem-438-e-lula-402-no-2o-turno-diz-vox/,Maio,35.1,37.8,4.3,1.8,4.5,,0.8,,,0.2,,,0.5,,,,,,,,,,,,,,,,,,,,,,,,,,,,,,,
vox-brasil-2026-05-12-6,Vox Brasil,2026-05-09,2026-05-12,2100,2.15,https://www.poder360.com.br/poder-eleicoes/flavio-tem-438-e-lula-402-no-2o-turno-diz-vox/,Abril,40.2,43.8,,,,,,,,,,,,,,,,,,,,,,,,,,,,,,,,,,,,,,,,,,
vox-brasil-2026-05-12-7,Vox Brasil,2026-05-09,2026-05-12,2100,2.15,https://www.poder360.com.br/poder-eleicoes/flavio-tem-438-e-lula-402-no-2o-turno-diz-vox/,Abril,43.1,,,,34.3,,,,,,,,,,,,,,,,,,,,,,,,,,,,,,,,,,,,,,,
vox-brasil-2026-05-12-8,Vox Brasil,2026-05-09,2026-05-12,2100,2.15,https://www.poder360.com.br/poder-eleicoes/flavio-tem-438-e-lula-402-no-2o-turno-diz-vox/,Abril,42.9,,32.5,,,,,,,,,,,,,,,,,,,,,,,,,,,,,,,,,,,,,,,,,
vox-brasil-2026-05-12-9,Vox Brasil,2026-05-09,2026-05-12,2100,2.15,https://www.poder360.com.br/poder-eleicoes/flavio-tem-438-e-lula-402-no-2o-turno-diz-vox/,Abril,44.4,,,26.2,,,,,,,,,,,,,,,,,,,,,,,,,,,,,,,,,,,,,,,,
vox-brasil-2026-05-12-10,Vox Brasil,2026-05-09,2026-05-12,2100,2.15,https://www.poder360.com.br/poder-eleicoes/flavio-tem-438-e-lula-402-no-2o-turno-diz-vox/,Março,40.2,43.8,,,,,,,,,,,,,,,,,,,,,,,,,,,,,,,,,,,,,,,,,,
vox-brasil-2026-05-12-11,Vox Brasil,2026-05-09,2026-05-12,2100,2.15,https://www.poder360.com.br/poder-eleicoes/flavio-tem-438-e-lula-402-no-2o-turno-diz-vox/,Janeiro - Fevereiro,40.2,43.8,,,,,,,,,,,,,,,,,,,,,,,,,,,,,,,,,,,,,,,,,,
datafolha-2026-05-14,Datafolha,2026-05-12,2026-05-14,2004,2,https://www.gazetadopovo.com.br/eleicoes/2026/pesquisa-eleitoral-2026/datafolha-presidente-maio-2026/,Setembro,38,35,3,2,3,,2,,,,,2,1,1,,,,,,,,,,,,,,,,,,,,,,,,,,,,,,
datafolha-2026-05-14-2,Datafolha,2026-05-12,2026-05-14,2004,2,https://www.gazetadopovo.com.br/eleicoes/2026/pesquisa-eleitoral-2026/datafolha-presidente-maio-2026/,Agosto,38,35,3,2,3,,2,,,,,2,1,1,,,,,,,,,,,,,,,,,,,,,,,,,,,,,,
datafolha-2026-05-14-3,Datafolha,2026-05-12,2026-05-14,2004,2,https://www.gazetadopovo.com.br/eleicoes/2026/pesquisa-eleitoral-2026/datafolha-presidente-maio-2026/,Julho,38,35,3,2,3,,2,,,,,2,1,1,,,,,,,,,,,,,,,,,,,,,,,,,,,,,,
datafolha-2026-05-14-4,Datafolha,2026-05-12,2026-05-14,2004,2,https://www.gazetadopovo.com.br/eleicoes/2026/pesquisa-eleitoral-2026/datafolha-presidente-maio-2026/,Junho,38,35,3,2,3,,2,,,,,2,1,1,,,,,,,,,,,,,,,,,,,,,,,,,,,,,,
datafolha-2026-05-14-5,Datafolha,2026-05-12,2026-05-14,2004,2,https://www.gazetadopovo.com.br/eleicoes/2026/pesquisa-eleitoral-2026/datafolha-presidente-maio-2026/,Maio,38,35,3,2,3,,2,,,,,2,1,1,,,,,,,,,,,,,,,,,,,,,,,,,,,,,,
datafolha-2026-05-14-6,Datafolha,2026-05-12,2026-05-14,2004,2,https://www.gazetadopovo.com.br/eleicoes/2026/pesquisa-eleitoral-2026/datafolha-presidente-maio-2026/,Abril,45,45,,,,,,,,,,,,,,,,,,,,,,,,,,,,,,,,,,,,,,,,,,
datafolha-2026-05-14-7,Datafolha,2026-05-12,2026-05-14,2004,2,https://www.gazetadopovo.com.br/eleicoes/2026/pesquisa-eleitoral-2026/datafolha-presidente-maio-2026/,Abril,46,,,,40,,,,,,,,,,,,,,,,,,,,,,,,,,,,,,,,,,,,,,,
datafolha-2026-05-14-8,Datafolha,2026-05-12,2026-05-14,2004,2,https://www.gazetadopovo.com.br/eleicoes/2026/pesquisa-eleitoral-2026/datafolha-presidente-maio-2026/,Abril,46,,39,,,,,,,,,,,,,,,,,,,,,,,,,,,,,,,,,,,,,,,,,
datafolha-2026-05-14-9,Datafolha,2026-05-12,2026-05-14,2004,2,https://www.gazetadopovo.com.br/eleicoes/2026/pesquisa-eleitoral-2026/datafolha-presidente-maio-2026/,Março,45,45,,,,,,,,,,,,,,,,,,,,,,,,,,,,,,,,,,,,,,,,,,
datafolha-2026-05-14-10,Datafolha,2026-05-12,2026-05-14,2004,2,https://www.gazetadopovo.com.br/eleicoes/2026/pesquisa-eleitoral-2026/datafolha-presidente-maio-2026/,Janeiro - Fevereiro,45,45,,,,,,,,,,,,,,,,,,,,,,,,,,,,,,,,,,,,,,,,,,
verita-2026-05-15,Veritá,2026-05-11,2026-05-15,3404,2,,Setembro,37.2,37,2.9,2.3,6.5,,2.3,,,0.2,,,,,,,,,,,,,,,,,,,,,,,,,,,,,,,,,,
verita-2026-05-15-2,Veritá,2026-05-11,2026-05-15,3404,2,,Agosto,37.2,37,2.9,2.3,6.5,,2.3,,,0.2,,,,,,,,,,,,,,,,,,,,,,,,,,,,,,,,,,
verita-2026-05-15-3,Veritá,2026-05-11,2026-05-15,3404,2,,Julho,37.2,37,2.9,2.3,6.5,,2.3,,,0.2,,,,,,,,,,,,,,,,,,,,,,,,,,,,,,,,,,
verita-2026-05-15-4,Veritá,2026-05-11,2026-05-15,3404,2,,Junho,37.2,37,2.9,2.3,6.5,,2.3,,,0.2,,,,,,,,,,,,,,,,,,,,,,,,,,,,,,,,,,
verita-2026-05-15-5,Veritá,2026-05-11,2026-05-15,3404,2,,Maio,37.2,37,2.9,2.3,6.5,,2.3,,,0.2,,,,,,,,,,,,,,,,,,,,,,,,,,,,,,,,,,
quantivus-2026-05-16,Quantivus,2026-05-05,2026-05-16,2178,2.1,,Setembro,,,,,,,,,25.6,,28.6,,,,,,,,,,26.3,,,,,,,,,,,,,,,,,,,,,,,
quantivus-2026-05-16-2,Quantivus,2026-05-05,2026-05-16,2178,2.1,,Agosto,,,,,,,,,25.6,,28.6,,,,,,,,,,26.3,,,,,,,,,,,,,,,,,,,,,,,
quantivus-2026-05-16-3,Quantivus,2026-05-05,2026-05-16,2178,2.1,,Julho,,,,,,,,,25.6,,28.6,,,,,,,,,,26.3,,,,,,,,,,,,,,,,,,,,,,,
quantivus-2026-05-16-4,Quantivus,2026-05-05,2026-05-16,2178,2.1,,Junho,,,,,,,,,25.6,,28.6,,,,,,,,,,26.3,,,,,,,,,,,,,,,,,,,,,,,
quantivus-2026-05-16-5,Quantivus,2026-05-05,2026-05-16,2178,2.1,,Maio,,,,,,,,,25.6,,28.6,,,,,,,,,,26.3,,,,,,,,,,,,,,,,,,,,,,,
quantivus-2026-05-16-6,Quantivus,2026-05-05,2026-05-16,2179,2.1,,Abril,38.5,,,,,,,,,,44.7,,,,,,,,,,,,,,,,,,,,,,,,,,,,,,,,,
quantivus-2026-05-16-7,Quantivus,2026-05-05,2026-05-16,2179,2.1,,Abril,36.2,,,,,,,,38.3,,,,,,,,,,,,,,,,,,,,,,,,,,,,,,,,,,,
quantivus-2026-05-16-8,Quantivus,2026-05-05,2026-05-16,2179,2.1,,Abril,,,,,,,,,,,,,,,,,,,,,,,,,,,,,,,,,,,,,,,,,,,,34.3
quantivus-2026-05-16-9,Quantivus,2026-05-05,2026-05-16,2179,2.1,,Abril,,,,,,,,,43.6,,,,,,,,,,,,26,,,,,,,,,,,,,,,,,,,,,,,
atlasintel-2026-05-18,AtlasIntel,2026-05-13,2026-05-18,5032,1,https://www.poder360.com.br/poder-eleicoes/lula-tem-489-contra-418-de-flavio-no-2o-turno-diz-atlasintel/,Setembro,47,34.3,2.7,6.9,5.2,,0.4,,,0.2,,,,,,,,,,,,,,,,,,,,,,,,,,,,,,,,,,
atlasintel-2026-05-18-2,AtlasIntel,2026-05-13,2026-05-18,5032,1,https://www.poder360.com.br/poder-eleicoes/lula-tem-489-contra-418-de-flavio-no-2o-turno-diz-atlasintel/,Agosto,47,34.3,2.7,6.9,5.2,,0.4,,,0.2,,,,,,,,,,,,,,,,,,,,,,,,,,,,,,,,,,
atlasintel-2026-05-18-3,AtlasIntel,2026-05-13,2026-05-18,5032,1,https://www.poder360.com.br/poder-eleicoes/lula-tem-489-contra-418-de-flavio-no-2o-turno-diz-atlasintel/,Julho,47,34.3,2.7,6.9,5.2,,0.4,,,0.2,,,,,,,,,,,,,,,,,,,,,,,,,,,,,,,,,,
atlasintel-2026-05-18-4,AtlasIntel,2026-05-13,2026-05-18,5032,1,https://www.poder360.com.br/poder-eleicoes/lula-tem-489-contra-418-de-flavio-no-2o-turno-diz-atlasintel/,Junho,47,34.3,2.7,6.9,5.2,,0.4,,,0.2,,,,,,,,,,,,,,,,,,,,,,,,,,,,,,,,,,
atlasintel-2026-05-18-5,AtlasIntel,2026-05-13,2026-05-18,5032,1,https://www.poder360.com.br/poder-eleicoes/lula-tem-489-contra-418-de-flavio-no-2o-turno-diz-atlasintel/,Maio,47,34.3,2.7,6.9,5.2,,0.4,,,0.2,,,,,,,,,,,,,,,,,,,,,,,,,,,,,,,,,,
atlasintel-2026-05-18-6,AtlasIntel,2026-05-13,2026-05-18,5032,1,https://www.poder360.com.br/poder-eleicoes/lula-tem-489-contra-418-de-flavio-no-2o-turno-diz-atlasintel/,Abril,48.9,41.8,,,,,,,,,,,,,,,,,,,,,,,,,,,,,,,,,,,,,,,,,,
atlasintel-2026-05-18-7,AtlasIntel,2026-05-13,2026-05-18,5032,1,https://www.poder360.com.br/poder-eleicoes/lula-tem-489-contra-418-de-flavio-no-2o-turno-diz-atlasintel/,Abril,47.8,,,,37.6,,,,,,,,,,,,,,,,,,,,,,,,,,,,,,,,,,,,,,,
atlasintel-2026-05-18-8,AtlasIntel,2026-05-13,2026-05-18,5032,1,https://www.poder360.com.br/poder-eleicoes/lula-tem-489-contra-418-de-flavio-no-2o-turno-diz-atlasintel/,Abril,47.5,,38.5,,,,,,,,,,,,,,,,,,,,,,,,,,,,,,,,,,,,,,,,,
atlasintel-2026-05-18-9,AtlasIntel,2026-05-13,2026-05-18,5032,1,https://www.poder360.com.br/poder-eleicoes/lula-tem-489-contra-418-de-flavio-no-2o-turno-diz-atlasintel/,Abril,47.8,,,28.4,,,,,,,,,,,,,,,,,,,,,,,,,,,,,,,,,,,,,,,,
atlasintel-2026-05-18-10,AtlasIntel,2026-05-13,2026-05-18,5032,1,https://www.poder360.com.br/poder-eleicoes/lula-tem-489-contra-418-de-flavio-no-2o-turno-diz-atlasintel/,Março,48.9,41.8,,,,,,,,,,,,,,,,,,,,,,,,,,,,,,,,,,,,,,,,,,
atlasintel-2026-05-18-11,AtlasIntel,2026-05-13,2026-05-18,5032,1,https://www.poder360.com.br/poder-eleicoes/lula-tem-489-contra-418-de-flavio-no-2o-turno-diz-atlasintel/,Janeiro - Fevereiro,48.9,41.8,,,,,,,,,,,,,,,,,,,,,,,,,,,,,,,,,,,,,,,,,,
vetor-arrow-2026-05-18,Vetor/Arrow,2026-05-15,2026-05-18,9000,1,,Setembro,37.4,30.2,2.9,7.4,3.6,,1.3,,,1.5,,,,,,,,,,,,,,,,,,,,,,,,,,,,,,,,,,
vetor-arrow-2026-05-18-2,Vetor/Arrow,2026-05-15,2026-05-18,9000,1,,Agosto,37.4,30.2,2.9,7.4,3.6,,1.3,,,1.5,,,,,,,,,,,,,,,,,,,,,,,,,,,,,,,,,,
vetor-arrow-2026-05-18-3,Vetor/Arrow,2026-05-15,2026-05-18,9000,1,,Julho,37.4,30.2,2.9,7.4,3.6,,1.3,,,1.5,,,,,,,,,,,,,,,,,,,,,,,,,,,,,,,,,,
vetor-arrow-2026-05-18-4,Vetor/Arrow,2026-05-15,2026-05-18,9000,1,,Junho,37.4,30.2,2.9,7.4,3.6,,1.3,,,1.5,,,,,,,,,,,,,,,,,,,,,,,,,,,,,,,,,,
vetor-arrow-2026-05-18-5,Vetor/Arrow,2026-05-15,2026-05-18,9000,1,,Maio,37.4,30.2,2.9,7.4,3.6,,1.3,,,1.5,,,,,,,,,,,,,,,,,,,,,,,,,,,,,,,,,,
vetor-arrow-2026-05-18-6,Vetor/Arrow,2026-05-15,2026-05-18,9000,1,,Abril,50.7,38.3,,,,,,,,,,,,,,,,,,,,,,,,,,,,,,,,,,,,,,,,,,
vetor-arrow-2026-05-18-7,Vetor/Arrow,2026-05-15,2026-05-18,9000,1,,Março,50.7,38.3,,,,,,,,,,,,,,,,,,,,,,,,,,,,,,,,,,,,,,,,,,
vetor-arrow-2026-05-18-8,Vetor/Arrow,2026-05-15,2026-05-18,9000,1,,Janeiro - Fevereiro,50.7,38.3,,,,,,,,,,,,,,,,,,,,,,,,,,,,,,,,,,,,,,,,,,
vox-brasil-2026-05-19,Vox Brasil,2026-05-17,2026-05-19,2100,2.15,https://www.diariodocentrodomundo.com.br/efeito-bolsomaster-lula-abre-72-pontos-de-vantagem-sobre-flavio-bolsonaro-em-nova-pesquisa/,Setembro,41.5,32.1,5.9,1.5,4.1,,0.3,,,0.1,,,0.2,,,,,,,,,,,,,,,,,,,,,,,,,,,,,,,
vox-brasil-2026-05-19-2,Vox Brasil,2026-05-17,2026-05-19,2100,2.15,https://www.diariodocentrodomundo.com.br/efeito-bolsomaster-lula-abre-72-pontos-de-vantagem-sobre-flavio-bolsonaro-em-nova-pesquisa/,Agosto,41.5,32.1,5.9,1.5,4.1,,0.3,,,0.1,,,0.2,,,,,,,,,,,,,,,,,,,,,,,,,,,,,,,
vox-brasil-2026-05-19-3,Vox Brasil,2026-05-17,2026-05-19,2100,2.15,https://www.diariodocentrodomundo.com.br/efeito-bolsomaster-lula-abre-72-pontos-de-vantagem-sobre-flavio-bolsonaro-em-nova-pesquisa/,Julho,41.5,32.1,5.9,1.5,4.1,,0.3,,,0.1,,,0.2,,,,,,,,,,,,,,,,,,,,,,,,,,,,,,,
vox-brasil-2026-05-19-4,Vox Brasil,2026-05-17,2026-05-19,2100,2.15,https://www.diariodocentrodomundo.com.br/efeito-bolsomaster-lula-abre-72-pontos-de-vantagem-sobre-flavio-bolsonaro-em-nova-pesquisa/,Junho,41.5,32.1,5.9,1.5,4.1,,0.3,,,0.1,,,0.2,,,,,,,,,,,,,,,,,,,,,,,,,,,,,,,
vox-brasil-2026-05-19-5,Vox Brasil,2026-05-17,2026-05-19,2100,2.15,https://www.diariodocentrodomundo.com.br/efeito-bolsomaster-lula-abre-72-pontos-de-vantagem-sobre-flavio-bolsonaro-em-nova-pesquisa/,Maio,41.5,32.1,5.9,1.5,4.1,,0.3,,,0.1,,,0.2,,,,,,,,,,,,,,,,,,,,,,,,,,,,,,,
vox-brasil-2026-05-19-6,Vox Brasil,2026-05-17,2026-05-19,2100,2.15,https://www.diariodocentrodomundo.com.br/efeito-bolsomaster-lula-abre-72-pontos-de-vantagem-sobre-flavio-bolsonaro-em-nova-pesquisa/,Abril,46.8,38.1,,,,,,,,,,,,,,,,,,,,,,,,,,,,,,,,,,,,,,,,,,
vox-brasil-2026-05-19-7,Vox Brasil,2026-05-17,2026-05-19,2100,2.15,https://www.diariodocentrodomundo.com.br/efeito-bolsomaster-lula-abre-72-pontos-de-vantagem-sobre-flavio-bolsonaro-em-nova-pesquisa/,Abril,48.5,,,,36.3,,,,,,,,,,,,,,,,,,,,,,,,,,,,,,,,,,,,,,,
vox-brasil-2026-05-19-8,Vox Brasil,2026-05-17,2026-05-19,2100,2.15,https://www.diariodocentrodomundo.com.br/efeito-bolsomaster-lula-abre-72-pontos-de-vantagem-sobre-flavio-bolsonaro-em-nova-pesquisa/,Abril,47.8,,34.1,,,,,,,,,,,,,,,,,,,,,,,,,,,,,,,,,,,,,,,,,
vox-brasil-2026-05-19-9,Vox Brasil,2026-05-17,2026-05-19,2100,2.15,https://www.diariodocentrodomundo.com.br/efeito-bolsomaster-lula-abre-72-pontos-de-vantagem-sobre-flavio-bolsonaro-em-nova-pesquisa/,Março,46.8,38.1,,,,,,,,,,,,,,,,,,,,,,,,,,,,,,,,,,,,,,,,,,
vox-brasil-2026-05-19-10,Vox Brasil,2026-05-17,2026-05-19,2100,2.15,https://www.diariodocentrodomundo.com.br/efeito-bolsomaster-lula-abre-72-pontos-de-vantagem-sobre-flavio-bolsonaro-em-nova-pesquisa/,Janeiro - Fevereiro,46.8,38.1,,,,,,,,,,,,,,,,,,,,,,,,,,,,,,,,,,,,,,,,,,
apex-futura-2026-05-20,Apex/Futura,2026-05-15,2026-05-20,2000,2.2,https://noticias.uol.com.br/politica/ultimas-noticias/2026/05/22/futuraapex-lula-aparecem-a-frente-de-flavio-em-1-e-2-turnos.ghtm,Setembro,42.7,35.6,3.3,1.7,3.9,,0.9,,,0.4,,,1,,,,,,,,,,,,,,,,,,,,,,,,,,,,,,,
apex-futura-2026-05-20-2,Apex/Futura,2026-05-15,2026-05-20,2000,2.2,https://noticias.uol.com.br/politica/ultimas-noticias/2026/05/22/futuraapex-lula-aparecem-a-frente-de-flavio-em-1-e-2-turnos.ghtm,Agosto,42.7,35.6,3.3,1.7,3.9,,0.9,,,0.4,,,1,,,,,,,,,,,,,,,,,,,,,,,,,,,,,,,
apex-futura-2026-05-20-3,Apex/Futura,2026-05-15,2026-05-20,2000,2.2,https://noticias.uol.com.br/politica/ultimas-noticias/2026/05/22/futuraapex-lula-aparecem-a-frente-de-flavio-em-1-e-2-turnos.ghtm,Julho,42.7,35.6,3.3,1.7,3.9,,0.9,,,0.4,,,1,,,,,,,,,,,,,,,,,,,,,,,,,,,,,,,
apex-futura-2026-05-20-4,Apex/Futura,2026-05-15,2026-05-20,2000,2.2,https://noticias.uol.com.br/politica/ultimas-noticias/2026/05/22/futuraapex-lula-aparecem-a-frente-de-flavio-em-1-e-2-turnos.ghtm,Junho,42.7,35.6,3.3,1.7,3.9,,0.9,,,0.4,,,1,,,,,,,,,,,,,,,,,,,,,,,,,,,,,,,
apex-futura-2026-05-20-5,Apex/Futura,2026-05-15,2026-05-20,2000,2.2,https://noticias.uol.com.br/politica/ultimas-noticias/2026/05/22/futuraapex-lula-aparecem-a-frente-de-flavio-em-1-e-2-turnos.ghtm,Maio,42.7,35.6,3.3,1.7,3.9,,0.9,,,0.4,,,1,,,,,,,,,,,,,,,,,,,,,,,,,,,,,,,
apex-futura-2026-05-20-6,Apex/Futura,2026-05-15,2026-05-20,2000,2.2,https://noticias.uol.com.br/politica/ultimas-noticias/2026/05/22/futuraapex-lula-aparecem-a-frente-de-flavio-em-1-e-2-turnos.ghtm,Abril,47.7,42.2,,,,,,,,,,,,,,,,,,,,,,,,,,,,,,,,,,,,,,,,,,
apex-futura-2026-05-20-7,Apex/Futura,2026-05-15,2026-05-20,2000,2.2,https://noticias.uol.com.br/politica/ultimas-noticias/2026/05/22/futuraapex-lula-aparecem-a-frente-de-flavio-em-1-e-2-turnos.ghtm,Abril,48.3,,,,35.9,,,,,,,,,,,,,,,,,,,,,,,,,,,,,,,,,,,,,,,
apex-futura-2026-05-20-8,Apex/Futura,2026-05-15,2026-05-20,2000,2.2,https://noticias.uol.com.br/politica/ultimas-noticias/2026/05/22/futuraapex-lula-aparecem-a-frente-de-flavio-em-1-e-2-turnos.ghtm,Abril,47.6,,36.5,,,,,,,,,,,,,,,,,,,,,,,,,,,,,,,,,,,,,,,,,
apex-futura-2026-05-20-9,Apex/Futura,2026-05-15,2026-05-20,2000,2.2,https://noticias.uol.com.br/politica/ultimas-noticias/2026/05/22/futuraapex-lula-aparecem-a-frente-de-flavio-em-1-e-2-turnos.ghtm,Abril,47.9,,,,,,,,,,,,,,,,,,,41.6,,,,,,,,,,,,,,,,,,,,,,,,
apex-futura-2026-05-20-10,Apex/Futura,2026-05-15,2026-05-20,2000,2.2,https://noticias.uol.com.br/politica/ultimas-noticias/2026/05/22/futuraapex-lula-aparecem-a-frente-de-flavio-em-1-e-2-turnos.ghtm,Março,47.7,42.2,,,,,,,,,,,,,,,,,,,,,,,,,,,,,,,,,,,,,,,,,,
apex-futura-2026-05-20-11,Apex/Futura,2026-05-15,2026-05-20,2000,2.2,https://noticias.uol.com.br/politica/ultimas-noticias/2026/05/22/futuraapex-lula-aparecem-a-frente-de-flavio-em-1-e-2-turnos.ghtm,Janeiro - Fevereiro,47.7,42.2,,,,,,,,,,,,,,,,,,,,,,,,,,,,,,,,,,,,,,,,,,
datafolha-2026-05-21,Datafolha,2026-05-20,2026-05-21,2004,2,https://g1.globo.com/politica/eleicoes/2026/noticia/2026/05/22/datafolha-2o-turno-lula-flavio.ghtml,Setembro,40,31,4,3,3,,2,,,1,,3,1,1,,0,,,,,,,,,,,,,,,,,,,,,,,,,,,,
datafolha-2026-05-21-2,Datafolha,2026-05-20,2026-05-21,2004,2,https://g1.globo.com/politica/eleicoes/2026/noticia/2026/05/22/datafolha-2o-turno-lula-flavio.ghtml,Agosto,40,31,4,3,3,,2,,,1,,3,1,1,,0,,,,,,,,,,,,,,,,,,,,,,,,,,,,
datafolha-2026-05-21-3,Datafolha,2026-05-20,2026-05-21,2004,2,https://g1.globo.com/politica/eleicoes/2026/noticia/2026/05/22/datafolha-2o-turno-lula-flavio.ghtml,Julho,40,31,4,3,3,,2,,,1,,3,1,1,,0,,,,,,,,,,,,,,,,,,,,,,,,,,,,
datafolha-2026-05-21-4,Datafolha,2026-05-20,2026-05-21,2004,2,https://g1.globo.com/politica/eleicoes/2026/noticia/2026/05/22/datafolha-2o-turno-lula-flavio.ghtml,Junho,40,31,4,3,3,,2,,,1,,3,1,1,,0,,,,,,,,,,,,,,,,,,,,,,,,,,,,
datafolha-2026-05-21-5,Datafolha,2026-05-20,2026-05-21,2004,2,https://g1.globo.com/politica/eleicoes/2026/noticia/2026/05/22/datafolha-2o-turno-lula-flavio.ghtml,Maio,40,31,4,3,3,,2,,,1,,3,1,1,,0,,,,,,,,,,,,,,,,,,,,,,,,,,,,
datafolha-2026-05-21-6,Datafolha,2026-05-20,2026-05-21,2004,2,https://g1.globo.com/politica/eleicoes/2026/noticia/2026/05/22/datafolha-2o-turno-lula-flavio.ghtml,Abril,47,43,,,,,,,,,,,,,,,,,,,,,,,,,,,,,,,,,,,,,,,,,,
datafolha-2026-05-21-7,Datafolha,2026-05-20,2026-05-21,2004,2,https://g1.globo.com/politica/eleicoes/2026/noticia/2026/05/22/datafolha-2o-turno-lula-flavio.ghtml,Abril,48,,,,39,,,,,,,,,,,,,,,,,,,,,,,,,,,,,,,,,,,,,,,
datafolha-2026-05-21-8,Datafolha,2026-05-20,2026-05-21,2004,2,https://g1.globo.com/politica/eleicoes/2026/noticia/2026/05/22/datafolha-2o-turno-lula-flavio.ghtml,Abril,48,,39,,,,,,,,,,,,,,,,,,,,,,,,,,,,,,,,,,,,,,,,,
datafolha-2026-05-21-9,Datafolha,2026-05-20,2026-05-21,2004,2,https://g1.globo.com/politica/eleicoes/2026/noticia/2026/05/22/datafolha-2o-turno-lula-flavio.ghtml,Abril,48,,,,,,,,,,,,,,,,,,,43,,,,,,,,,,,,,,,,,,,,,,,,
datafolha-2026-05-21-10,Datafolha,2026-05-20,2026-05-21,2004,2,https://g1.globo.com/politica/eleicoes/2026/noticia/2026/05/22/datafolha-2o-turno-lula-flavio.ghtml,Março,47,43,,,,,,,,,,,,,,,,,,,,,,,,,,,,,,,,,,,,,,,,,,
datafolha-2026-05-21-11,Datafolha,2026-05-20,2026-05-21,2004,2,https://g1.globo.com/politica/eleicoes/2026/noticia/2026/05/22/datafolha-2o-turno-lula-flavio.ghtml,Janeiro - Fevereiro,47,43,,,,,,,,,,,,,,,,,,,,,,,,,,,,,,,,,,,,,,,,,,
gerp-2026-05-21,Gerp,2026-05-18,2026-05-21,2000,2.2,https://www.poder360.com.br/poder-eleicoes/flavio-tem-47-e-lula-44-no-2o-turno-diz-pesquisa/,Setembro,38,38,2,3,3,,1,,,0,,1,1,0,,0,0,,,,,,,,,,,,,,,,,,,,,,,,,,,
gerp-2026-05-21-2,Gerp,2026-05-18,2026-05-21,2000,2.2,https://www.poder360.com.br/poder-eleicoes/flavio-tem-47-e-lula-44-no-2o-turno-diz-pesquisa/,Agosto,38,38,2,3,3,,1,,,0,,1,1,0,,0,0,,,,,,,,,,,,,,,,,,,,,,,,,,,
gerp-2026-05-21-3,Gerp,2026-05-18,2026-05-21,2000,2.2,https://www.poder360.com.br/poder-eleicoes/flavio-tem-47-e-lula-44-no-2o-turno-diz-pesquisa/,Julho,38,38,2,3,3,,1,,,0,,1,1,0,,0,0,,,,,,,,,,,,,,,,,,,,,,,,,,,
gerp-2026-05-21-4,Gerp,2026-05-18,2026-05-21,2000,2.2,https://www.poder360.com.br/poder-eleicoes/flavio-tem-47-e-lula-44-no-2o-turno-diz-pesquisa/,Junho,38,38,2,3,3,,1,,,0,,1,1,0,,0,0,,,,,,,,,,,,,,,,,,,,,,,,,,,
gerp-2026-05-21-5,Gerp,2026-05-18,2026-05-21,2000,2.2,https://www.poder360.com.br/poder-eleicoes/flavio-tem-47-e-lula-44-no-2o-turno-diz-pesquisa/,Maio,38,38,2,3,3,,1,,,0,,1,1,0,,0,0,,,,,,,,,,,,,,,,,,,,,,,,,,,
gerp-2026-05-21-6,Gerp,2026-05-18,2026-05-21,2000,2.2,https://www.poder360.com.br/poder-eleicoes/flavio-tem-47-e-lula-44-no-2o-turno-diz-pesquisa/,Abril,44,47,,,,,,,,,,,,,,,,,,,,,,,,,,,,,,,,,,,,,,,,,,
gerp-2026-05-21-7,Gerp,2026-05-18,2026-05-21,2000,2.2,https://www.poder360.com.br/poder-eleicoes/flavio-tem-47-e-lula-44-no-2o-turno-diz-pesquisa/,Abril,45,,,,34,,,,,,,,,,,,,,,,,,,,,,,,,,,,,,,,,,,,,,,
gerp-2026-05-21-8,Gerp,2026-05-18,2026-05-21,2000,2.2,https://www.poder360.com.br/poder-eleicoes/flavio-tem-47-e-lula-44-no-2o-turno-diz-pesquisa/,Abril,44,,32,,,,,,,,,,,,,,,,,,,,,,,,,,,,,,,,,,,,,,,,,
gerp-2026-05-21-9,Gerp,2026-05-18,2026-05-21,2000,2.2,https://www.poder360.com.br/poder-eleicoes/flavio-tem-47-e-lula-44-no-2o-turno-diz-pesquisa/,Abril,41,,,,,,,,31,,,,,,,,,,,,,,,,,,,,,,,,,,,,,,,,,,,
gerp-2026-05-21-10,Gerp,2026-05-18,2026-05-21,2000,2.2,https://www.poder360.com.br/poder-eleicoes/flavio-tem-47-e-lula-44-no-2o-turno-diz-pesquisa/,Março,44,47,,,,,,,,,,,,,,,,,,,,,,,,,,,,,,,,,,,,,,,,,,
gerp-2026-05-21-11,Gerp,2026-05-18,2026-05-21,2000,2.2,https://www.poder360.com.br/poder-eleicoes/flavio-tem-47-e-lula-44-no-2o-turno-diz-pesquisa/,Janeiro - Fevereiro,44,47,,,,,,,,,,,,,,,,,,,,,,,,,,,,,,,,,,,,,,,,,,
atlasintel-2026-05-23,AtlasIntel,2026-05-19,2026-05-23,4399,1,https://www.poder360.com.br/poder-pesquisas/lula-perderia-para-bolsonaro-tarcisio-e-michelle-se-eleicoes-fossem-hoje/,Setembro,,,4.5,,1.7,4.4,,2.5,8.1,,33.7,,,,,,,,2.1,,33,,,,,,,,,,,,,,,,,,,,,,,
atlasintel-2026-05-23-2,AtlasIntel,2026-05-19,2026-05-23,4399,1,https://www.poder360.com.br/poder-pesquisas/lula-perderia-para-bolsonaro-tarcisio-e-michelle-se-eleicoes-fossem-hoje/,Agosto,,,4.5,,1.7,4.4,,2.5,8.1,,33.7,,,,,,,,2.1,,33,,,,,,,,,,,,,,,,,,,,,,,
atlasintel-2026-05-23-3,AtlasIntel,2026-05-19,2026-05-23,4399,1,https://www.poder360.com.br/poder-pesquisas/lula-perderia-para-bolsonaro-tarcisio-e-michelle-se-eleicoes-fossem-hoje/,Julho,,,4.5,,1.7,4.4,,2.5,8.1,,33.7,,,,,,,,2.1,,33,,,,,,,,,,,,,,,,,,,,,,,
atlasintel-2026-05-23-4,AtlasIntel,2026-05-19,2026-05-23,4399,1,https://www.poder360.com.br/poder-pesquisas/lula-perderia-para-bolsonaro-tarcisio-e-michelle-se-eleicoes-fossem-hoje/,Junho,,,4.5,,1.7,4.4,,2.5,8.1,,33.7,,,,,,,,2.1,,33,,,,,,,,,,,,,,,,,,,,,,,
atlasintel-2026-05-23-5,AtlasIntel,2026-05-19,2026-05-23,4399,1,https://www.poder360.com.br/poder-pesquisas/lula-perderia-para-bolsonaro-tarcisio-e-michelle-se-eleicoes-fossem-hoje/,Maio,,,4.5,,1.7,4.4,,2.5,8.1,,33.7,,,,,,,,2.1,,33,,,,,,,,,,,,,,,,,,,,,,,
atlasintel-2026-05-23-6,AtlasIntel,2026-05-19,2026-05-23,4399,1,https://www.poder360.com.br/poder-pesquisas/lula-perderia-para-bolsonaro-tarcisio-e-michelle-se-eleicoes-fossem-hoje/,Abril,45.2,,,,39.5,,,,,,,,,,,,,,,,,,,,,,,,,,,,,,,,,,,,,,,
atlasintel-2026-05-23-7,AtlasIntel,2026-05-19,2026-05-23,4399,1,https://www.poder360.com.br/poder-pesquisas/lula-perderia-para-bolsonaro-tarcisio-e-michelle-se-eleicoes-fossem-hoje/,Abril,45.2,,36.1,,,,,,,,,,,,,,,,,,,,,,,,,,,,,,,,,,,,,,,,,
atlasintel-2026-05-23-8,AtlasIntel,2026-05-19,2026-05-23,4399,1,https://www.poder360.com.br/poder-pesquisas/lula-perderia-para-bolsonaro-tarcisio-e-michelle-se-eleicoes-fossem-hoje/,Abril,45.5,,,,,,,,,,,,,,47.5,,,,,,,,,,,,,,,,,,,,,,,,,,,,,
atlasintel-2026-05-23-9,AtlasIntel,2026-05-19,2026-05-23,4399,1,https://www.poder360.com.br/poder-pesquisas/lula-perderia-para-bolsonaro-tarcisio-e-michelle-se-eleicoes-fossem-hoje/,Abril,45.3,,,,,,,,,,,,,,,,,,,49.8,,,,,,,,,,,,,,,,,,,,,,,,
atlasintel-2026-05-23-10,AtlasIntel,2026-05-19,2026-05-23,4399,1,https://www.poder360.com.br/poder-pesquisas/lula-perderia-para-bolsonaro-tarcisio-e-michelle-se-eleicoes-fossem-hoje/,Abril,45.1,,,,,,,,,,48.9,,,,,,,,,,,,,,,,,,,,,,,,,,,,,,,,,
atlasintel-2026-05-23-11,AtlasIntel,2026-05-19,2026-05-23,4399,1,https://www.poder360.com.br/poder-pesquisas/lula-perderia-para-bolsonaro-tarcisio-e-michelle-se-eleicoes-fossem-hoje/,Abril,45.2,,,,,,,36.1,,,,,,,,,,,,,,,,,,,,,,,,,,,,,,,,,,,,
atlasintel-2026-05-23-12,AtlasIntel,2026-05-19,2026-05-23,4399,1,https://www.poder360.com.br/poder-pesquisas/lula-perderia-para-bolsonaro-tarcisio-e-michelle-se-eleicoes-fossem-hoje/,Abril,44,,,,,,,,,,,,,,,,,,22.6,,,,,,,,,,,,,,,,,,,,,,,,,
indexa-2026-05-24,Indexa,2026-05-22,2026-05-24,2000,2.2,https://www.jota.info/eleicoes/eleicoes-2026/lula-lidera-com-39-e-flavio-bolsonaro-tem-30-no-1o-turno-diz-indexa-pesquisas,Setembro,39,30,5,2,3,,0,,,,,0,0,,,0,,3,,,,,,,,,,,,,,,,,,,,,,,,,,
indexa-2026-05-24-2,Indexa,2026-05-22,2026-05-24,2000,2.2,https://www.jota.info/eleicoes/eleicoes-2026/lula-lidera-com-39-e-flavio-bolsonaro-tem-30-no-1o-turno-diz-indexa-pesquisas,Agosto,39,30,5,2,3,,0,,,,,0,0,,,0,,3,,,,,,,,,,,,,,,,,,,,,,,,,,
indexa-2026-05-24-3,Indexa,2026-05-22,2026-05-24,2000,2.2,https://www.jota.info/eleicoes/eleicoes-2026/lula-lidera-com-39-e-flavio-bolsonaro-tem-30-no-1o-turno-diz-indexa-pesquisas,Julho,39,30,5,2,3,,0,,,,,0,0,,,0,,3,,,,,,,,,,,,,,,,,,,,,,,,,,
indexa-2026-05-24-4,Indexa,2026-05-22,2026-05-24,2000,2.2,https://www.jota.info/eleicoes/eleicoes-2026/lula-lidera-com-39-e-flavio-bolsonaro-tem-30-no-1o-turno-diz-indexa-pesquisas,Junho,39,30,5,2,3,,0,,,,,0,0,,,0,,3,,,,,,,,,,,,,,,,,,,,,,,,,,
indexa-2026-05-24-5,Indexa,2026-05-22,2026-05-24,2000,2.2,https://www.jota.info/eleicoes/eleicoes-2026/lula-lidera-com-39-e-flavio-bolsonaro-tem-30-no-1o-turno-diz-indexa-pesquisas,Maio,39,30,5,2,3,,0,,,,,0,0,,,0,,3,,,,,,,,,,,,,,,,,,,,,,,,,,
indexa-2026-05-24-6,Indexa,2026-05-22,2026-05-24,2000,2.2,https://www.jota.info/eleicoes/eleicoes-2026/lula-lidera-com-39-e-flavio-bolsonaro-tem-30-no-1o-turno-diz-indexa-pesquisas,Abril,46,41,,,,,,,,,,,,,,,,,,,,,,,,,,,,,,,,,,,,,,,,,,
indexa-2026-05-24-7,Indexa,2026-05-22,2026-05-24,2000,2.2,https://www.jota.info/eleicoes/eleicoes-2026/lula-lidera-com-39-e-flavio-bolsonaro-tem-30-no-1o-turno-diz-indexa-pesquisas,Abril,47,,,,37,,,,,,,,,,,,,,,,,,,,,,,,,,,,,,,,,,,,,,,
indexa-2026-05-24-8,Indexa,2026-05-22,2026-05-24,2000,2.2,https://www.jota.info/eleicoes/eleicoes-2026/lula-lidera-com-39-e-flavio-bolsonaro-tem-30-no-1o-turno-diz-indexa-pesquisas,Abril,47,,39,,,,,,,,,,,,,,,,,,,,,,,,,,,,,,,,,,,,,,,,,
indexa-2026-05-24-9,Indexa,2026-05-22,2026-05-24,2000,2.2,https://www.jota.info/eleicoes/eleicoes-2026/lula-lidera-com-39-e-flavio-bolsonaro-tem-30-no-1o-turno-diz-indexa-pesquisas,Abril,,40,,,,,,,,,,,,,,,,,,,,,,,,,,,,,,,35,,,,,,,,,,,
indexa-2026-05-24-10,Indexa,2026-05-22,2026-05-24,2000,2.2,https://www.jota.info/eleicoes/eleicoes-2026/lula-lidera-com-39-e-flavio-bolsonaro-tem-30-no-1o-turno-diz-indexa-pesquisas,Abril,,40,,,,,,,,,,,,,,,,,,,36,,,,,,,,,,,,,,,,,,,,,,,
indexa-2026-05-24-11,Indexa,2026-05-22,2026-05-24,2000,2.2,https://www.jota.info/eleicoes/eleicoes-2026/lula-lidera-com-39-e-flavio-bolsonaro-tem-30-no-1o-turno-diz-indexa-pesquisas,Março,46,41,,,,,,,,,,,,,,,,,,,,,,,,,,,,,,,,,,,,,,,,,,
indexa-2026-05-24-12,Indexa,2026-05-22,2026-05-24,2000,2.2,https://www.jota.info/eleicoes/eleicoes-2026/lula-lidera-com-39-e-flavio-bolsonaro-tem-30-no-1o-turno-diz-indexa-pesquisas,Janeiro - Fevereiro,46,41,,,,,,,,,,,,,,,,,,,,,,,,,,,,,,,,,,,,,,,,,,
nexus-btg-pactual-2026-05-24,Nexus/BTG Pactual,2026-05-22,2026-05-24,2045,2,https://www.cartacapital.com.br/politica/os-numeros-da-nova-pesquisa-nexus-btg-a-presidencia/,Setembro,40,35,5,3,4,,1,,,,,,1,,,,,2,,,,,,,,,,,,,,,,,,,,,,,,,,
nexus-btg-pactual-2026-05-24-2,Nexus/BTG Pactual,2026-05-22,2026-05-24,2045,2,https://www.cartacapital.com.br/politica/os-numeros-da-nova-pesquisa-nexus-btg-a-presidencia/,Agosto,40,35,5,3,4,,1,,,,,,1,,,,,2,,,,,,,,,,,,,,,,,,,,,,,,,,
nexus-btg-pactual-2026-05-24-3,Nexus/BTG Pactual,2026-05-22,2026-05-24,2045,2,https://www.cartacapital.com.br/politica/os-numeros-da-nova-pesquisa-nexus-btg-a-presidencia/,Julho,40,35,5,3,4,,1,,,,,,1,,,,,2,,,,,,,,,,,,,,,,,,,,,,,,,,
nexus-btg-pactual-2026-05-24-4,Nexus/BTG Pactual,2026-05-22,2026-05-24,2045,2,https://www.cartacapital.com.br/politica/os-numeros-da-nova-pesquisa-nexus-btg-a-presidencia/,Junho,40,35,5,3,4,,1,,,,,,1,,,,,2,,,,,,,,,,,,,,,,,,,,,,,,,,
nexus-btg-pactual-2026-05-24-5,Nexus/BTG Pactual,2026-05-22,2026-05-24,2045,2,https://www.cartacapital.com.br/politica/os-numeros-da-nova-pesquisa-nexus-btg-a-presidencia/,Maio,40,35,5,3,4,,1,,,,,,1,,,,,2,,,,,,,,,,,,,,,,,,,,,,,,,,
nexus-btg-pactual-2026-05-24-6,Nexus/BTG Pactual,2026-05-22,2026-05-24,2045,2,https://www.cartacapital.com.br/politica/os-numeros-da-nova-pesquisa-nexus-btg-a-presidencia/,Abril,47,43,,,,,,,,,,,,,,,,,,,,,,,,,,,,,,,,,,,,,,,,,,
nexus-btg-pactual-2026-05-24-7,Nexus/BTG Pactual,2026-05-22,2026-05-24,2045,2,https://www.cartacapital.com.br/politica/os-numeros-da-nova-pesquisa-nexus-btg-a-presidencia/,Abril,49,,,,38,,,,,,,,,,,,,,,,,,,,,,,,,,,,,,,,,,,,,,,
nexus-btg-pactual-2026-05-24-8,Nexus/BTG Pactual,2026-05-22,2026-05-24,2045,2,https://www.cartacapital.com.br/politica/os-numeros-da-nova-pesquisa-nexus-btg-a-presidencia/,Abril,46,,40,,,,,,,,,,,,,,,,,,,,,,,,,,,,,,,,,,,,,,,,,
nexus-btg-pactual-2026-05-24-9,Nexus/BTG Pactual,2026-05-22,2026-05-24,2045,2,https://www.cartacapital.com.br/politica/os-numeros-da-nova-pesquisa-nexus-btg-a-presidencia/,Março,47,43,,,,,,,,,,,,,,,,,,,,,,,,,,,,,,,,,,,,,,,,,,
nexus-btg-pactual-2026-05-24-10,Nexus/BTG Pactual,2026-05-22,2026-05-24,2045,2,https://www.cartacapital.com.br/politica/os-numeros-da-nova-pesquisa-nexus-btg-a-presidencia/,Janeiro - Fevereiro,47,43,,,,,,,,,,,,,,,,,,,,,,,,,,,,,,,,,,,,,,,,,,
verita-2026-05-26,Veritá,2026-05-22,2026-05-26,3330,2,https://www.instagram.com/p/DZD7vnKIEcf/?img_index=1&igsh=eWtvZ2c1aG94MTc0,Setembro,40.6,42.6,3,3.7,6.3,,2.1,,,,,,,,,,,1.8,,,,,,,,,,,,,,,,,,,,,,,,,,
verita-2026-05-26-2,Veritá,2026-05-22,2026-05-26,3330,2,https://www.instagram.com/p/DZD7vnKIEcf/?img_index=1&igsh=eWtvZ2c1aG94MTc0,Agosto,40.6,42.6,3,3.7,6.3,,2.1,,,,,,,,,,,1.8,,,,,,,,,,,,,,,,,,,,,,,,,,
verita-2026-05-26-3,Veritá,2026-05-22,2026-05-26,3330,2,https://www.instagram.com/p/DZD7vnKIEcf/?img_index=1&igsh=eWtvZ2c1aG94MTc0,Julho,40.6,42.6,3,3.7,6.3,,2.1,,,,,,,,,,,1.8,,,,,,,,,,,,,,,,,,,,,,,,,,
verita-2026-05-26-4,Veritá,2026-05-22,2026-05-26,3330,2,https://www.instagram.com/p/DZD7vnKIEcf/?img_index=1&igsh=eWtvZ2c1aG94MTc0,Junho,40.6,42.6,3,3.7,6.3,,2.1,,,,,,,,,,,1.8,,,,,,,,,,,,,,,,,,,,,,,,,,
verita-2026-05-26-5,Veritá,2026-05-22,2026-05-26,3330,2,https://www.instagram.com/p/DZD7vnKIEcf/?img_index=1&igsh=eWtvZ2c1aG94MTc0,Maio,40.6,42.6,3,3.7,6.3,,2.1,,,,,,,,,,,1.8,,,,,,,,,,,,,,,,,,,,,,,,,,
verita-2026-05-26-6,Veritá,2026-05-22,2026-05-26,3330,2,https://www.instagram.com/p/DZD7vnKIEcf/?img_index=1&igsh=eWtvZ2c1aG94MTc0,Abril,46.8,53.2,,,,,,,,,,,,,,,,,,,,,,,,,,,,,,,,,,,,,,,,,,
verita-2026-05-26-7,Veritá,2026-05-22,2026-05-26,3330,2,https://www.instagram.com/p/DZD7vnKIEcf/?img_index=1&igsh=eWtvZ2c1aG94MTc0,Março,46.8,53.2,,,,,,,,,,,,,,,,,,,,,,,,,,,,,,,,,,,,,,,,,,
verita-2026-05-26-8,Veritá,2026-05-22,2026-05-26,3330,2,https://www.instagram.com/p/DZD7vnKIEcf/?img_index=1&igsh=eWtvZ2c1aG94MTc0,Janeiro - Fevereiro,46.8,53.2,,,,,,,,,,,,,,,,,,,,,,,,,,,,,,,,,,,,,,,,,,
meio-ideia-2026-05-27,Meio/Ideia,2026-05-23,2026-05-27,1500,2.5,https://www.gazetadopovo.com.br/eleicoes/2026/pesquisa-eleitoral-2026/meio-ideia-presidente-maio-2026-2/,Setembro,,32.7,5.9,2.1,2.4,,1.6,,,,,,,,,,,,,,36.5,,,,,,,,,,,,,,,,,,,,,,,
meio-ideia-2026-05-27-2,Meio/Ideia,2026-05-23,2026-05-27,1500,2.5,https://www.gazetadopovo.com.br/eleicoes/2026/pesquisa-eleitoral-2026/meio-ideia-presidente-maio-2026-2/,Agosto,,32.7,5.9,2.1,2.4,,1.6,,,,,,,,,,,,,,36.5,,,,,,,,,,,,,,,,,,,,,,,
meio-ideia-2026-05-27-3,Meio/Ideia,2026-05-23,2026-05-27,1500,2.5,https://www.gazetadopovo.com.br/eleicoes/2026/pesquisa-eleitoral-2026/meio-ideia-presidente-maio-2026-2/,Julho,,32.7,5.9,2.1,2.4,,1.6,,,,,,,,,,,,,,36.5,,,,,,,,,,,,,,,,,,,,,,,
meio-ideia-2026-05-27-4,Meio/Ideia,2026-05-23,2026-05-27,1500,2.5,https://www.gazetadopovo.com.br/eleicoes/2026/pesquisa-eleitoral-2026/meio-ideia-presidente-maio-2026-2/,Junho,,32.7,5.9,2.1,2.4,,1.6,,,,,,,,,,,,,,36.5,,,,,,,,,,,,,,,,,,,,,,,
meio-ideia-2026-05-27-5,Meio/Ideia,2026-05-23,2026-05-27,1500,2.5,https://www.gazetadopovo.com.br/eleicoes/2026/pesquisa-eleitoral-2026/meio-ideia-presidente-maio-2026-2/,Maio,,32.7,5.9,2.1,2.4,,1.6,,,,,,,,,,,,,,36.5,,,,,,,,,,,,,,,,,,,,,,,
meio-ideia-2026-05-27-6,Meio/Ideia,2026-05-23,2026-05-27,1500,2.5,https://www.gazetadopovo.com.br/eleicoes/2026/pesquisa-eleitoral-2026/meio-ideia-presidente-maio-2026-2/,Abril,46.5,41.4,,,,,,,,,,,,,,,,,,,,,,,,,,,,,,,,,,,,,,,,,,
meio-ideia-2026-05-27-7,Meio/Ideia,2026-05-23,2026-05-27,1500,2.5,https://www.gazetadopovo.com.br/eleicoes/2026/pesquisa-eleitoral-2026/meio-ideia-presidente-maio-2026-2/,Abril,46,,,,37,,,,,,,,,,,,,,,,,,,,,,,,,,,,,,,,,,,,,,,
meio-ideia-2026-05-27-8,Meio/Ideia,2026-05-23,2026-05-27,1500,2.5,https://www.gazetadopovo.com.br/eleicoes/2026/pesquisa-eleitoral-2026/meio-ideia-presidente-maio-2026-2/,Abril,46,,40,,,,,,,,,,,,,,,,,,,,,,,,,,,,,,,,,,,,,,,,,
meio-ideia-2026-05-27-9,Meio/Ideia,2026-05-23,2026-05-27,1500,2.5,https://www.gazetadopovo.com.br/eleicoes/2026/pesquisa-eleitoral-2026/meio-ideia-presidente-maio-2026-2/,Abril,46,,,31,,,,,,,,,,,,,,,,,,,,,,,,,,,,,,,,,,,,,,,,
meio-ideia-2026-05-27-10,Meio/Ideia,2026-05-23,2026-05-27,1500,2.5,https://www.gazetadopovo.com.br/eleicoes/2026/pesquisa-eleitoral-2026/meio-ideia-presidente-maio-2026-2/,Abril,46,,,,,,,,,,,,,,,,,,,40,,,,,,,,,,,,,,,,,,,,,,,,
meio-ideia-2026-05-27-11,Meio/Ideia,2026-05-23,2026-05-27,1500,2.5,https://www.gazetadopovo.com.br/eleicoes/2026/pesquisa-eleitoral-2026/meio-ideia-presidente-maio-2026-2/,Abril,46,,,,,,,,,,,,,,,,,,,,,,,,,,,,,,,,,,,,,,,,27,,,
meio-ideia-2026-05-27-12,Meio/Ideia,2026-05-23,2026-05-27,1500,2.5,https://www.gazetadopovo.com.br/eleicoes/2026/pesquisa-eleitoral-2026/meio-ideia-presidente-maio-2026-2/,Abril,46,,,,,,,,,,,,,,,,,26,,,,,,,,,,,,,,,,,,,,,,,,,,
meio-ideia-2026-05-27-13,Meio/Ideia,2026-05-23,2026-05-27,1500,2.5,https://www.gazetadopovo.com.br/eleicoes/2026/pesquisa-eleitoral-2026/meio-ideia-presidente-maio-2026-2/,Abril,46,,,,,,,,,,,,,,,,,,,,,,,,,,,,,,,,,,,,,,,,,25,,
meio-ideia-2026-05-27-14,Meio/Ideia,2026-05-23,2026-05-27,1500,2.5,https://www.gazetadopovo.com.br/eleicoes/2026/pesquisa-eleitoral-2026/meio-ideia-presidente-maio-2026-2/,Abril,,41.5,,,,,,,,,,,,,,,,,,,42,,,,,,,,,,,,,,,,,,,,,,,
meio-ideia-2026-05-27-15,Meio/Ideia,2026-05-23,2026-05-27,1500,2.5,https://www.gazetadopovo.com.br/eleicoes/2026/pesquisa-eleitoral-2026/meio-ideia-presidente-maio-2026-2/,Março,46.5,41.4,,,,,,,,,,,,,,,,,,,,,,,,,,,,,,,,,,,,,,,,,,
meio-ideia-2026-05-27-16,Meio/Ideia,2026-05-23,2026-05-27,1500,2.5,https://www.gazetadopovo.com.br/eleicoes/2026/pesquisa-eleitoral-2026/meio-ideia-presidente-maio-2026-2/,Janeiro - Fevereiro,46.5,41.4,,,,,,,,,,,,,,,,,,,,,,,,,,,,,,,,,,,,,,,,,,
poderdata-2026-05-28,PoderData,2026-05-25,2026-05-28,2400,2,https://www.cartacapital.com.br/politica/os-numeros-da-primeira-pesquisa-poder-aya-para-a-presidencia/,Setembro,40,35,3,3,4,,3,,,,,,,,,,,3,,,,,,,,,,,,,,,,,,,,,,,,,,
poderdata-2026-05-28-2,PoderData,2026-05-25,2026-05-28,2400,2,https://www.cartacapital.com.br/politica/os-numeros-da-primeira-pesquisa-poder-aya-para-a-presidencia/,Agosto,40,35,3,3,4,,3,,,,,,,,,,,3,,,,,,,,,,,,,,,,,,,,,,,,,,
poderdata-2026-05-28-3,PoderData,2026-05-25,2026-05-28,2400,2,https://www.cartacapital.com.br/politica/os-numeros-da-primeira-pesquisa-poder-aya-para-a-presidencia/,Julho,40,35,3,3,4,,3,,,,,,,,,,,3,,,,,,,,,,,,,,,,,,,,,,,,,,
poderdata-2026-05-28-4,PoderData,2026-05-25,2026-05-28,2400,2,https://www.cartacapital.com.br/politica/os-numeros-da-primeira-pesquisa-poder-aya-para-a-presidencia/,Junho,40,35,3,3,4,,3,,,,,,,,,,,3,,,,,,,,,,,,,,,,,,,,,,,,,,
poderdata-2026-05-28-5,PoderData,2026-05-25,2026-05-28,2400,2,https://www.cartacapital.com.br/politica/os-numeros-da-primeira-pesquisa-poder-aya-para-a-presidencia/,Maio,40,35,3,3,4,,3,,,,,,,,,,,3,,,,,,,,,,,,,,,,,,,,,,,,,,
poderdata-2026-05-28-6,PoderData,2026-05-25,2026-05-28,2400,2,https://www.cartacapital.com.br/politica/os-numeros-da-primeira-pesquisa-poder-aya-para-a-presidencia/,Abril,46,42,,,,,,,,,,,,,,,,,,,,,,,,,,,,,,,,,,,,,,,,,,
poderdata-2026-05-28-7,PoderData,2026-05-25,2026-05-28,2400,2,https://www.cartacapital.com.br/politica/os-numeros-da-primeira-pesquisa-poder-aya-para-a-presidencia/,Abril,45,,,,41,,,,,,,,,,,,,,,,,,,,,,,,,,,,,,,,,,,,,,,
poderdata-2026-05-28-8,PoderData,2026-05-25,2026-05-28,2400,2,https://www.cartacapital.com.br/politica/os-numeros-da-primeira-pesquisa-poder-aya-para-a-presidencia/,Abril,45,,41,,,,,,,,,,,,,,,,,,,,,,,,,,,,,,,,,,,,,,,,,
poderdata-2026-05-28-9,PoderData,2026-05-25,2026-05-28,2400,2,https://www.cartacapital.com.br/politica/os-numeros-da-primeira-pesquisa-poder-aya-para-a-presidencia/,Abril,45,,,36,,,,,,,,,,,,,,,,,,,,,,,,,,,,,,,,,,,,,,,,
poderdata-2026-05-28-10,PoderData,2026-05-25,2026-05-28,2400,2,https://www.cartacapital.com.br/politica/os-numeros-da-primeira-pesquisa-poder-aya-para-a-presidencia/,Abril,43,,,,,,,,,,,,,,,,,41,,,,,,,,,,,,,,,,,,,,,,,,,,
poderdata-2026-05-28-11,PoderData,2026-05-25,2026-05-28,2400,2,https://www.cartacapital.com.br/politica/os-numeros-da-primeira-pesquisa-poder-aya-para-a-presidencia/,Março,46,42,,,,,,,,,,,,,,,,,,,,,,,,,,,,,,,,,,,,,,,,,,
poderdata-2026-05-28-12,PoderData,2026-05-25,2026-05-28,2400,2,https://www.cartacapital.com.br/politica/os-numeros-da-primeira-pesquisa-poder-aya-para-a-presidencia/,Janeiro - Fevereiro,46,42,,,,,,,,,,,,,,,,,,,,,,,,,,,,,,,,,,,,,,,,,,
real-time-big-data-2026-05-30,Real Time Big Data,2026-05-29,2026-05-30,2000,2,https://www.cartacapital.com.br/politica/a-disputa-pela-presidencia-no-1o-turno-segundo-nova-pesquisa-real-time-big-data-2/,Setembro,38,31,6,6,5,,1,,,1,,0,0,0,,0,0,,,,,,,,3,,,,,,,,,,,,,,,,,,,
real-time-big-data-2026-05-30-2,Real Time Big Data,2026-05-29,2026-05-30,2000,2,https://www.cartacapital.com.br/politica/a-disputa-pela-presidencia-no-1o-turno-segundo-nova-pesquisa-real-time-big-data-2/,Agosto,38,31,6,6,5,,1,,,1,,0,0,0,,0,0,,,,,,,,3,,,,,,,,,,,,,,,,,,,
real-time-big-data-2026-05-30-3,Real Time Big Data,2026-05-29,2026-05-30,2000,2,https://www.cartacapital.com.br/politica/a-disputa-pela-presidencia-no-1o-turno-segundo-nova-pesquisa-real-time-big-data-2/,Julho,38,31,6,6,5,,1,,,1,,0,0,0,,0,0,,,,,,,,3,,,,,,,,,,,,,,,,,,,
real-time-big-data-2026-05-30-4,Real Time Big Data,2026-05-29,2026-05-30,2000,2,https://www.cartacapital.com.br/politica/a-disputa-pela-presidencia-no-1o-turno-segundo-nova-pesquisa-real-time-big-data-2/,Junho,38,31,6,6,5,,1,,,1,,0,0,0,,0,0,,,,,,,,3,,,,,,,,,,,,,,,,,,,
real-time-big-data-2026-05-30-5,Real Time Big Data,2026-05-29,2026-05-30,2000,2,https://www.cartacapital.com.br/politica/a-disputa-pela-presidencia-no-1o-turno-segundo-nova-pesquisa-real-time-big-data-2/,Maio,38,31,6,6,5,,1,,,1,,0,0,0,,0,0,,,,,,,,3,,,,,,,,,,,,,,,,,,,
real-time-big-data-2026-05-30-6,Real Time Big Data,2026-05-29,2026-05-30,2000,2,https://www.cartacapital.com.br/politica/a-disputa-pela-presidencia-no-1o-turno-segundo-nova-pesquisa-real-time-big-data-2/,Abril,45,40,,,,,,,,,,,,,,,,,,,,,,,,,,,,,,,,,,,,,,,,,,
real-time-big-data-2026-05-30-7,Real Time Big Data,2026-05-29,2026-05-30,2000,2,https://www.cartacapital.com.br/politica/a-disputa-pela-presidencia-no-1o-turno-segundo-nova-pesquisa-real-time-big-data-2/,Abril,43,,,,40,,,,,,,,,,,,,,,,,,,,,,,,,,,,,,,,,,,,,,,
real-time-big-data-2026-05-30-8,Real Time Big Data,2026-05-29,2026-05-30,2000,2,https://www.cartacapital.com.br/politica/a-disputa-pela-presidencia-no-1o-turno-segundo-nova-pesquisa-real-time-big-data-2/,Abril,43,,43,,,,,,,,,,,,,,,,,,,,,,,,,,,,,,,,,,,,,,,,,
real-time-big-data-2026-05-30-9,Real Time Big Data,2026-05-29,2026-05-30,2000,2,https://www.cartacapital.com.br/politica/a-disputa-pela-presidencia-no-1o-turno-segundo-nova-pesquisa-real-time-big-data-2/,Abril,46,,,30,,,,,,,,,,,,,,,,,,,,,,,,,,,,,,,,,,,,,,,,
real-time-big-data-2026-05-30-10,Real Time Big Data,2026-05-29,2026-05-30,2000,2,https://www.cartacapital.com.br/politica/a-disputa-pela-presidencia-no-1o-turno-segundo-nova-pesquisa-real-time-big-data-2/,Março,45,40,,,,,,,,,,,,,,,,,,,,,,,,,,,,,,,,,,,,,,,,,,
real-time-big-data-2026-05-30-11,Real Time Big Data,2026-05-29,2026-05-30,2000,2,https://www.cartacapital.com.br/politica/a-disputa-pela-presidencia-no-1o-turno-segundo-nova-pesquisa-real-time-big-data-2/,Janeiro - Fevereiro,45,40,,,,,,,,,,,,,,,,,,,,,,,,,,,,,,,,,,,,,,,,,,
gerp-2026-05-31,Gerp,2026-05-28,2026-05-31,2000,2.24,,Setembro,,,4,,5,11,,10,12,,19,,,,,,,,,,13,,,,,,,,,,,,,,,,,,,,,,,
gerp-2026-05-31-2,Gerp,2026-05-28,2026-05-31,2000,2.24,,Agosto,,,4,,5,11,,10,12,,19,,,,,,,,,,13,,,,,,,,,,,,,,,,,,,,,,,
gerp-2026-05-31-3,Gerp,2026-05-28,2026-05-31,2000,2.24,,Julho,,,4,,5,11,,10,12,,19,,,,,,,,,,13,,,,,,,,,,,,,,,,,,,,,,,
gerp-2026-05-31-4,Gerp,2026-05-28,2026-05-31,2000,2.24,,Junho,,,4,,5,11,,10,12,,19,,,,,,,,,,13,,,,,,,,,,,,,,,,,,,,,,,
gerp-2026-05-31-5,Gerp,2026-05-28,2026-05-31,2000,2.24,,Maio,,,4,,5,11,,10,12,,19,,,,,,,,,,13,,,,,,,,,,,,,,,,,,,,,,,
genial-quaest-2026-06-01,Genial/Quaest,2026-05-29,2026-06-01,2004,2,https://g1.globo.com/politica/noticia/2025/06/05/quaest-eleicao-2026-eventual-2o-turno.ghtml,Abril,42,,,,33,,,,,,,,,,,,,,,,,,,,,,,,,,,,,,,,,,,,,,,
genial-quaest-2026-06-01-2,Genial/Quaest,2026-05-29,2026-06-01,2004,2,https://g1.globo.com/politica/noticia/2025/06/05/quaest-eleicao-2026-eventual-2o-turno.ghtml,Abril,43,,33,,,,,,,,,,,,,,,,,,,,,,,,,,,,,,,,,,,,,,,,,
genial-quaest-2026-06-01-3,Genial/Quaest,2026-05-29,2026-06-01,2004,2,https://g1.globo.com/politica/noticia/2025/06/05/quaest-eleicao-2026-eventual-2o-turno.ghtml,Abril,41,,,,,,,,,,,,,,41,,,,,,,,,,,,,,,,,,,,,,,,,,,,,
genial-quaest-2026-06-01-4,Genial/Quaest,2026-05-29,2026-06-01,2004,2,https://g1.globo.com/politica/noticia/2025/06/05/quaest-eleicao-2026-eventual-2o-turno.ghtml,Abril,43,,,,,,,,,,,,,,,,,,,39,,,,,,,,,,,,,,,,,,,,,,,,
genial-quaest-2026-06-01-5,Genial/Quaest,2026-05-29,2026-06-01,2004,2,https://g1.globo.com/politica/noticia/2025/06/05/quaest-eleicao-2026-eventual-2o-turno.ghtml,Abril,41,,,,,,,,,,40,,,,,,,,,,,,,,,,,,,,,,,,,,,,,,,,,
genial-quaest-2026-06-01-6,Genial/Quaest,2026-05-29,2026-06-01,2004,2,https://g1.globo.com/politica/noticia/2025/06/05/quaest-eleicao-2026-eventual-2o-turno.ghtml,Abril,44,,,,,,,,,,,,,,,,,,,,,34,,,,,,,,,,,,,,,,,,,,,,
genial-quaest-2026-06-01-7,Genial/Quaest,2026-05-29,2026-06-01,2004,2,https://g1.globo.com/politica/noticia/2025/06/05/quaest-eleicao-2026-eventual-2o-turno.ghtml,Abril,40,,,,,,,38,,,,,,,,,,,,,,,,,,,,,,,,,,,,,,,,,,,,
genial-quaest-2026-06-01-8,Genial/Quaest,2026-05-29,2026-06-01,2004,2,https://g1.globo.com/politica/noticia/2025/06/05/quaest-eleicao-2026-eventual-2o-turno.ghtml,Abril,44,,,,,,,,,,,,,,,,,,35,,,,,,,,,,,,,,,,,,,,,,,,,
modalmais-futura-2026-06-04,Modalmais/Futura,2026-06-02,2026-06-04,1001,3.1,,Setembro,,,9,,,,,11.9,,,,,,,,,,,,37.6,,,,,,,,,,,22.5,,,,,,,,,,,,,
modalmais-futura-2026-06-04-2,Modalmais/Futura,2026-06-02,2026-06-04,1001,3.1,,Agosto,,,9,,,,,11.9,,,,,,,,,,,,37.6,,,,,,,,,,,22.5,,,,,,,,,,,,,
modalmais-futura-2026-06-04-3,Modalmais/Futura,2026-06-02,2026-06-04,1001,3.1,,Julho,,,9,,,,,11.9,,,,,,,,,,,,37.6,,,,,,,,,,,22.5,,,,,,,,,,,,,
modalmais-futura-2026-06-04-4,Modalmais/Futura,2026-06-02,2026-06-04,1001,3.1,,Junho,,,9,,,,,11.9,,,,,,,,,,,,37.6,,,,,,,,,,,22.5,,,,,,,,,,,,,
modalmais-futura-2026-06-04-5,Modalmais/Futura,2026-06-02,2026-06-04,1001,3.1,,Maio,,,9,,,,,11.9,,,,,,,,,,,,37.6,,,,,,,,,,,22.5,,,,,,,,,,,,,
modalmais-futura-2026-06-04-6,Modalmais/Futura,2026-06-02,2026-06-04,1001,3.1,,Abril,39.5,,35.1,,,,,,,,,,,,,,,,,,,,,,,,,,,,,,,,,,,,,,,,,
modalmais-futura-2026-06-04-7,Modalmais/Futura,2026-06-02,2026-06-04,1001,3.1,,Abril,39.9,,,,,,,,,,,,,,48.4,,,,,,,,,,,,,,,,,,,,,,,,,,,,,
modalmais-futura-2026-06-04-8,Modalmais/Futura,2026-06-02,2026-06-04,1001,3.1,,Abril,40.9,,,,,,,,,,,,,,,,,,,46.2,,,,,,,,,,,,,,,,,,,,,,,,
modalmais-futura-2026-06-04-9,Modalmais/Futura,2026-06-02,2026-06-04,1001,3.1,,Abril,41,,,,,,,,,,41,,,,,,,,,,,,,,,,,,,,,,,,,,,,,,,,,
modalmais-futura-2026-06-04-10,Modalmais/Futura,2026-06-02,2026-06-04,1001,3.1,,Abril,39.9,,,,,,,38.8,,,,,,,,,,,,,,,,,,,,,,,,,,,,,,,,,,,,
gerp-2026-06-05,Gerp,2026-06-02,2026-06-05,2000,2.24,,Setembro,34,35,2,4,2,,1,,,,,0,0,0,,,0,2,,,,,,,,,,,,,,,,,,,,,,,,,,
gerp-2026-06-05-2,Gerp,2026-06-02,2026-06-05,2000,2.24,,Agosto,34,35,2,4,2,,1,,,,,0,0,0,,,0,2,,,,,,,,,,,,,,,,,,,,,,,,,,
gerp-2026-06-05-3,Gerp,2026-06-02,2026-06-05,2000,2.24,,Julho,34,35,2,4,2,,1,,,,,0,0,0,,,0,2,,,,,,,,,,,,,,,,,,,,,,,,,,
gerp-2026-06-05-4,Gerp,2026-06-02,2026-06-05,2000,2.24,,Junho,34,35,2,4,2,,1,,,,,0,0,0,,,0,2,,,,,,,,,,,,,,,,,,,,,,,,,,
gerp-2026-06-05-5,Gerp,2026-06-02,2026-06-05,2000,2.24,,Maio,34,35,2,4,2,,1,,,,,0,0,0,,,0,2,,,,,,,,,,,,,,,,,,,,,,,,,,
gerp-2026-06-05-6,Gerp,2026-06-02,2026-06-05,2000,2.24,,Abril,39.1,44.7,,,,,,,,,,,,,,,,,,,,,,,,,,,,,,,,,,,,,,,,,,
gerp-2026-06-05-7,Gerp,2026-06-02,2026-06-05,2000,2.24,,Abril,39.2,,,,34.5,,,,,,,,,,,,,,,,,,,,,,,,,,,,,,,,,,,,,,,
gerp-2026-06-05-8,Gerp,2026-06-02,2026-06-05,2000,2.24,,Abril,38.9,,33.8,,,,,,,,,,,,,,,,,,,,,,,,,,,,,,,,,,,,,,,,,
gerp-2026-06-05-9,Gerp,2026-06-02,2026-06-05,2000,2.24,,Março,39.1,44.7,,,,,,,,,,,,,,,,,,,,,,,,,,,,,,,,,,,,,,,,,,
gerp-2026-06-05-10,Gerp,2026-06-02,2026-06-05,2000,2.24,,Janeiro - Fevereiro,39.1,44.7,,,,,,,,,,,,,,,,,,,,,,,,,,,,,,,,,,,,,,,,,,
vox-brasil-2026-06-06,Vox Brasil,2026-06-01,2026-06-06,2100,2.15,https://www.poder360.com.br/poder-eleicoes/flavio-bolsonaro-vence-lula-no-2o-turno-diz-pesquisa-gerp/,Setembro,42.1,33.6,6.9,3.1,5.1,,0.5,,,,,,0.3,,,,,1.1,,,,,,,2.1,,,,,,,,,,,,,,,,,,,
vox-brasil-2026-06-06-2,Vox Brasil,2026-06-01,2026-06-06,2100,2.15,https://www.poder360.com.br/poder-eleicoes/flavio-bolsonaro-vence-lula-no-2o-turno-diz-pesquisa-gerp/,Agosto,42.1,33.6,6.9,3.1,5.1,,0.5,,,,,,0.3,,,,,1.1,,,,,,,2.1,,,,,,,,,,,,,,,,,,,
vox-brasil-2026-06-06-3,Vox Brasil,2026-06-01,2026-06-06,2100,2.15,https://www.poder360.com.br/poder-eleicoes/flavio-bolsonaro-vence-lula-no-2o-turno-diz-pesquisa-gerp/,Julho,42.1,33.6,6.9,3.1,5.1,,0.5,,,,,,0.3,,,,,1.1,,,,,,,2.1,,,,,,,,,,,,,,,,,,,
vox-brasil-2026-06-06-4,Vox Brasil,2026-06-01,2026-06-06,2100,2.15,https://www.poder360.com.br/poder-eleicoes/flavio-bolsonaro-vence-lula-no-2o-turno-diz-pesquisa-gerp/,Junho,42.1,33.6,6.9,3.1,5.1,,0.5,,,,,,0.3,,,,,1.1,,,,,,,2.1,,,,,,,,,,,,,,,,,,,
vox-brasil-2026-06-06-5,Vox Brasil,2026-06-01,2026-06-06,2100,2.15,https://www.poder360.com.br/poder-eleicoes/flavio-bolsonaro-vence-lula-no-2o-turno-diz-pesquisa-gerp/,Maio,42.1,33.6,6.9,3.1,5.1,,0.5,,,,,,0.3,,,,,1.1,,,,,,,2.1,,,,,,,,,,,,,,,,,,,
vox-brasil-2026-06-06-6,Vox Brasil,2026-06-01,2026-06-06,2100,2.15,https://www.poder360.com.br/poder-eleicoes/flavio-bolsonaro-vence-lula-no-2o-turno-diz-pesquisa-gerp/,Abril,47.8,41.3,,,,,,,,,,,,,,,,,,,,,,,,,,,,,,,,,,,,,,,,,,
vox-brasil-2026-06-06-7,Vox Brasil,2026-06-01,2026-06-06,2100,2.15,https://www.poder360.com.br/poder-eleicoes/flavio-bolsonaro-vence-lula-no-2o-turno-diz-pesquisa-gerp/,Abril,46.3,,,,42.5,,,,,,,,,,,,,,,,,,,,,,,,,,,,,,,,,,,,,,,
vox-brasil-2026-06-06-8,Vox Brasil,2026-06-01,2026-06-06,2100,2.15,https://www.poder360.com.br/poder-eleicoes/flavio-bolsonaro-vence-lula-no-2o-turno-diz-pesquisa-gerp/,Abril,46.5,,44.9,,,,,,,,,,,,,,,,,,,,,,,,,,,,,,,,,,,,,,,,,
vox-brasil-2026-06-06-9,Vox Brasil,2026-06-01,2026-06-06,2100,2.15,https://www.poder360.com.br/poder-eleicoes/flavio-bolsonaro-vence-lula-no-2o-turno-diz-pesquisa-gerp/,Março,47.8,41.3,,,,,,,,,,,,,,,,,,,,,,,,,,,,,,,,,,,,,,,,,,
vox-brasil-2026-06-06-10,Vox Brasil,2026-06-01,2026-06-06,2100,2.15,https://www.poder360.com.br/poder-eleicoes/flavio-bolsonaro-vence-lula-no-2o-turno-diz-pesquisa-gerp/,Janeiro - Fevereiro,47.8,41.3,,,,,,,,,,,,,,,,,,,,,,,,,,,,,,,,,,,,,,,,,,
genial-quaest-2026-06-08,Genial/Quaest,2026-06-05,2026-06-08,2004,2,https://www.poder360.com.br/poder-eleicoes/lula-tem-44-contra-38-de-flavio-diz-quaest/,Setembro,39,29,3,3,2,,1,,,,,1,0,,,,0,1,,,,,,,2,,,,,,,,,,,,,,,,,,,
genial-quaest-2026-06-08-2,Genial/Quaest,2026-06-05,2026-06-08,2004,2,https://www.poder360.com.br/poder-eleicoes/lula-tem-44-contra-38-de-flavio-diz-quaest/,Agosto,39,29,3,3,2,,1,,,,,1,0,,,,0,1,,,,,,,2,,,,,,,,,,,,,,,,,,,
genial-quaest-2026-06-08-3,Genial/Quaest,2026-06-05,2026-06-08,2004,2,https://www.poder360.com.br/poder-eleicoes/lula-tem-44-contra-38-de-flavio-diz-quaest/,Julho,39,29,3,3,2,,1,,,,,1,0,,,,0,1,,,,,,,2,,,,,,,,,,,,,,,,,,,
genial-quaest-2026-06-08-4,Genial/Quaest,2026-06-05,2026-06-08,2004,2,https://www.poder360.com.br/poder-eleicoes/lula-tem-44-contra-38-de-flavio-diz-quaest/,Junho,39,29,3,3,2,,1,,,,,1,0,,,,0,1,,,,,,,2,,,,,,,,,,,,,,,,,,,
genial-quaest-2026-06-08-5,Genial/Quaest,2026-06-05,2026-06-08,2004,2,https://www.poder360.com.br/poder-eleicoes/lula-tem-44-contra-38-de-flavio-diz-quaest/,Maio,39,29,3,3,2,,1,,,,,1,0,,,,0,1,,,,,,,2,,,,,,,,,,,,,,,,,,,
genial-quaest-2026-06-08-6,Genial/Quaest,2026-06-05,2026-06-08,2004,2,https://www.poder360.com.br/poder-eleicoes/lula-tem-44-contra-38-de-flavio-diz-quaest/,Abril,44,38,,,,,,,,,,,,,,,,,,,,,,,,,,,,,,,,,,,,,,,,,,
genial-quaest-2026-06-08-7,Genial/Quaest,2026-06-05,2026-06-08,2004,2,https://www.poder360.com.br/poder-eleicoes/lula-tem-44-contra-38-de-flavio-diz-quaest/,Abril,45,,,,35,,,,,,,,,,,,,,,,,,,,,,,,,,,,,,,,,,,,,,,
genial-quaest-2026-06-08-8,Genial/Quaest,2026-06-05,2026-06-08,2004,2,https://www.poder360.com.br/poder-eleicoes/lula-tem-44-contra-38-de-flavio-diz-quaest/,Abril,45,,35,,,,,,,,,,,,,,,,,,,,,,,,,,,,,,,,,,,,,,,,,
genial-quaest-2026-06-08-9,Genial/Quaest,2026-06-05,2026-06-08,2004,2,https://www.poder360.com.br/poder-eleicoes/lula-tem-44-contra-38-de-flavio-diz-quaest/,Abril,45,,,31,,,,,,,,,,,,,,,,,,,,,,,,,,,,,,,,,,,,,,,,
genial-quaest-2026-06-08-10,Genial/Quaest,2026-06-05,2026-06-08,2004,2,https://www.poder360.com.br/poder-eleicoes/lula-tem-44-contra-38-de-flavio-diz-quaest/,Março,44,38,,,,,,,,,,,,,,,,,,,,,,,,,,,,,,,,,,,,,,,,,,
genial-quaest-2026-06-08-11,Genial/Quaest,2026-06-05,2026-06-08,2004,2,https://www.poder360.com.br/poder-eleicoes/lula-tem-44-contra-38-de-flavio-diz-quaest/,Janeiro - Fevereiro,44,38,,,,,,,,,,,,,,,,,,,,,,,,,,,,,,,,,,,,,,,,,,
alfa-2026-06-10,Alfa,2026-06-05,2026-06-10,1400,2.6,https://admin.cnnbrasil.com.br/wp-content/uploads/sites/12/2026/06/450626-NACIONAL-1400E-ELEICAO.pdf,Setembro,40,31,7,2,7,,,,,,,,,,,,,3,,,,,,,,,,,,,,,,,,,,,,,,,,
alfa-2026-06-10-2,Alfa,2026-06-05,2026-06-10,1400,2.6,https://admin.cnnbrasil.com.br/wp-content/uploads/sites/12/2026/06/450626-NACIONAL-1400E-ELEICAO.pdf,Agosto,40,31,7,2,7,,,,,,,,,,,,,3,,,,,,,,,,,,,,,,,,,,,,,,,,
alfa-2026-06-10-3,Alfa,2026-06-05,2026-06-10,1400,2.6,https://admin.cnnbrasil.com.br/wp-content/uploads/sites/12/2026/06/450626-NACIONAL-1400E-ELEICAO.pdf,Julho,40,31,7,2,7,,,,,,,,,,,,,3,,,,,,,,,,,,,,,,,,,,,,,,,,
alfa-2026-06-10-4,Alfa,2026-06-05,2026-06-10,1400,2.6,https://admin.cnnbrasil.com.br/wp-content/uploads/sites/12/2026/06/450626-NACIONAL-1400E-ELEICAO.pdf,Junho,40,31,7,2,7,,,,,,,,,,,,,3,,,,,,,,,,,,,,,,,,,,,,,,,,
alfa-2026-06-10-5,Alfa,2026-06-05,2026-06-10,1400,2.6,https://admin.cnnbrasil.com.br/wp-content/uploads/sites/12/2026/06/450626-NACIONAL-1400E-ELEICAO.pdf,Maio,40,31,7,2,7,,,,,,,,,,,,,3,,,,,,,,,,,,,,,,,,,,,,,,,,
alfa-2026-06-10-6,Alfa,2026-06-05,2026-06-10,1400,2.6,https://admin.cnnbrasil.com.br/wp-content/uploads/sites/12/2026/06/450626-NACIONAL-1400E-ELEICAO.pdf,Abril,44,41,,,,,,,,,,,,,,,,,,,,,,,,,,,,,,,,,,,,,,,,,,
alfa-2026-06-10-7,Alfa,2026-06-05,2026-06-10,1400,2.6,https://admin.cnnbrasil.com.br/wp-content/uploads/sites/12/2026/06/450626-NACIONAL-1400E-ELEICAO.pdf,Abril,44,,38,,,,,,,,,,,,,,,,,,,,,,,,,,,,,,,,,,,,,,,,,
alfa-2026-06-10-8,Alfa,2026-06-05,2026-06-10,1400,2.6,https://admin.cnnbrasil.com.br/wp-content/uploads/sites/12/2026/06/450626-NACIONAL-1400E-ELEICAO.pdf,Abril,44,,,26,,,,,,,,,,,,,,,,,,,,,,,,,,,,,,,,,,,,,,,,
alfa-2026-06-10-9,Alfa,2026-06-05,2026-06-10,1400,2.6,https://admin.cnnbrasil.com.br/wp-content/uploads/sites/12/2026/06/450626-NACIONAL-1400E-ELEICAO.pdf,Abril,41,,,,,,,,,,,,,,,,,34,,,,,,,,,,,,,,,,,,,,,,,,,,
alfa-2026-06-10-10,Alfa,2026-06-05,2026-06-10,1400,2.6,https://admin.cnnbrasil.com.br/wp-content/uploads/sites/12/2026/06/450626-NACIONAL-1400E-ELEICAO.pdf,Março,44,41,,,,,,,,,,,,,,,,,,,,,,,,,,,,,,,,,,,,,,,,,,
alfa-2026-06-10-11,Alfa,2026-06-05,2026-06-10,1400,2.6,https://admin.cnnbrasil.com.br/wp-content/uploads/sites/12/2026/06/450626-NACIONAL-1400E-ELEICAO.pdf,Janeiro - Fevereiro,44,41,,,,,,,,,,,,,,,,,,,,,,,,,,,,,,,,,,,,,,,,,,
datafolha-2026-06-11,Datafolha,2026-06-10,2026-06-11,2004,2,https://g1.globo.com/politica/noticia/2025/06/14/datafolha-cenarios-eleicoes-2026.ghtml,Setembro,37,,7,,8,,,11,,,,,,,,,,,,,,20,,,,,,,,,,,,,,,,,,,,,,
datafolha-2026-06-11-2,Datafolha,2026-06-10,2026-06-11,2004,2,https://g1.globo.com/politica/noticia/2025/06/14/datafolha-cenarios-eleicoes-2026.ghtml,Agosto,37,,7,,8,,,11,,,,,,,,,,,,,,20,,,,,,,,,,,,,,,,,,,,,,
datafolha-2026-06-11-3,Datafolha,2026-06-10,2026-06-11,2004,2,https://g1.globo.com/politica/noticia/2025/06/14/datafolha-cenarios-eleicoes-2026.ghtml,Julho,37,,7,,8,,,11,,,,,,,,,,,,,,20,,,,,,,,,,,,,,,,,,,,,,
datafolha-2026-06-11-4,Datafolha,2026-06-10,2026-06-11,2004,2,https://g1.globo.com/politica/noticia/2025/06/14/datafolha-cenarios-eleicoes-2026.ghtml,Junho,37,,7,,8,,,11,,,,,,,,,,,,,,20,,,,,,,,,,,,,,,,,,,,,,
datafolha-2026-06-11-5,Datafolha,2026-06-10,2026-06-11,2004,2,https://g1.globo.com/politica/noticia/2025/06/14/datafolha-cenarios-eleicoes-2026.ghtml,Maio,37,,7,,8,,,11,,,,,,,,,,,,,,20,,,,,,,,,,,,,,,,,,,,,,
datafolha-2026-06-11-6,Datafolha,2026-06-10,2026-06-11,2004,2,https://g1.globo.com/politica/noticia/2025/06/14/datafolha-cenarios-eleicoes-2026.ghtml,Abril,47,38,,,,,,,,,,,,,,,,,,,,,,,,,,,,,,,,,,,,,,,,,,
datafolha-2026-06-11-7,Datafolha,2026-06-10,2026-06-11,2004,2,https://g1.globo.com/politica/noticia/2025/06/14/datafolha-cenarios-eleicoes-2026.ghtml,Abril,44,,,,,,,,,,,,,,45,,,,,,,,,,,,,,,,,,,,,,,,,,,,,
datafolha-2026-06-11-8,Datafolha,2026-06-10,2026-06-11,2004,2,https://g1.globo.com/politica/noticia/2025/06/14/datafolha-cenarios-eleicoes-2026.ghtml,Abril,46,,,,,,,,,,,,,,,,,,,42,,,,,,,,,,,,,,,,,,,,,,,,
datafolha-2026-06-11-9,Datafolha,2026-06-10,2026-06-11,2004,2,https://g1.globo.com/politica/noticia/2025/06/14/datafolha-cenarios-eleicoes-2026.ghtml,Abril,43,,,,,,,,,,42,,,,,,,,,,,,,,,,,,,,,,,,,,,,,,,,,
datafolha-2026-06-11-10,Datafolha,2026-06-10,2026-06-11,2004,2,https://g1.globo.com/politica/noticia/2025/06/14/datafolha-cenarios-eleicoes-2026.ghtml,Abril,46,,,,,,,,,,,,,,,,,,,,,38,,,,,,,,,,,,,,,,,,,,,,
datafolha-2026-06-11-11,Datafolha,2026-06-10,2026-06-11,2004,2,https://g1.globo.com/politica/noticia/2025/06/14/datafolha-cenarios-eleicoes-2026.ghtml,Abril,,,,,,,,,,,,,,,45,,,,,,40,,,,,,,,,,,,,,,,,,,,,,,
datafolha-2026-06-11-12,Datafolha,2026-06-10,2026-06-11,2004,2,https://g1.globo.com/politica/noticia/2025/06/14/datafolha-cenarios-eleicoes-2026.ghtml,Março,47,38,,,,,,,,,,,,,,,,,,,,,,,,,,,,,,,,,,,,,,,,,,
apex-futura-2026-06-12,Apex/Futura,2026-06-08,2026-06-12,2000,2.2,https://www.poder360.com.br/poder-pesquisas/lula-tem-481-e-flavio-429-em-eventual-2o-turno-diz-pesquisa/,Setembro,41.6,34.1,4.5,2.3,3.5,,0.9,,,,,,1.1,,,,,2.1,,,,,,,,,,,,,,,,,,,,,,,,,,
apex-futura-2026-06-12-2,Apex/Futura,2026-06-08,2026-06-12,2000,2.2,https://www.poder360.com.br/poder-pesquisas/lula-tem-481-e-flavio-429-em-eventual-2o-turno-diz-pesquisa/,Agosto,41.6,34.1,4.5,2.3,3.5,,0.9,,,,,,1.1,,,,,2.1,,,,,,,,,,,,,,,,,,,,,,,,,,
apex-futura-2026-06-12-3,Apex/Futura,2026-06-08,2026-06-12,2000,2.2,https://www.poder360.com.br/poder-pesquisas/lula-tem-481-e-flavio-429-em-eventual-2o-turno-diz-pesquisa/,Julho,41.6,34.1,4.5,2.3,3.5,,0.9,,,,,,1.1,,,,,2.1,,,,,,,,,,,,,,,,,,,,,,,,,,
apex-futura-2026-06-12-4,Apex/Futura,2026-06-08,2026-06-12,2000,2.2,https://www.poder360.com.br/poder-pesquisas/lula-tem-481-e-flavio-429-em-eventual-2o-turno-diz-pesquisa/,Junho,41.6,34.1,4.5,2.3,3.5,,0.9,,,,,,1.1,,,,,2.1,,,,,,,,,,,,,,,,,,,,,,,,,,
apex-futura-2026-06-12-5,Apex/Futura,2026-06-08,2026-06-12,2000,2.2,https://www.poder360.com.br/poder-pesquisas/lula-tem-481-e-flavio-429-em-eventual-2o-turno-diz-pesquisa/,Maio,41.6,34.1,4.5,2.3,3.5,,0.9,,,,,,1.1,,,,,2.1,,,,,,,,,,,,,,,,,,,,,,,,,,
apex-futura-2026-06-12-6,Apex/Futura,2026-06-08,2026-06-12,2000,2.2,https://www.poder360.com.br/poder-pesquisas/lula-tem-481-e-flavio-429-em-eventual-2o-turno-diz-pesquisa/,Abril,48.1,42.9,,,,,,,,,,,,,,,,,,,,,,,,,,,,,,,,,,,,,,,,,,
apex-futura-2026-06-12-7,Apex/Futura,2026-06-08,2026-06-12,2000,2.2,https://www.poder360.com.br/poder-pesquisas/lula-tem-481-e-flavio-429-em-eventual-2o-turno-diz-pesquisa/,Abril,48.5,,,,34.9,,,,,,,,,,,,,,,,,,,,,,,,,,,,,,,,,,,,,,,
apex-futura-2026-06-12-8,Apex/Futura,2026-06-08,2026-06-12,2000,2.2,https://www.poder360.com.br/poder-pesquisas/lula-tem-481-e-flavio-429-em-eventual-2o-turno-diz-pesquisa/,Abril,45,,36.3,,,,,,,,,,,,,,,,,,,,,,,,,,,,,,,,,,,,,,,,,
apex-futura-2026-06-12-9,Apex/Futura,2026-06-08,2026-06-12,2000,2.2,https://www.poder360.com.br/poder-pesquisas/lula-tem-481-e-flavio-429-em-eventual-2o-turno-diz-pesquisa/,Abril,48.3,,,30.8,,,,,,,,,,,,,,,,,,,,,,,,,,,,,,,,,,,,,,,,
apex-futura-2026-06-12-10,Apex/Futura,2026-06-08,2026-06-12,2000,2.2,https://www.poder360.com.br/poder-pesquisas/lula-tem-481-e-flavio-429-em-eventual-2o-turno-diz-pesquisa/,Abril,48,,,,,,,,,,,,,,,,,,,42.4,,,,,,,,,,,,,,,,,,,,,,,,
apex-futura-2026-06-12-11,Apex/Futura,2026-06-08,2026-06-12,2000,2.2,https://www.poder360.com.br/poder-pesquisas/lula-tem-481-e-flavio-429-em-eventual-2o-turno-diz-pesquisa/,Abril,48.5,,,,,,,,,,,,,,,,,,,,,,,,,,,,,,,,,,,,,,,,29.2,,,
apex-futura-2026-06-12-12,Apex/Futura,2026-06-08,2026-06-12,2000,2.2,https://www.poder360.com.br/poder-pesquisas/lula-tem-481-e-flavio-429-em-eventual-2o-turno-diz-pesquisa/,Abril,,43.9,,,,,,,,,,,,,,,,,,,38.9,,,,,,,,,,,,,,,,,,,,,,,
apex-futura-2026-06-12-13,Apex/Futura,2026-06-08,2026-06-12,2000,2.2,https://www.poder360.com.br/poder-pesquisas/lula-tem-481-e-flavio-429-em-eventual-2o-turno-diz-pesquisa/,Março,48.1,42.9,,,,,,,,,,,,,,,,,,,,,,,,,,,,,,,,,,,,,,,,,,
apex-futura-2026-06-12-14,Apex/Futura,2026-06-08,2026-06-12,2000,2.2,https://www.poder360.com.br/poder-pesquisas/lula-tem-481-e-flavio-429-em-eventual-2o-turno-diz-pesquisa/,Janeiro - Fevereiro,48.1,42.9,,,,,,,,,,,,,,,,,,,,,,,,,,,,,,,,,,,,,,,,,,
cnt-mda-2026-06-14,CNT/MDA,2026-06-10,2026-06-14,2002,2.2,https://www.poder360.com.br/poder-pesquisas/cnt-42-dizem-votar-em-lula-mas-so-21-se-veem-como-de-esquerda/,Setembro,41.8,28.2,4,2,2.8,,1.8,,,,,,,,,,,2.3,,,,,,,,,,,,,,,,,,,,,,,,,,
cnt-mda-2026-06-14-2,CNT/MDA,2026-06-10,2026-06-14,2002,2.2,https://www.poder360.com.br/poder-pesquisas/cnt-42-dizem-votar-em-lula-mas-so-21-se-veem-como-de-esquerda/,Agosto,41.8,28.2,4,2,2.8,,1.8,,,,,,,,,,,2.3,,,,,,,,,,,,,,,,,,,,,,,,,,
cnt-mda-2026-06-14-3,CNT/MDA,2026-06-10,2026-06-14,2002,2.2,https://www.poder360.com.br/poder-pesquisas/cnt-42-dizem-votar-em-lula-mas-so-21-se-veem-como-de-esquerda/,Julho,41.8,28.2,4,2,2.8,,1.8,,,,,,,,,,,2.3,,,,,,,,,,,,,,,,,,,,,,,,,,
cnt-mda-2026-06-14-4,CNT/MDA,2026-06-10,2026-06-14,2002,2.2,https://www.poder360.com.br/poder-pesquisas/cnt-42-dizem-votar-em-lula-mas-so-21-se-veem-como-de-esquerda/,Junho,41.8,28.2,4,2,2.8,,1.8,,,,,,,,,,,2.3,,,,,,,,,,,,,,,,,,,,,,,,,,
cnt-mda-2026-06-14-5,CNT/MDA,2026-06-10,2026-06-14,2002,2.2,https://www.poder360.com.br/poder-pesquisas/cnt-42-dizem-votar-em-lula-mas-so-21-se-veem-como-de-esquerda/,Maio,41.8,28.2,4,2,2.8,,1.8,,,,,,,,,,,2.3,,,,,,,,,,,,,,,,,,,,,,,,,,
cnt-mda-2026-06-14-6,CNT/MDA,2026-06-10,2026-06-14,2002,2.2,https://www.poder360.com.br/poder-pesquisas/cnt-42-dizem-votar-em-lula-mas-so-21-se-veem-como-de-esquerda/,Abril,49.3,36.8,,,,,,,,,,,,,,,,,,,,,,,,,,,,,,,,,,,,,,,,,,
cnt-mda-2026-06-14-7,CNT/MDA,2026-06-10,2026-06-14,2002,2.2,https://www.poder360.com.br/poder-pesquisas/cnt-42-dizem-votar-em-lula-mas-so-21-se-veem-como-de-esquerda/,Março,49.3,36.8,,,,,,,,,,,,,,,,,,,,,,,,,,,,,,,,,,,,,,,,,,
cnt-mda-2026-06-14-8,CNT/MDA,2026-06-10,2026-06-14,2002,2.2,https://www.poder360.com.br/poder-pesquisas/cnt-42-dizem-votar-em-lula-mas-so-21-se-veem-como-de-esquerda/,Janeiro - Fevereiro,49.3,36.8,,,,,,,,,,,,,,,,,,,,,,,,,,,,,,,,,,,,,,,,,,
nexus-btg-pactual-2026-06-14,Nexus/BTG Pactual,2026-06-12,2026-06-14,2017,2,https://www.poder360.com.br/poder-eleicoes/lula-tem-49-contra-43-de-flavio-no-2o-turno-diz-nexus/,Setembro,42,33,4,4,2,,2,,,,,,1,,,,,2,,,,,,,1,,,,,,,,,,,,,,,,,,,
nexus-btg-pactual-2026-06-14-2,Nexus/BTG Pactual,2026-06-12,2026-06-14,2017,2,https://www.poder360.com.br/poder-eleicoes/lula-tem-49-contra-43-de-flavio-no-2o-turno-diz-nexus/,Agosto,42,33,4,4,2,,2,,,,,,1,,,,,2,,,,,,,1,,,,,,,,,,,,,,,,,,,
nexus-btg-pactual-2026-06-14-3,Nexus/BTG Pactual,2026-06-12,2026-06-14,2017,2,https://www.poder360.com.br/poder-eleicoes/lula-tem-49-contra-43-de-flavio-no-2o-turno-diz-nexus/,Julho,42,33,4,4,2,,2,,,,,,1,,,,,2,,,,,,,1,,,,,,,,,,,,,,,,,,,
nexus-btg-pactual-2026-06-14-4,Nexus/BTG Pactual,2026-06-12,2026-06-14,2017,2,https://www.poder360.com.br/poder-eleicoes/lula-tem-49-contra-43-de-flavio-no-2o-turno-diz-nexus/,Junho,42,33,4,4,2,,2,,,,,,1,,,,,2,,,,,,,1,,,,,,,,,,,,,,,,,,,
nexus-btg-pactual-2026-06-14-5,Nexus/BTG Pactual,2026-06-12,2026-06-14,2017,2,https://www.poder360.com.br/poder-eleicoes/lula-tem-49-contra-43-de-flavio-no-2o-turno-diz-nexus/,Maio,42,33,4,4,2,,2,,,,,,1,,,,,2,,,,,,,1,,,,,,,,,,,,,,,,,,,
nexus-btg-pactual-2026-06-14-6,Nexus/BTG Pactual,2026-06-12,2026-06-14,2017,2,https://www.poder360.com.br/poder-eleicoes/lula-tem-49-contra-43-de-flavio-no-2o-turno-diz-nexus/,Abril,49,43,,,,,,,,,,,,,,,,,,,,,,,,,,,,,,,,,,,,,,,,,,
nexus-btg-pactual-2026-06-14-7,Nexus/BTG Pactual,2026-06-12,2026-06-14,2017,2,https://www.poder360.com.br/poder-eleicoes/lula-tem-49-contra-43-de-flavio-no-2o-turno-diz-nexus/,Abril,49,,,,39,,,,,,,,,,,,,,,,,,,,,,,,,,,,,,,,,,,,,,,
nexus-btg-pactual-2026-06-14-8,Nexus/BTG Pactual,2026-06-12,2026-06-14,2017,2,https://www.poder360.com.br/poder-eleicoes/lula-tem-49-contra-43-de-flavio-no-2o-turno-diz-nexus/,Abril,48,,39,,,,,,,,,,,,,,,,,,,,,,,,,,,,,,,,,,,,,,,,,
nexus-btg-pactual-2026-06-14-9,Nexus/BTG Pactual,2026-06-12,2026-06-14,2017,2,https://www.poder360.com.br/poder-eleicoes/lula-tem-49-contra-43-de-flavio-no-2o-turno-diz-nexus/,Abril,49,,,36,,,,,,,,,,,,,,,,,,,,,,,,,,,,,,,,,,,,,,,,
nexus-btg-pactual-2026-06-14-10,Nexus/BTG Pactual,2026-06-12,2026-06-14,2017,2,https://www.poder360.com.br/poder-eleicoes/lula-tem-49-contra-43-de-flavio-no-2o-turno-diz-nexus/,Março,49,43,,,,,,,,,,,,,,,,,,,,,,,,,,,,,,,,,,,,,,,,,,
nexus-btg-pactual-2026-06-14-11,Nexus/BTG Pactual,2026-06-12,2026-06-14,2017,2,https://www.poder360.com.br/poder-eleicoes/lula-tem-49-contra-43-de-flavio-no-2o-turno-diz-nexus/,Janeiro - Fevereiro,49,43,,,,,,,,,,,,,,,,,,,,,,,,,,,,,,,,,,,,,,,,,,
american-analytics-2026-06-15,American Analytics,2026-06-11,2026-06-15,2000,2.2,https://revistaforum.com.br/politica/lula-bate-flavio-bolsonaro-pesquisa-inedita-eua/,Setembro,38,30,4,3,2,,,,,,,,,,,,,2,,,,,,,,,,,,,,,,,,,,,,,,,,
american-analytics-2026-06-15-2,American Analytics,2026-06-11,2026-06-15,2000,2.2,https://revistaforum.com.br/politica/lula-bate-flavio-bolsonaro-pesquisa-inedita-eua/,Agosto,38,30,4,3,2,,,,,,,,,,,,,2,,,,,,,,,,,,,,,,,,,,,,,,,,
american-analytics-2026-06-15-3,American Analytics,2026-06-11,2026-06-15,2000,2.2,https://revistaforum.com.br/politica/lula-bate-flavio-bolsonaro-pesquisa-inedita-eua/,Julho,38,30,4,3,2,,,,,,,,,,,,,2,,,,,,,,,,,,,,,,,,,,,,,,,,
american-analytics-2026-06-15-4,American Analytics,2026-06-11,2026-06-15,2000,2.2,https://revistaforum.com.br/politica/lula-bate-flavio-bolsonaro-pesquisa-inedita-eua/,Junho,38,30,4,3,2,,,,,,,,,,,,,2,,,,,,,,,,,,,,,,,,,,,,,,,,
american-analytics-2026-06-15-5,American Analytics,2026-06-11,2026-06-15,2000,2.2,https://revistaforum.com.br/politica/lula-bate-flavio-bolsonaro-pesquisa-inedita-eua/,Maio,38,30,4,3,2,,,,,,,,,,,,,2,,,,,,,,,,,,,,,,,,,,,,,,,,
american-analytics-2026-06-15-6,American Analytics,2026-06-11,2026-06-15,2000,2.2,https://revistaforum.com.br/politica/lula-bate-flavio-bolsonaro-pesquisa-inedita-eua/,Abril,45,40,,,,,,,,,,,,,,,,,,,,,,,,,,,,,,,,,,,,,,,,,,
american-analytics-2026-06-15-7,American Analytics,2026-06-11,2026-06-15,2000,2.2,https://revistaforum.com.br/politica/lula-bate-flavio-bolsonaro-pesquisa-inedita-eua/,Março,45,40,,,,,,,,,,,,,,,,,,,,,,,,,,,,,,,,,,,,,,,,,,
american-analytics-2026-06-15-8,American Analytics,2026-06-11,2026-06-15,2000,2.2,https://revistaforum.com.br/politica/lula-bate-flavio-bolsonaro-pesquisa-inedita-eua/,Janeiro - Fevereiro,45,40,,,,,,,,,,,,,,,,,,,,,,,,,,,,,,,,,,,,,,,,,,
cnt-mda-2026-06-15,CNT/MDA,2026-06-11,2026-06-15,2002,2.2,,Setembro,,,6,,5.5,,,10.1,19.1,,,,,,,,,,,19.8,16.9,,,,,,,,,,,,,,,,,,,,,,,
cnt-mda-2026-06-15-2,CNT/MDA,2026-06-11,2026-06-15,2002,2.2,,Agosto,,,6,,5.5,,,10.1,19.1,,,,,,,,,,,19.8,16.9,,,,,,,,,,,,,,,,,,,,,,,
cnt-mda-2026-06-15-3,CNT/MDA,2026-06-11,2026-06-15,2002,2.2,,Julho,,,6,,5.5,,,10.1,19.1,,,,,,,,,,,19.8,16.9,,,,,,,,,,,,,,,,,,,,,,,
cnt-mda-2026-06-15-4,CNT/MDA,2026-06-11,2026-06-15,2002,2.2,,Junho,,,6,,5.5,,,10.1,19.1,,,,,,,,,,,19.8,16.9,,,,,,,,,,,,,,,,,,,,,,,
cnt-mda-2026-06-15-5,CNT/MDA,2026-06-11,2026-06-15,2002,2.2,,Maio,,,6,,5.5,,,10.1,19.1,,,,,,,,,,,19.8,16.9,,,,,,,,,,,,,,,,,,,,,,,
cnt-mda-2026-06-15-6,CNT/MDA,2026-06-11,2026-06-15,2002,2.2,,Abril,41.4,,,,,,,,,,,,,,43.9,,,,,,,,,,,,,,,,,,,,,,,,,,,,,
cnt-mda-2026-06-15-7,CNT/MDA,2026-06-11,2026-06-15,2002,2.2,,Abril,41.1,,,,,,,,,,40.4,,,,,,,,,,,,,,,,,,,,,,,,,,,,,,,,,
cnt-mda-2026-06-15-8,CNT/MDA,2026-06-11,2026-06-15,2002,2.2,,Abril,,,,,,,,,,,,,,,43.9,,,,,,38.4,,,,,,,,,,,,,,,,,,,,,,,
cnt-mda-2026-06-15-9,CNT/MDA,2026-06-11,2026-06-15,2002,2.2,,Abril,,,,,,,,,,,39,,,,,,,,,,37,,,,,,,,,,,,,,,,,,,,,,,
datafolha-2026-06-17,Datafolha,2026-06-17,2026-06-17,2004,2,https://g1.globo.com/politica/eleicoes/2026/pesquisa-eleitoral/noticia/2026/06/20/datafolha-2o-turno-lula-tem-47-e-flavio-bolsonaro-43.ghtml,Abril,48,,,,39,,,,,,,,,,,,,,,,,,,,,,,,,,,,,,,,,,,,,,,
datafolha-2026-06-19,Datafolha,2026-06-17,2026-06-19,2004,2,,Setembro,41,31,3,3,2,,2,,,,,2,1,1,,0,0,1,,,,,,,2,,,,,,,,,,,,,,,,,,,
datafolha-2026-06-19-2,Datafolha,2026-06-17,2026-06-19,2004,2,,Agosto,41,31,3,3,2,,2,,,,,2,1,1,,0,0,1,,,,,,,2,,,,,,,,,,,,,,,,,,,
datafolha-2026-06-19-3,Datafolha,2026-06-17,2026-06-19,2004,2,,Julho,41,31,3,3,2,,2,,,,,2,1,1,,0,0,1,,,,,,,2,,,,,,,,,,,,,,,,,,,
datafolha-2026-06-19-4,Datafolha,2026-06-17,2026-06-19,2004,2,,Junho,41,31,3,3,2,,2,,,,,2,1,1,,0,0,1,,,,,,,2,,,,,,,,,,,,,,,,,,,
datafolha-2026-06-19-5,Datafolha,2026-06-17,2026-06-19,2004,2,,Maio,41,31,3,3,2,,2,,,,,2,1,1,,0,0,1,,,,,,,2,,,,,,,,,,,,,,,,,,,
datafolha-2026-06-19-6,Datafolha,2026-06-17,2026-06-19,2004,2,https://g1.globo.com/politica/eleicoes/2026/pesquisa-eleitoral/noticia/2026/06/20/datafolha-2o-turno-lula-tem-47-e-flavio-bolsonaro-43.ghtml,Abril,47,43,,,,,,,,,,,,,,,,,,,,,,,,,,,,,,,,,,,,,,,,,,
datafolha-2026-06-19-7,Datafolha,2026-06-17,2026-06-19,2004,2,https://g1.globo.com/politica/eleicoes/2026/pesquisa-eleitoral/noticia/2026/06/20/datafolha-2o-turno-lula-tem-47-e-flavio-bolsonaro-43.ghtml,Abril,47,,41,,,,,,,,,,,,,,,,,,,,,,,,,,,,,,,,,,,,,,,,,
datafolha-2026-06-19-8,Datafolha,2026-06-17,2026-06-19,2004,2,https://g1.globo.com/politica/eleicoes/2026/pesquisa-eleitoral/noticia/2026/06/20/datafolha-2o-turno-lula-tem-47-e-flavio-bolsonaro-43.ghtml,Março,47,43,,,,,,,,,,,,,,,,,,,,,,,,,,,,,,,,,,,,,,,,,,
datafolha-2026-06-19-9,Datafolha,2026-06-17,2026-06-19,2004,2,https://g1.globo.com/politica/eleicoes/2026/pesquisa-eleitoral/noticia/2026/06/20/datafolha-2o-turno-lula-tem-47-e-flavio-bolsonaro-43.ghtml,Janeiro - Fevereiro,47,43,,,,,,,,,,,,,,,,,,,,,,,,,,,,,,,,,,,,,,,,,,
gerp-2026-06-20,Gerp,2026-06-15,2026-06-20,2000,2.19,https://www.poder360.com.br/poder-pesquisas/flavio-e-lula-empatam-no-2o-turno-diz-pesquisa/,Setembro,37,34,4,3,3,,1,,,,,1,1,0,,,,1,,,,,,,,,,,,,,,,,,,,,,,,,,
gerp-2026-06-20-2,Gerp,2026-06-15,2026-06-20,2000,2.19,https://www.poder360.com.br/poder-pesquisas/flavio-e-lula-empatam-no-2o-turno-diz-pesquisa/,Agosto,37,34,4,3,3,,1,,,,,1,1,0,,,,1,,,,,,,,,,,,,,,,,,,,,,,,,,
gerp-2026-06-20-3,Gerp,2026-06-15,2026-06-20,2000,2.19,https://www.poder360.com.br/poder-pesquisas/flavio-e-lula-empatam-no-2o-turno-diz-pesquisa/,Julho,37,34,4,3,3,,1,,,,,1,1,0,,,,1,,,,,,,,,,,,,,,,,,,,,,,,,,
gerp-2026-06-20-4,Gerp,2026-06-15,2026-06-20,2000,2.19,https://www.poder360.com.br/poder-pesquisas/flavio-e-lula-empatam-no-2o-turno-diz-pesquisa/,Junho,37,34,4,3,3,,1,,,,,1,1,0,,,,1,,,,,,,,,,,,,,,,,,,,,,,,,,
gerp-2026-06-20-5,Gerp,2026-06-15,2026-06-20,2000,2.19,https://www.poder360.com.br/poder-pesquisas/flavio-e-lula-empatam-no-2o-turno-diz-pesquisa/,Maio,37,34,4,3,3,,1,,,,,1,1,0,,,,1,,,,,,,,,,,,,,,,,,,,,,,,,,
gerp-2026-06-20-6,Gerp,2026-06-15,2026-06-20,2000,2.19,https://www.poder360.com.br/poder-pesquisas/flavio-e-lula-empatam-no-2o-turno-diz-pesquisa/,Abril,40,42,,,,,,,,,,,,,,,,,,,,,,,,,,,,,,,,,,,,,,,,,,
gerp-2026-06-20-7,Gerp,2026-06-15,2026-06-20,2000,2.19,https://www.poder360.com.br/poder-pesquisas/flavio-e-lula-empatam-no-2o-turno-diz-pesquisa/,Abril,39,,,,36,,,,,,,,,,,,,,,,,,,,,,,,,,,,,,,,,,,,,,,
gerp-2026-06-20-8,Gerp,2026-06-15,2026-06-20,2000,2.19,https://www.poder360.com.br/poder-pesquisas/flavio-e-lula-empatam-no-2o-turno-diz-pesquisa/,Abril,39,,38,,,,,,,,,,,,,,,,,,,,,,,,,,,,,,,,,,,,,,,,,
gerp-2026-06-20-9,Gerp,2026-06-15,2026-06-20,2000,2.19,https://www.poder360.com.br/poder-pesquisas/flavio-e-lula-empatam-no-2o-turno-diz-pesquisa/,Março,40,42,,,,,,,,,,,,,,,,,,,,,,,,,,,,,,,,,,,,,,,,,,
gerp-2026-06-20-10,Gerp,2026-06-15,2026-06-20,2000,2.19,https://www.poder360.com.br/poder-pesquisas/flavio-e-lula-empatam-no-2o-turno-diz-pesquisa/,Janeiro - Fevereiro,40,42,,,,,,,,,,,,,,,,,,,,,,,,,,,,,,,,,,,,,,,,,,
indexa-2026-06-20,Indexa,2026-06-18,2026-06-20,2000,2.2,,Setembro,42,31,5,3,3,,1,,,,,0,0,,,,,1,,,,,,,,,,,,,,,,,,,,,,,,,,
indexa-2026-06-20-2,Indexa,2026-06-18,2026-06-20,2000,2.2,,Agosto,42,31,5,3,3,,1,,,,,0,0,,,,,1,,,,,,,,,,,,,,,,,,,,,,,,,,
indexa-2026-06-20-3,Indexa,2026-06-18,2026-06-20,2000,2.2,,Julho,42,31,5,3,3,,1,,,,,0,0,,,,,1,,,,,,,,,,,,,,,,,,,,,,,,,,
indexa-2026-06-20-4,Indexa,2026-06-18,2026-06-20,2000,2.2,,Junho,42,31,5,3,3,,1,,,,,0,0,,,,,1,,,,,,,,,,,,,,,,,,,,,,,,,,
indexa-2026-06-20-5,Indexa,2026-06-18,2026-06-20,2000,2.2,,Maio,42,31,5,3,3,,1,,,,,0,0,,,,,1,,,,,,,,,,,,,,,,,,,,,,,,,,
indexa-2026-06-20-6,Indexa,2026-06-18,2026-06-20,2000,2.2,,Abril,47,40,,,,,,,,,,,,,,,,,,,,,,,,,,,,,,,,,,,,,,,,,,
indexa-2026-06-20-7,Indexa,2026-06-18,2026-06-20,2000,2.2,,Março,47,40,,,,,,,,,,,,,,,,,,,,,,,,,,,,,,,,,,,,,,,,,,
indexa-2026-06-20-8,Indexa,2026-06-18,2026-06-20,2000,2.2,,Janeiro - Fevereiro,47,40,,,,,,,,,,,,,,,,,,,,,,,,,,,,,,,,,,,,,,,,,,
parana-pesquisas-2026-06-22,Paraná Pesquisas,2026-06-18,2026-06-22,2020,2.2,https://www.cartacapital.com.br/politica/pesquisa-testa-cenarios-com-lula-contra-o-cla-bolsonaro-para-2026-veja-os-resultados/,Setembro,34.2,,7.1,,,,,13.9,15,,,,,,,,,,,,,,,,,,,1.2,,,,,,,,,,,6.8,,,,,
parana-pesquisas-2026-06-22-2,Paraná Pesquisas,2026-06-18,2026-06-22,2020,2.2,https://www.cartacapital.com.br/politica/pesquisa-testa-cenarios-com-lula-contra-o-cla-bolsonaro-para-2026-veja-os-resultados/,Agosto,34.2,,7.1,,,,,13.9,15,,,,,,,,,,,,,,,,,,,1.2,,,,,,,,,,,6.8,,,,,
parana-pesquisas-2026-06-22-3,Paraná Pesquisas,2026-06-18,2026-06-22,2020,2.2,https://www.cartacapital.com.br/politica/pesquisa-testa-cenarios-com-lula-contra-o-cla-bolsonaro-para-2026-veja-os-resultados/,Julho,34.2,,7.1,,,,,13.9,15,,,,,,,,,,,,,,,,,,,1.2,,,,,,,,,,,6.8,,,,,
parana-pesquisas-2026-06-22-4,Paraná Pesquisas,2026-06-18,2026-06-22,2020,2.2,https://www.cartacapital.com.br/politica/pesquisa-testa-cenarios-com-lula-contra-o-cla-bolsonaro-para-2026-veja-os-resultados/,Junho,34.2,,7.1,,,,,13.9,15,,,,,,,,,,,,,,,,,,,1.2,,,,,,,,,,,6.8,,,,,
parana-pesquisas-2026-06-22-5,Paraná Pesquisas,2026-06-18,2026-06-22,2020,2.2,https://www.cartacapital.com.br/politica/pesquisa-testa-cenarios-com-lula-contra-o-cla-bolsonaro-para-2026-veja-os-resultados/,Maio,34.2,,7.1,,,,,13.9,15,,,,,,,,,,,,,,,,,,,1.2,,,,,,,,,,,6.8,,,,,
parana-pesquisas-2026-06-22-6,Paraná Pesquisas,2026-06-18,2026-06-22,2020,2.2,https://www.cartacapital.com.br/politica/pesquisa-testa-cenarios-com-lula-contra-o-cla-bolsonaro-para-2026-veja-os-resultados/,Abril,42.1,38.4,,,,,,,,,,,,,,,,,,,,,,,,,,,,,,,,,,,,,,,,,,
parana-pesquisas-2026-06-22-7,Paraná Pesquisas,2026-06-18,2026-06-22,2020,2.2,https://www.cartacapital.com.br/politica/pesquisa-testa-cenarios-com-lula-contra-o-cla-bolsonaro-para-2026-veja-os-resultados/,Abril,41.4,,33.5,,,,,,,,,,,,,,,,,,,,,,,,,,,,,,,,,,,,,,,,,
parana-pesquisas-2026-06-22-8,Paraná Pesquisas,2026-06-18,2026-06-22,2020,2.2,https://www.cartacapital.com.br/politica/pesquisa-testa-cenarios-com-lula-contra-o-cla-bolsonaro-para-2026-veja-os-resultados/,Abril,39.7,,,,,,,,,,,,,,46.5,,,,,,,,,,,,,,,,,,,,,,,,,,,,,
parana-pesquisas-2026-06-22-9,Paraná Pesquisas,2026-06-18,2026-06-22,2020,2.2,https://www.cartacapital.com.br/politica/pesquisa-testa-cenarios-com-lula-contra-o-cla-bolsonaro-para-2026-veja-os-resultados/,Abril,40.6,,,,,,,,,,,,,,,,,,,44.4,,,,,,,,,,,,,,,,,,,,,,,,
parana-pesquisas-2026-06-22-10,Paraná Pesquisas,2026-06-18,2026-06-22,2020,2.2,https://www.cartacapital.com.br/politica/pesquisa-testa-cenarios-com-lula-contra-o-cla-bolsonaro-para-2026-veja-os-resultados/,Abril,40.1,,,,,,,,,,43.6,,,,,,,,,,,,,,,,,,,,,,,,,,,,,,,,,
parana-pesquisas-2026-06-22-11,Paraná Pesquisas,2026-06-18,2026-06-22,2020,2.2,https://www.cartacapital.com.br/politica/pesquisa-testa-cenarios-com-lula-contra-o-cla-bolsonaro-para-2026-veja-os-resultados/,Abril,41.6,,,,,,,,,,,,,,,,,,,,,39.1,,,,,,,,,,,,,,,,,,,,,,
parana-pesquisas-2026-06-22-12,Paraná Pesquisas,2026-06-18,2026-06-22,2020,2.2,https://www.cartacapital.com.br/politica/pesquisa-testa-cenarios-com-lula-contra-o-cla-bolsonaro-para-2026-veja-os-resultados/,Abril,41.2,,,,,,,37,,,,,,,,,,,,,,,,,,,,,,,,,,,,,,,,,,,,
parana-pesquisas-2026-06-22-13,Paraná Pesquisas,2026-06-18,2026-06-22,2020,2.2,https://www.cartacapital.com.br/politica/pesquisa-testa-cenarios-com-lula-contra-o-cla-bolsonaro-para-2026-veja-os-resultados/,Abril,41.8,,,,,,,,,,,,,,,,,,,,,,,,,,,,,,,,,31.2,,,,,,,,,,
parana-pesquisas-2026-06-22-14,Paraná Pesquisas,2026-06-18,2026-06-22,2020,2.2,https://www.cartacapital.com.br/politica/pesquisa-testa-cenarios-com-lula-contra-o-cla-bolsonaro-para-2026-veja-os-resultados/,Março,42.1,38.4,,,,,,,,,,,,,,,,,,,,,,,,,,,,,,,,,,,,,,,,,,
modalmais-futura-2026-06-23,Modalmais/Futura,2026-06-12,2026-06-23,2000,2.2,https://exame.com/brasil/lula-perde-para-bolsonaro-michelle-e-tarcisio-por-mais-de-10-pontos-no-2o-turno-em-2026-diz-futura/,Setembro,28.3,,12.8,,15,,,,18.8,,,,,,,,,,,,,,,,,,,,,,,,,,,,,,,,,,,
modalmais-futura-2026-06-23-2,Modalmais/Futura,2026-06-12,2026-06-23,2000,2.2,https://exame.com/brasil/lula-perde-para-bolsonaro-michelle-e-tarcisio-por-mais-de-10-pontos-no-2o-turno-em-2026-diz-futura/,Agosto,28.3,,12.8,,15,,,,18.8,,,,,,,,,,,,,,,,,,,,,,,,,,,,,,,,,,,
modalmais-futura-2026-06-23-3,Modalmais/Futura,2026-06-12,2026-06-23,2000,2.2,https://exame.com/brasil/lula-perde-para-bolsonaro-michelle-e-tarcisio-por-mais-de-10-pontos-no-2o-turno-em-2026-diz-futura/,Julho,28.3,,12.8,,15,,,,18.8,,,,,,,,,,,,,,,,,,,,,,,,,,,,,,,,,,,
modalmais-futura-2026-06-23-4,Modalmais/Futura,2026-06-12,2026-06-23,2000,2.2,https://exame.com/brasil/lula-perde-para-bolsonaro-michelle-e-tarcisio-por-mais-de-10-pontos-no-2o-turno-em-2026-diz-futura/,Junho,28.3,,12.8,,15,,,,18.8,,,,,,,,,,,,,,,,,,,,,,,,,,,,,,,,,,,
modalmais-futura-2026-06-23-5,Modalmais/Futura,2026-06-12,2026-06-23,2000,2.2,https://exame.com/brasil/lula-perde-para-bolsonaro-michelle-e-tarcisio-por-mais-de-10-pontos-no-2o-turno-em-2026-diz-futura/,Maio,28.3,,12.8,,15,,,,18.8,,,,,,,,,,,,,,,,,,,,,,,,,,,,,,,,,,,
modalmais-futura-2026-06-23-6,Modalmais/Futura,2026-06-12,2026-06-23,2000,2.2,https://exame.com/brasil/lula-perde-para-bolsonaro-michelle-e-tarcisio-por-mais-de-10-pontos-no-2o-turno-em-2026-diz-futura/,Abril,37.6,,,,37.7,,,,,,,,,,,,,,,,,,,,,,,,,,,,,,,,,,,,,,,
modalmais-futura-2026-06-23-7,Modalmais/Futura,2026-06-12,2026-06-23,2000,2.2,https://exame.com/brasil/lula-perde-para-bolsonaro-michelle-e-tarcisio-por-mais-de-10-pontos-no-2o-turno-em-2026-diz-futura/,Abril,36.2,,39.2,,,,,,,,,,,,,,,,,,,,,,,,,,,,,,,,,,,,,,,,,
modalmais-futura-2026-06-23-8,Modalmais/Futura,2026-06-12,2026-06-23,2000,2.2,https://exame.com/brasil/lula-perde-para-bolsonaro-michelle-e-tarcisio-por-mais-de-10-pontos-no-2o-turno-em-2026-diz-futura/,Abril,37.4,,,,,,,,,,,,,,50,,,,,,,,,,,,,,,,,,,,,,,,,,,,,
modalmais-futura-2026-06-23-9,Modalmais/Futura,2026-06-12,2026-06-23,2000,2.2,https://exame.com/brasil/lula-perde-para-bolsonaro-michelle-e-tarcisio-por-mais-de-10-pontos-no-2o-turno-em-2026-diz-futura/,Abril,38,,,,,,,,,,,,,,,,,,,48.4,,,,,,,,,,,,,,,,,,,,,,,,
modalmais-futura-2026-06-23-10,Modalmais/Futura,2026-06-12,2026-06-23,2000,2.2,https://exame.com/brasil/lula-perde-para-bolsonaro-michelle-e-tarcisio-por-mais-de-10-pontos-no-2o-turno-em-2026-diz-futura/,Abril,34.9,,,,,,,,,,46.5,,,,,,,,,,,,,,,,,,,,,,,,,,,,,,,,,
modalmais-futura-2026-06-23-11,Modalmais/Futura,2026-06-12,2026-06-23,2000,2.2,https://exame.com/brasil/lula-perde-para-bolsonaro-michelle-e-tarcisio-por-mais-de-10-pontos-no-2o-turno-em-2026-diz-futura/,Abril,38.1,,,,,,,,,,,,,,,,,,,,,44.8,,,,,,,,,,,,,,,,,,,,,,
modalmais-futura-2026-06-23-12,Modalmais/Futura,2026-06-12,2026-06-23,2000,2.2,https://exame.com/brasil/lula-perde-para-bolsonaro-michelle-e-tarcisio-por-mais-de-10-pontos-no-2o-turno-em-2026-diz-futura/,Abril,36.7,,,,,,,41.7,,,,,,,,,,,,,,,,,,,,,,,,,,,,,,,,,,,,
modalmais-futura-2026-06-23-13,Modalmais/Futura,2026-06-12,2026-06-23,2000,2.2,https://exame.com/brasil/lula-perde-para-bolsonaro-michelle-e-tarcisio-por-mais-de-10-pontos-no-2o-turno-em-2026-diz-futura/,Abril,32.1,,,,,,,,41.2,,,,,,,,,,,,,,,,,,,,,,,,,,,,,,,,,,,
poderdata-2026-06-24,PoderData,2026-06-21,2026-06-24,2400,2,https://www.cartacapital.com.br/politica/os-numeros-da-nova-pesquisa-poder-aya-para-a-presidencia/,Setembro,40,36,4,4,3,,3,,,,,,,,,,,3,,,,,,,,,,,,,,,,,,,,,,,,,,
poderdata-2026-06-24-2,PoderData,2026-06-21,2026-06-24,2400,2,https://www.cartacapital.com.br/politica/os-numeros-da-nova-pesquisa-poder-aya-para-a-presidencia/,Agosto,40,36,4,4,3,,3,,,,,,,,,,,3,,,,,,,,,,,,,,,,,,,,,,,,,,
poderdata-2026-06-24-3,PoderData,2026-06-21,2026-06-24,2400,2,https://www.cartacapital.com.br/politica/os-numeros-da-nova-pesquisa-poder-aya-para-a-presidencia/,Julho,40,36,4,4,3,,3,,,,,,,,,,,3,,,,,,,,,,,,,,,,,,,,,,,,,,
poderdata-2026-06-24-4,PoderData,2026-06-21,2026-06-24,2400,2,https://www.cartacapital.com.br/politica/os-numeros-da-nova-pesquisa-poder-aya-para-a-presidencia/,Junho,40,36,4,4,3,,3,,,,,,,,,,,3,,,,,,,,,,,,,,,,,,,,,,,,,,
poderdata-2026-06-24-5,PoderData,2026-06-21,2026-06-24,2400,2,https://www.cartacapital.com.br/politica/os-numeros-da-nova-pesquisa-poder-aya-para-a-presidencia/,Maio,40,36,4,4,3,,3,,,,,,,,,,,3,,,,,,,,,,,,,,,,,,,,,,,,,,
poderdata-2026-06-24-6,PoderData,2026-06-21,2026-06-24,2400,2,https://www.cartacapital.com.br/politica/os-numeros-da-nova-pesquisa-poder-aya-para-a-presidencia/,Abril,46,43,,,,,,,,,,,,,,,,,,,,,,,,,,,,,,,,,,,,,,,,,,
poderdata-2026-06-24-7,PoderData,2026-06-21,2026-06-24,2400,2,https://www.cartacapital.com.br/politica/os-numeros-da-nova-pesquisa-poder-aya-para-a-presidencia/,Abril,45,,,,42,,,,,,,,,,,,,,,,,,,,,,,,,,,,,,,,,,,,,,,
poderdata-2026-06-24-8,PoderData,2026-06-21,2026-06-24,2400,2,https://www.cartacapital.com.br/politica/os-numeros-da-nova-pesquisa-poder-aya-para-a-presidencia/,Abril,45,,42,,,,,,,,,,,,,,,,,,,,,,,,,,,,,,,,,,,,,,,,,
poderdata-2026-06-24-9,PoderData,2026-06-21,2026-06-24,2400,2,https://www.cartacapital.com.br/politica/os-numeros-da-nova-pesquisa-poder-aya-para-a-presidencia/,Abril,45,,,38,,,,,,,,,,,,,,,,,,,,,,,,,,,,,,,,,,,,,,,,
poderdata-2026-06-24-10,PoderData,2026-06-21,2026-06-24,2400,2,https://www.cartacapital.com.br/politica/os-numeros-da-nova-pesquisa-poder-aya-para-a-presidencia/,Abril,43,,,,,,,,,,,,,,,,,41,,,,,,,,,,,,,,,,,,,,,,,,,,
poderdata-2026-06-24-11,PoderData,2026-06-21,2026-06-24,2400,2,https://www.cartacapital.com.br/politica/os-numeros-da-nova-pesquisa-poder-aya-para-a-presidencia/,Março,46,43,,,,,,,,,,,,,,,,,,,,,,,,,,,,,,,,,,,,,,,,,,
poderdata-2026-06-24-12,PoderData,2026-06-21,2026-06-24,2400,2,https://www.cartacapital.com.br/politica/os-numeros-da-nova-pesquisa-poder-aya-para-a-presidencia/,Janeiro - Fevereiro,46,43,,,,,,,,,,,,,,,,,,,,,,,,,,,,,,,,,,,,,,,,,,
vox-brasil-2026-06-25,Vox Brasil,2026-06-23,2026-06-25,2100,2.15,https://www.poder360.com.br/poder-pesquisas/flavio-e-lula-empatam-no-2o-turno-diz-pesquisa-2/,Setembro,38.3,32.2,5.1,2.5,3.8,,0.7,,,,,,0.5,,,,,0.9,,,,,,,1.7,,,,,,,,,,,,,,,,,,,
vox-brasil-2026-06-25-2,Vox Brasil,2026-06-23,2026-06-25,2100,2.15,https://www.poder360.com.br/poder-pesquisas/flavio-e-lula-empatam-no-2o-turno-diz-pesquisa-2/,Agosto,38.3,32.2,5.1,2.5,3.8,,0.7,,,,,,0.5,,,,,0.9,,,,,,,1.7,,,,,,,,,,,,,,,,,,,
vox-brasil-2026-06-25-3,Vox Brasil,2026-06-23,2026-06-25,2100,2.15,https://www.poder360.com.br/poder-pesquisas/flavio-e-lula-empatam-no-2o-turno-diz-pesquisa-2/,Julho,38.3,32.2,5.1,2.5,3.8,,0.7,,,,,,0.5,,,,,0.9,,,,,,,1.7,,,,,,,,,,,,,,,,,,,
vox-brasil-2026-06-25-4,Vox Brasil,2026-06-23,2026-06-25,2100,2.15,https://www.poder360.com.br/poder-pesquisas/flavio-e-lula-empatam-no-2o-turno-diz-pesquisa-2/,Junho,38.3,32.2,5.1,2.5,3.8,,0.7,,,,,,0.5,,,,,0.9,,,,,,,1.7,,,,,,,,,,,,,,,,,,,
vox-brasil-2026-06-25-5,Vox Brasil,2026-06-23,2026-06-25,2100,2.15,https://www.poder360.com.br/poder-pesquisas/flavio-e-lula-empatam-no-2o-turno-diz-pesquisa-2/,Maio,38.3,32.2,5.1,2.5,3.8,,0.7,,,,,,0.5,,,,,0.9,,,,,,,1.7,,,,,,,,,,,,,,,,,,,
vox-brasil-2026-06-25-6,Vox Brasil,2026-06-23,2026-06-25,2100,2.15,https://www.poder360.com.br/poder-pesquisas/flavio-e-lula-empatam-no-2o-turno-diz-pesquisa-2/,Abril,45.3,42.8,,,,,,,,,,,,,,,,,,,,,,,,,,,,,,,,,,,,,,,,,,
vox-brasil-2026-06-25-7,Vox Brasil,2026-06-23,2026-06-25,2100,2.15,https://www.poder360.com.br/poder-pesquisas/flavio-e-lula-empatam-no-2o-turno-diz-pesquisa-2/,Abril,45.5,,,,41.3,,,,,,,,,,,,,,,,,,,,,,,,,,,,,,,,,,,,,,,
vox-brasil-2026-06-25-8,Vox Brasil,2026-06-23,2026-06-25,2100,2.15,https://www.poder360.com.br/poder-pesquisas/flavio-e-lula-empatam-no-2o-turno-diz-pesquisa-2/,Abril,44.6,,40.8,,,,,,,,,,,,,,,,,,,,,,,,,,,,,,,,,,,,,,,,,
vox-brasil-2026-06-25-9,Vox Brasil,2026-06-23,2026-06-25,2100,2.15,https://www.poder360.com.br/poder-pesquisas/flavio-e-lula-empatam-no-2o-turno-diz-pesquisa-2/,Abril,49.7,,,,,,,,,,,,,,,,,,,,,,,,,,,,,,,,,,,,,,,,,22.1,,
vox-brasil-2026-06-25-10,Vox Brasil,2026-06-23,2026-06-25,2100,2.15,https://www.poder360.com.br/poder-pesquisas/flavio-e-lula-empatam-no-2o-turno-diz-pesquisa-2/,Março,45.3,42.8,,,,,,,,,,,,,,,,,,,,,,,,,,,,,,,,,,,,,,,,,,
vox-brasil-2026-06-25-11,Vox Brasil,2026-06-23,2026-06-25,2100,2.15,https://www.poder360.com.br/poder-pesquisas/flavio-e-lula-empatam-no-2o-turno-diz-pesquisa-2/,Janeiro - Fevereiro,45.3,42.8,,,,,,,,,,,,,,,,,,,,,,,,,,,,,,,,,,,,,,,,,,
neokemp-2026-06-27,Neokemp,2026-06-25,2026-06-27,2020,2.2,,Setembro,35.2,,7.7,,,,,8.2,8.4,,,,,,,,,,,,,25.7,,,,,,,,,,,,,,,,,,,,,,
neokemp-2026-06-27-2,Neokemp,2026-06-25,2026-06-27,2020,2.2,,Agosto,35.2,,7.7,,,,,8.2,8.4,,,,,,,,,,,,,25.7,,,,,,,,,,,,,,,,,,,,,,
neokemp-2026-06-27-3,Neokemp,2026-06-25,2026-06-27,2020,2.2,,Julho,35.2,,7.7,,,,,8.2,8.4,,,,,,,,,,,,,25.7,,,,,,,,,,,,,,,,,,,,,,
neokemp-2026-06-27-4,Neokemp,2026-06-25,2026-06-27,2020,2.2,,Junho,35.2,,7.7,,,,,8.2,8.4,,,,,,,,,,,,,25.7,,,,,,,,,,,,,,,,,,,,,,
neokemp-2026-06-27-5,Neokemp,2026-06-25,2026-06-27,2020,2.2,,Maio,35.2,,7.7,,,,,8.2,8.4,,,,,,,,,,,,,25.7,,,,,,,,,,,,,,,,,,,,,,
neokemp-2026-06-27-6,Neokemp,2026-06-25,2026-06-27,2020,2.2,,Abril,41.5,,,,,,,,,,,,,,44,,,,,,,,,,,,,,,,,,,,,,,,,,,,,
neokemp-2026-06-27-7,Neokemp,2026-06-25,2026-06-27,2020,2.2,,Abril,40.2,,,,,,,,,,,,,,,,,,,41.8,,,,,,,,,,,,,,,,,,,,,,,,
neokemp-2026-06-27-8,Neokemp,2026-06-25,2026-06-27,2020,2.2,,Abril,41.7,,,,,,,,,,46.5,,,,,,,,,,,,,,,,,,,,,,,,,,,,,,,,,
neokemp-2026-06-27-9,Neokemp,2026-06-25,2026-06-27,2020,2.2,,Abril,42.2,,,,,,,,,,,,,,,,,,,,,38.2,,,,,,,,,,,,,,,,,,,,,,
nexus-btg-pactual-2026-06-28,Nexus/BTG Pactual,2026-06-26,2026-06-28,2009,2,,Setembro,42,35,5,4,3,,1,,,,,,1,,,,,1,,,,,,,1,,,,,,,,,,,,,,,,,,,
nexus-btg-pactual-2026-06-28-2,Nexus/BTG Pactual,2026-06-26,2026-06-28,2009,2,,Agosto,42,35,5,4,3,,1,,,,,,1,,,,,1,,,,,,,1,,,,,,,,,,,,,,,,,,,
nexus-btg-pactual-2026-06-28-3,Nexus/BTG Pactual,2026-06-26,2026-06-28,2009,2,,Julho,42,35,5,4,3,,1,,,,,,1,,,,,1,,,,,,,1,,,,,,,,,,,,,,,,,,,
nexus-btg-pactual-2026-06-28-4,Nexus/BTG Pactual,2026-06-26,2026-06-28,2009,2,,Junho,42,35,5,4,3,,1,,,,,,1,,,,,1,,,,,,,1,,,,,,,,,,,,,,,,,,,
nexus-btg-pactual-2026-06-28-5,Nexus/BTG Pactual,2026-06-26,2026-06-28,2009,2,,Maio,42,35,5,4,3,,1,,,,,,1,,,,,1,,,,,,,1,,,,,,,,,,,,,,,,,,,
nexus-btg-pactual-2026-06-28-6,Nexus/BTG Pactual,2026-06-26,2026-06-28,2009,2,https://www.cnnbrasil.com.br/eleicoes/nexus-lula-e-flavio-tem-empate-tecnico-no-2o-turno-com-47-e-44/,Abril,47,44,,,,,,,,,,,,,,,,,,,,,,,,,,,,,,,,,,,,,,,,,,
nexus-btg-pactual-2026-06-28-7,Nexus/BTG Pactual,2026-06-26,2026-06-28,2009,2,https://www.cnnbrasil.com.br/eleicoes/nexus-lula-e-flavio-tem-empate-tecnico-no-2o-turno-com-47-e-44/,Abril,48,,,,38,,,,,,,,,,,,,,,,,,,,,,,,,,,,,,,,,,,,,,,
nexus-btg-pactual-2026-06-28-8,Nexus/BTG Pactual,2026-06-26,2026-06-28,2009,2,https://www.cnnbrasil.com.br/eleicoes/nexus-lula-e-flavio-tem-empate-tecnico-no-2o-turno-com-47-e-44/,Abril,47,,39,,,,,,,,,,,,,,,,,,,,,,,,,,,,,,,,,,,,,,,,,
nexus-btg-pactual-2026-06-28-9,Nexus/BTG Pactual,2026-06-26,2026-06-28,2009,2,https://www.cnnbrasil.com.br/eleicoes/nexus-lula-e-flavio-tem-empate-tecnico-no-2o-turno-com-47-e-44/,Abril,48,,,36,,,,,,,,,,,,,,,,,,,,,,,,,,,,,,,,,,,,,,,,
nexus-btg-pactual-2026-06-28-10,Nexus/BTG Pactual,2026-06-26,2026-06-28,2009,2,https://www.cnnbrasil.com.br/eleicoes/nexus-lula-e-flavio-tem-empate-tecnico-no-2o-turno-com-47-e-44/,Março,47,44,,,,,,,,,,,,,,,,,,,,,,,,,,,,,,,,,,,,,,,,,,
nexus-btg-pactual-2026-06-28-11,Nexus/BTG Pactual,2026-06-26,2026-06-28,2009,2,https://www.cnnbrasil.com.br/eleicoes/nexus-lula-e-flavio-tem-empate-tecnico-no-2o-turno-com-47-e-44/,Janeiro - Fevereiro,47,44,,,,,,,,,,,,,,,,,,,,,,,,,,,,,,,,,,,,,,,,,,
atlasintel-2026-06-30,AtlasIntel,2026-06-26,2026-06-30,4999,1,https://www.gazetadopovo.com.br/eleicoes/2026/pesquisa-eleitoral-2026/atlasintel-presidente-julho-2026/,Setembro,46.3,36.6,2.9,7.8,2,,0.5,,,,,0.6,0.3,0.1,,0,0,1,,,,,,,0.7,,,,,,,,,,,,,,,,,,,
atlasintel-2026-06-30-2,AtlasIntel,2026-06-27,2026-06-30,2621,2,https://exame.com/brasil/lula-perde-para-bolsonaro-michelle-tarcisio-e-outros-tres-nomes-no-2o-turno-em-2026-diz-gerp/,Setembro,,,2.3,,4.8,3.1,,2.7,8.3,,34,,,,,,,,2,,33.3,,,,,,,,,,,,,,,,,,,,,,,
atlasintel-2026-06-30-3,AtlasIntel,2026-06-26,2026-06-30,4999,1,https://www.gazetadopovo.com.br/eleicoes/2026/pesquisa-eleitoral-2026/atlasintel-presidente-julho-2026/,Agosto,46.3,36.6,2.9,7.8,2,,0.5,,,,,0.6,0.3,0.1,,0,0,1,,,,,,,0.7,,,,,,,,,,,,,,,,,,,
atlasintel-2026-06-30-4,AtlasIntel,2026-06-27,2026-06-30,2621,2,https://exame.com/brasil/lula-perde-para-bolsonaro-michelle-tarcisio-e-outros-tres-nomes-no-2o-turno-em-2026-diz-gerp/,Agosto,,,2.3,,4.8,3.1,,2.7,8.3,,34,,,,,,,,2,,33.3,,,,,,,,,,,,,,,,,,,,,,,
atlasintel-2026-06-30-5,AtlasIntel,2026-06-26,2026-06-30,4999,1,https://www.gazetadopovo.com.br/eleicoes/2026/pesquisa-eleitoral-2026/atlasintel-presidente-julho-2026/,Julho,46.3,36.6,2.9,7.8,2,,0.5,,,,,0.6,0.3,0.1,,0,0,1,,,,,,,0.7,,,,,,,,,,,,,,,,,,,
atlasintel-2026-06-30-6,AtlasIntel,2026-06-27,2026-06-30,2621,2,https://exame.com/brasil/lula-perde-para-bolsonaro-michelle-tarcisio-e-outros-tres-nomes-no-2o-turno-em-2026-diz-gerp/,Julho,,,2.3,,4.8,3.1,,2.7,8.3,,34,,,,,,,,2,,33.3,,,,,,,,,,,,,,,,,,,,,,,
atlasintel-2026-06-30-7,AtlasIntel,2026-06-26,2026-06-30,4999,1,https://www.gazetadopovo.com.br/eleicoes/2026/pesquisa-eleitoral-2026/atlasintel-presidente-julho-2026/,Junho,46.3,36.6,2.9,7.8,2,,0.5,,,,,0.6,0.3,0.1,,0,0,1,,,,,,,0.7,,,,,,,,,,,,,,,,,,,
atlasintel-2026-06-30-8,AtlasIntel,2026-06-27,2026-06-30,2621,2,https://exame.com/brasil/lula-perde-para-bolsonaro-michelle-tarcisio-e-outros-tres-nomes-no-2o-turno-em-2026-diz-gerp/,Junho,,,2.3,,4.8,3.1,,2.7,8.3,,34,,,,,,,,2,,33.3,,,,,,,,,,,,,,,,,,,,,,,
atlasintel-2026-06-30-9,AtlasIntel,2026-06-26,2026-06-30,4999,1,https://www.gazetadopovo.com.br/eleicoes/2026/pesquisa-eleitoral-2026/atlasintel-presidente-julho-2026/,Maio,46.3,36.6,2.9,7.8,2,,0.5,,,,,0.6,0.3,0.1,,0,0,1,,,,,,,0.7,,,,,,,,,,,,,,,,,,,
atlasintel-2026-06-30-10,AtlasIntel,2026-06-27,2026-06-30,2621,2,https://exame.com/brasil/lula-perde-para-bolsonaro-michelle-tarcisio-e-outros-tres-nomes-no-2o-turno-em-2026-diz-gerp/,Maio,,,2.3,,4.8,3.1,,2.7,8.3,,34,,,,,,,,2,,33.3,,,,,,,,,,,,,,,,,,,,,,,
atlasintel-2026-06-30-11,AtlasIntel,2026-06-26,2026-06-30,4999,1,https://www.gazetadopovo.com.br/eleicoes/2026/pesquisa-eleitoral-2026/atlasintel-presidente-julho-2026/,Abril,48.8,42.3,,,,,,,,,,,,,,,,,,,,,,,,,,,,,,,,,,,,,,,,,,
atlasintel-2026-06-30-12,AtlasIntel,2026-06-26,2026-06-30,4999,1,https://www.gazetadopovo.com.br/eleicoes/2026/pesquisa-eleitoral-2026/atlasintel-presidente-julho-2026/,Abril,48.2,,,,38.5,,,,,,,,,,,,,,,,,,,,,,,,,,,,,,,,,,,,,,,
atlasintel-2026-06-30-13,AtlasIntel,2026-06-27,2026-06-30,2621,2,https://exame.com/brasil/lula-perde-para-bolsonaro-michelle-tarcisio-e-outros-tres-nomes-no-2o-turno-em-2026-diz-gerp/,Abril,48,,,,38.6,,,,,,,,,,,,,,,,,,,,,,,,,,,,,,,,,,,,,,,
atlasintel-2026-06-30-14,AtlasIntel,2026-06-26,2026-06-30,4999,1,https://www.gazetadopovo.com.br/eleicoes/2026/pesquisa-eleitoral-2026/atlasintel-presidente-julho-2026/,Abril,48,,39,,,,,,,,,,,,,,,,,,,,,,,,,,,,,,,,,,,,,,,,,
atlasintel-2026-06-30-15,AtlasIntel,2026-06-27,2026-06-30,2621,2,https://exame.com/brasil/lula-perde-para-bolsonaro-michelle-tarcisio-e-outros-tres-nomes-no-2o-turno-em-2026-diz-gerp/,Abril,47.8,,35.3,,,,,,,,,,,,,,,,,,,,,,,,,,,,,,,,,,,,,,,,,
atlasintel-2026-06-30-16,AtlasIntel,2026-06-26,2026-06-30,4999,1,https://www.gazetadopovo.com.br/eleicoes/2026/pesquisa-eleitoral-2026/atlasintel-presidente-julho-2026/,Abril,49.2,,,29.8,,,,,,,,,,,,,,,,,,,,,,,,,,,,,,,,,,,,,,,,
atlasintel-2026-06-30-17,AtlasIntel,2026-06-26,2026-06-30,4999,1,https://www.gazetadopovo.com.br/eleicoes/2026/pesquisa-eleitoral-2026/atlasintel-presidente-julho-2026/,Abril,48.6,,,,,,,,,,,,,,43.1,,,,,,,,,,,,,,,,,,,,,,,,,,,,,
atlasintel-2026-06-30-18,AtlasIntel,2026-06-27,2026-06-30,2621,2,https://exame.com/brasil/lula-perde-para-bolsonaro-michelle-tarcisio-e-outros-tres-nomes-no-2o-turno-em-2026-diz-gerp/,Abril,47.8,,,,,,,,,,,,,,48.6,,,,,,,,,,,,,,,,,,,,,,,,,,,,,
atlasintel-2026-06-30-19,AtlasIntel,2026-06-26,2026-06-30,4999,1,https://www.gazetadopovo.com.br/eleicoes/2026/pesquisa-eleitoral-2026/atlasintel-presidente-julho-2026/,Abril,48.7,,,,,,,,,,,,,,,,,,,38.9,,,,,,,,,,,,,,,,,,,,,,,,
atlasintel-2026-06-30-20,AtlasIntel,2026-06-27,2026-06-30,2621,2,https://exame.com/brasil/lula-perde-para-bolsonaro-michelle-tarcisio-e-outros-tres-nomes-no-2o-turno-em-2026-diz-gerp/,Abril,48,,,,,,,,,,,,,,,,,,,47.5,,,,,,,,,,,,,,,,,,,,,,,,
atlasintel-2026-06-30-21,AtlasIntel,2026-06-27,2026-06-30,2621,2,https://exame.com/brasil/lula-perde-para-bolsonaro-michelle-tarcisio-e-outros-tres-nomes-no-2o-turno-em-2026-diz-gerp/,Abril,47.6,,,,,,,,,,46.9,,,,,,,,,,,,,,,,,,,,,,,,,,,,,,,,,
atlasintel-2026-06-30-22,AtlasIntel,2026-06-27,2026-06-30,2621,2,https://exame.com/brasil/lula-perde-para-bolsonaro-michelle-tarcisio-e-outros-tres-nomes-no-2o-turno-em-2026-diz-gerp/,Abril,47.3,,,,,,,39,,,,,,,,,,,,,,,,,,,,,,,,,,,,,,,,,,,,
atlasintel-2026-06-30-23,AtlasIntel,2026-06-27,2026-06-30,2621,2,https://exame.com/brasil/lula-perde-para-bolsonaro-michelle-tarcisio-e-outros-tres-nomes-no-2o-turno-em-2026-diz-gerp/,Abril,47,,,,,,,,,,,,,,,,,,23.9,,,,,,,,,,,,,,,,,,,,,,,,,
atlasintel-2026-06-30-24,AtlasIntel,2026-06-26,2026-06-30,4999,1,https://www.gazetadopovo.com.br/eleicoes/2026/pesquisa-eleitoral-2026/atlasintel-presidente-julho-2026/,Abril,,41.7,,,,,,,,,,,,,,,,,,,,,,,,,,,,,,,47.4,,,,,,,,,,,
atlasintel-2026-06-30-25,AtlasIntel,2026-06-26,2026-06-30,4999,1,https://www.gazetadopovo.com.br/eleicoes/2026/pesquisa-eleitoral-2026/atlasintel-presidente-julho-2026/,Abril,,42.8,,,,,,,,,,,,,,,,,,,46.4,,,,,,,,,,,,,,,,,,,,,,,
atlasintel-2026-06-30-26,AtlasIntel,2026-06-26,2026-06-30,4999,1,https://www.gazetadopovo.com.br/eleicoes/2026/pesquisa-eleitoral-2026/atlasintel-presidente-julho-2026/,Março,48.8,42.3,,,,,,,,,,,,,,,,,,,,,,,,,,,,,,,,,,,,,,,,,,
atlasintel-2026-06-30-27,AtlasIntel,2026-06-26,2026-06-30,4999,1,https://www.gazetadopovo.com.br/eleicoes/2026/pesquisa-eleitoral-2026/atlasintel-presidente-julho-2026/,Janeiro - Fevereiro,48.8,42.3,,,,,,,,,,,,,,,,,,,,,,,,,,,,,,,,,,,,,,,,,,
gerp-2026-06-30,Gerp,2026-06-23,2026-06-30,2000,2.24,https://exame.com/brasil/lula-perde-para-bolsonaro-e-empata-com-outros-quatro-nomes-da-direita-no-2o-turno-em-2026-diz-futura/,Setembro,,,6,,5,8,,10,22,,,,,,,,,,,,,18,,,,,,,,,,,,,,,,2,,,,,,
gerp-2026-06-30-2,Gerp,2026-06-23,2026-06-30,2000,2.24,https://exame.com/brasil/lula-perde-para-bolsonaro-e-empata-com-outros-quatro-nomes-da-direita-no-2o-turno-em-2026-diz-futura/,Agosto,,,6,,5,8,,10,22,,,,,,,,,,,,,18,,,,,,,,,,,,,,,,2,,,,,,
gerp-2026-06-30-3,Gerp,2026-06-23,2026-06-30,2000,2.24,https://exame.com/brasil/lula-perde-para-bolsonaro-e-empata-com-outros-quatro-nomes-da-direita-no-2o-turno-em-2026-diz-futura/,Julho,,,6,,5,8,,10,22,,,,,,,,,,,,,18,,,,,,,,,,,,,,,,2,,,,,,
gerp-2026-06-30-4,Gerp,2026-06-23,2026-06-30,2000,2.24,https://exame.com/brasil/lula-perde-para-bolsonaro-e-empata-com-outros-quatro-nomes-da-direita-no-2o-turno-em-2026-diz-futura/,Junho,,,6,,5,8,,10,22,,,,,,,,,,,,,18,,,,,,,,,,,,,,,,2,,,,,,
gerp-2026-06-30-5,Gerp,2026-06-23,2026-06-30,2000,2.24,https://exame.com/brasil/lula-perde-para-bolsonaro-e-empata-com-outros-quatro-nomes-da-direita-no-2o-turno-em-2026-diz-futura/,Maio,,,6,,5,8,,10,22,,,,,,,,,,,,,18,,,,,,,,,,,,,,,,2,,,,,,
gerp-2026-06-30-6,Gerp,2026-06-23,2026-06-30,2000,2.24,https://exame.com/brasil/lula-perde-para-bolsonaro-e-empata-com-outros-quatro-nomes-da-direita-no-2o-turno-em-2026-diz-futura/,Abril,35,,,,36,,,,,,,,,,,,,,,,,,,,,,,,,,,,,,,,,,,,,,,
gerp-2026-06-30-7,Gerp,2026-06-23,2026-06-30,2000,2.24,https://exame.com/brasil/lula-perde-para-bolsonaro-e-empata-com-outros-quatro-nomes-da-direita-no-2o-turno-em-2026-diz-futura/,Abril,35,,33,,,,,,,,,,,,,,,,,,,,,,,,,,,,,,,,,,,,,,,,,
gerp-2026-06-30-8,Gerp,2026-06-23,2026-06-30,2000,2.24,https://exame.com/brasil/lula-perde-para-bolsonaro-e-empata-com-outros-quatro-nomes-da-direita-no-2o-turno-em-2026-diz-futura/,Abril,32,,,,,,,,,,,,,,52,,,,,,,,,,,,,,,,,,,,,,,,,,,,,
gerp-2026-06-30-9,Gerp,2026-06-23,2026-06-30,2000,2.24,https://exame.com/brasil/lula-perde-para-bolsonaro-e-empata-com-outros-quatro-nomes-da-direita-no-2o-turno-em-2026-diz-futura/,Abril,34,,,,,,,,,,,,,,,,,,,46,,,,,,,,,,,,,,,,,,,,,,,,
gerp-2026-06-30-10,Gerp,2026-06-23,2026-06-30,2000,2.24,https://exame.com/brasil/lula-perde-para-bolsonaro-e-empata-com-outros-quatro-nomes-da-direita-no-2o-turno-em-2026-diz-futura/,Abril,31,,,,,,,,,,47,,,,,,,,,,,,,,,,,,,,,,,,,,,,,,,,,
gerp-2026-06-30-11,Gerp,2026-06-23,2026-06-30,2000,2.24,https://exame.com/brasil/lula-perde-para-bolsonaro-e-empata-com-outros-quatro-nomes-da-direita-no-2o-turno-em-2026-diz-futura/,Abril,35,,,,,,,,,,,,,,,,,,,,,42,,,,,,,,,,,,,,,,,,,,,,
gerp-2026-06-30-12,Gerp,2026-06-23,2026-06-30,2000,2.24,https://exame.com/brasil/lula-perde-para-bolsonaro-e-empata-com-outros-quatro-nomes-da-direita-no-2o-turno-em-2026-diz-futura/,Abril,33,,,,,,,40,,,,,,,,,,,,,,,,,,,,,,,,,,,,,,,,,,,,
gerp-2026-06-30-13,Gerp,2026-06-23,2026-06-30,2000,2.24,https://exame.com/brasil/lula-perde-para-bolsonaro-e-empata-com-outros-quatro-nomes-da-direita-no-2o-turno-em-2026-diz-futura/,Abril,27,,,,,,,,41,,,,,,,,,,,,,,,,,,,,,,,,,,,,,,,,,,,
meio-ideia-2026-07-06,Meio/Ideia,2026-07-03,2026-07-06,2000,2.5,https://www.poder360.com.br/poder-eleicoes/lula-e-flavio-estao-tecnicamente-empatados-no-2o-turno-diz-pesquisa/,Setembro,40.4,32,4,2,2.5,,1.5,,,,,0.4,0.5,0.4,,0.1,0.1,0.5,,,,,,,2,,,,,,,,,,,,,,,,,,,
meio-ideia-2026-07-06-2,Meio/Ideia,2026-07-03,2026-07-06,2000,2.5,https://www.poder360.com.br/poder-eleicoes/lula-e-flavio-estao-tecnicamente-empatados-no-2o-turno-diz-pesquisa/,Agosto,40.4,32,4,2,2.5,,1.5,,,,,0.4,0.5,0.4,,0.1,0.1,0.5,,,,,,,2,,,,,,,,,,,,,,,,,,,
meio-ideia-2026-07-06-3,Meio/Ideia,2026-07-03,2026-07-06,2000,2.5,https://www.poder360.com.br/poder-eleicoes/lula-e-flavio-estao-tecnicamente-empatados-no-2o-turno-diz-pesquisa/,Julho,40.4,32,4,2,2.5,,1.5,,,,,0.4,0.5,0.4,,0.1,0.1,0.5,,,,,,,2,,,,,,,,,,,,,,,,,,,
meio-ideia-2026-07-06-4,Meio/Ideia,2026-07-03,2026-07-06,2000,2.5,https://www.poder360.com.br/poder-eleicoes/lula-e-flavio-estao-tecnicamente-empatados-no-2o-turno-diz-pesquisa/,Junho,40.4,32,4,2,2.5,,1.5,,,,,0.4,0.5,0.4,,0.1,0.1,0.5,,,,,,,2,,,,,,,,,,,,,,,,,,,
meio-ideia-2026-07-06-5,Meio/Ideia,2026-07-03,2026-07-06,2000,2.5,https://www.poder360.com.br/poder-eleicoes/lula-e-flavio-estao-tecnicamente-empatados-no-2o-turno-diz-pesquisa/,Maio,40.4,32,4,2,2.5,,1.5,,,,,0.4,0.5,0.4,,0.1,0.1,0.5,,,,,,,2,,,,,,,,,,,,,,,,,,,
meio-ideia-2026-07-06-6,Meio/Ideia,2026-07-03,2026-07-06,2000,2.5,https://www.poder360.com.br/poder-eleicoes/lula-e-flavio-estao-tecnicamente-empatados-no-2o-turno-diz-pesquisa/,Abril,45,40,,,,,,,,,,,,,,,,,,,,,,,,,,,,,,,,,,,,,,,,,,
meio-ideia-2026-07-06-7,Meio/Ideia,2026-07-03,2026-07-06,2000,2.5,https://www.poder360.com.br/poder-eleicoes/lula-e-flavio-estao-tecnicamente-empatados-no-2o-turno-diz-pesquisa/,Abril,45,,,,37,,,,,,,,,,,,,,,,,,,,,,,,,,,,,,,,,,,,,,,
meio-ideia-2026-07-06-8,Meio/Ideia,2026-07-03,2026-07-06,2000,2.5,https://www.poder360.com.br/poder-eleicoes/lula-e-flavio-estao-tecnicamente-empatados-no-2o-turno-diz-pesquisa/,Abril,45,,37.6,,,,,,,,,,,,,,,,,,,,,,,,,,,,,,,,,,,,,,,,,
meio-ideia-2026-07-06-9,Meio/Ideia,2026-07-03,2026-07-06,2000,2.5,https://www.poder360.com.br/poder-eleicoes/lula-e-flavio-estao-tecnicamente-empatados-no-2o-turno-diz-pesquisa/,Abril,45,,,33,,,,,,,,,,,,,,,,,,,,,,,,,,,,,,,,,,,,,,,,
meio-ideia-2026-07-06-10,Meio/Ideia,2026-07-03,2026-07-06,2000,2.5,https://www.poder360.com.br/poder-eleicoes/lula-e-flavio-estao-tecnicamente-empatados-no-2o-turno-diz-pesquisa/,Abril,45,,,,,,,,,,,,,,,,,,,36,,,,,,,,,,,,,,,,,,,,,,,,
meio-ideia-2026-07-06-11,Meio/Ideia,2026-07-03,2026-07-06,2000,2.5,https://www.poder360.com.br/poder-eleicoes/lula-e-flavio-estao-tecnicamente-empatados-no-2o-turno-diz-pesquisa/,Abril,45,,,,,,,,,,,,,,,,,23,,,,,,,,,,,,,,,,,,,,,,,,,,
meio-ideia-2026-07-06-12,Meio/Ideia,2026-07-03,2026-07-06,2000,2.5,https://www.poder360.com.br/poder-eleicoes/lula-e-flavio-estao-tecnicamente-empatados-no-2o-turno-diz-pesquisa/,Março,45,40,,,,,,,,,,,,,,,,,,,,,,,,,,,,,,,,,,,,,,,,,,
meio-ideia-2026-07-06-13,Meio/Ideia,2026-07-03,2026-07-06,2000,2.5,https://www.poder360.com.br/poder-eleicoes/lula-e-flavio-estao-tecnicamente-empatados-no-2o-turno-diz-pesquisa/,Janeiro - Fevereiro,45,40,,,,,,,,,,,,,,,,,,,,,,,,,,,,,,,,,,,,,,,,,,
gerp-2026-07-07,Gerp,2026-07-03,2026-07-07,2000,2.2,https://www.poder360.com.br/poder-eleicoes/flavio-tem-45-e-lula-42-em-eventual-2o-turno-diz-pesquisa/,Setembro,36,36,4,2,2,,1,,,,,0,0,0,,,,1,,,,,,,0,,,,,,,,,,,,,,,,,,,
gerp-2026-07-07-2,Gerp,2026-07-03,2026-07-07,2000,2.2,https://www.poder360.com.br/poder-eleicoes/flavio-tem-45-e-lula-42-em-eventual-2o-turno-diz-pesquisa/,Agosto,36,36,4,2,2,,1,,,,,0,0,0,,,,1,,,,,,,0,,,,,,,,,,,,,,,,,,,
gerp-2026-07-07-3,Gerp,2026-07-03,2026-07-07,2000,2.2,https://www.poder360.com.br/poder-eleicoes/flavio-tem-45-e-lula-42-em-eventual-2o-turno-diz-pesquisa/,Julho,36,36,4,2,2,,1,,,,,0,0,0,,,,1,,,,,,,0,,,,,,,,,,,,,,,,,,,
gerp-2026-07-07-4,Gerp,2026-07-03,2026-07-07,2000,2.2,https://www.poder360.com.br/poder-eleicoes/flavio-tem-45-e-lula-42-em-eventual-2o-turno-diz-pesquisa/,Junho,36,36,4,2,2,,1,,,,,0,0,0,,,,1,,,,,,,0,,,,,,,,,,,,,,,,,,,
gerp-2026-07-07-5,Gerp,2026-07-03,2026-07-07,2000,2.2,https://www.poder360.com.br/poder-eleicoes/flavio-tem-45-e-lula-42-em-eventual-2o-turno-diz-pesquisa/,Maio,36,36,4,2,2,,1,,,,,0,0,0,,,,1,,,,,,,0,,,,,,,,,,,,,,,,,,,
gerp-2026-07-07-6,Gerp,2026-07-03,2026-07-07,2000,2.2,https://www.poder360.com.br/poder-eleicoes/flavio-tem-45-e-lula-42-em-eventual-2o-turno-diz-pesquisa/,Abril,42,45,,,,,,,,,,,,,,,,,,,,,,,,,,,,,,,,,,,,,,,,,,
gerp-2026-07-07-7,Gerp,2026-07-03,2026-07-07,2000,2.2,https://www.poder360.com.br/poder-eleicoes/flavio-tem-45-e-lula-42-em-eventual-2o-turno-diz-pesquisa/,Abril,41,,,,36,,,,,,,,,,,,,,,,,,,,,,,,,,,,,,,,,,,,,,,
gerp-2026-07-07-8,Gerp,2026-07-03,2026-07-07,2000,2.2,https://www.poder360.com.br/poder-eleicoes/flavio-tem-45-e-lula-42-em-eventual-2o-turno-diz-pesquisa/,Abril,40,,36,,,,,,,,,,,,,,,,,,,,,,,,,,,,,,,,,,,,,,,,,
gerp-2026-07-07-9,Gerp,2026-07-03,2026-07-07,2000,2.2,https://www.poder360.com.br/poder-eleicoes/flavio-tem-45-e-lula-42-em-eventual-2o-turno-diz-pesquisa/,Abril,41,,,30,,,,,,,,,,,,,,,,,,,,,,,,,,,,,,,,,,,,,,,,
gerp-2026-07-07-10,Gerp,2026-07-03,2026-07-07,2000,2.2,https://www.poder360.com.br/poder-eleicoes/flavio-tem-45-e-lula-42-em-eventual-2o-turno-diz-pesquisa/,Abril,45,,,,,,,,,,,,,,,,,,,41,,,,,,,,,,,,,,,,,,,,,,,,
gerp-2026-07-07-11,Gerp,2026-07-03,2026-07-07,2000,2.2,https://www.poder360.com.br/poder-eleicoes/flavio-tem-45-e-lula-42-em-eventual-2o-turno-diz-pesquisa/,Abril,,34,,,,,,,,,,,,,,,,,,,,,,,,,,,,,,,44,,,,,,,,,,,
gerp-2026-07-07-12,Gerp,2026-07-03,2026-07-07,2000,2.2,https://www.poder360.com.br/poder-eleicoes/flavio-tem-45-e-lula-42-em-eventual-2o-turno-diz-pesquisa/,Abril,,45,,,,,,,,,,,,,,,,,,,32,,,,,,,,,,,,,,,,,,,,,,,
gerp-2026-07-07-13,Gerp,2026-07-03,2026-07-07,2000,2.2,https://www.poder360.com.br/poder-eleicoes/flavio-tem-45-e-lula-42-em-eventual-2o-turno-diz-pesquisa/,Março,42,45,,,,,,,,,,,,,,,,,,,,,,,,,,,,,,,,,,,,,,,,,,
gerp-2026-07-07-14,Gerp,2026-07-03,2026-07-07,2000,2.2,https://www.poder360.com.br/poder-eleicoes/flavio-tem-45-e-lula-42-em-eventual-2o-turno-diz-pesquisa/,Janeiro - Fevereiro,42,45,,,,,,,,,,,,,,,,,,,,,,,,,,,,,,,,,,,,,,,,,,
apex-futura-2026-07-11,Apex/Futura,2026-07-07,2026-07-11,2000,2.2,https://www.poder360.com.br/poder-eleicoes/lula-e-flavio-empatam-no-2o-turno-diz-futura-apex/,Setembro,40.1,36.8,5,2.6,3.7,,1.1,,,,,,0.7,,,,,1.4,,,,,,,,,,,,,,,,,,,,,,,,,,
apex-futura-2026-07-11-2,Apex/Futura,2026-07-07,2026-07-11,2000,2.2,https://www.poder360.com.br/poder-eleicoes/lula-e-flavio-empatam-no-2o-turno-diz-futura-apex/,Agosto,40.1,36.8,5,2.6,3.7,,1.1,,,,,,0.7,,,,,1.4,,,,,,,,,,,,,,,,,,,,,,,,,,
apex-futura-2026-07-11-3,Apex/Futura,2026-07-07,2026-07-11,2000,2.2,https://www.poder360.com.br/poder-eleicoes/lula-e-flavio-empatam-no-2o-turno-diz-futura-apex/,Julho,40.1,36.8,5,2.6,3.7,,1.1,,,,,,0.7,,,,,1.4,,,,,,,,,,,,,,,,,,,,,,,,,,
apex-futura-2026-07-11-4,Apex/Futura,2026-07-07,2026-07-11,2000,2.2,https://www.poder360.com.br/poder-eleicoes/lula-e-flavio-empatam-no-2o-turno-diz-futura-apex/,Junho,40.1,36.8,5,2.6,3.7,,1.1,,,,,,0.7,,,,,1.4,,,,,,,,,,,,,,,,,,,,,,,,,,
apex-futura-2026-07-11-5,Apex/Futura,2026-07-07,2026-07-11,2000,2.2,https://www.poder360.com.br/poder-eleicoes/lula-e-flavio-empatam-no-2o-turno-diz-futura-apex/,Maio,40.1,36.8,5,2.6,3.7,,1.1,,,,,,0.7,,,,,1.4,,,,,,,,,,,,,,,,,,,,,,,,,,
apex-futura-2026-07-11-6,Apex/Futura,2026-07-07,2026-07-11,2000,2.2,https://www.poder360.com.br/poder-eleicoes/lula-e-flavio-empatam-no-2o-turno-diz-futura-apex/,Abril,46.3,46.1,,,,,,,,,,,,,,,,,,,,,,,,,,,,,,,,,,,,,,,,,,
apex-futura-2026-07-11-7,Apex/Futura,2026-07-07,2026-07-11,2000,2.2,https://www.poder360.com.br/poder-eleicoes/lula-e-flavio-empatam-no-2o-turno-diz-futura-apex/,Abril,46,,,,38.1,,,,,,,,,,,,,,,,,,,,,,,,,,,,,,,,,,,,,,,
apex-futura-2026-07-11-8,Apex/Futura,2026-07-07,2026-07-11,2000,2.2,https://www.poder360.com.br/poder-eleicoes/lula-e-flavio-empatam-no-2o-turno-diz-futura-apex/,Abril,45.1,,38.9,,,,,,,,,,,,,,,,,,,,,,,,,,,,,,,,,,,,,,,,,
apex-futura-2026-07-11-9,Apex/Futura,2026-07-07,2026-07-11,2000,2.2,https://www.poder360.com.br/poder-eleicoes/lula-e-flavio-empatam-no-2o-turno-diz-futura-apex/,Abril,46.4,,,33.1,,,,,,,,,,,,,,,,,,,,,,,,,,,,,,,,,,,,,,,,
apex-futura-2026-07-11-10,Apex/Futura,2026-07-07,2026-07-11,2000,2.2,https://www.poder360.com.br/poder-eleicoes/lula-e-flavio-empatam-no-2o-turno-diz-futura-apex/,Abril,46.1,,,,,,,,,,,,,,,,,,,44.3,,,,,,,,,,,,,,,,,,,,,,,,
apex-futura-2026-07-11-11,Apex/Futura,2026-07-07,2026-07-11,2000,2.2,https://www.poder360.com.br/poder-eleicoes/lula-e-flavio-empatam-no-2o-turno-diz-futura-apex/,Março,46.3,46.1,,,,,,,,,,,,,,,,,,,,,,,,,,,,,,,,,,,,,,,,,,
apex-futura-2026-07-11-12,Apex/Futura,2026-07-07,2026-07-11,2000,2.2,https://www.poder360.com.br/poder-eleicoes/lula-e-flavio-empatam-no-2o-turno-diz-futura-apex/,Janeiro - Fevereiro,46.3,46.1,,,,,,,,,,,,,,,,,,,,,,,,,,,,,,,,,,,,,,,,,,
nexus-btg-pactual-2026-07-12,Nexus/BTG Pactual,2026-07-10,2026-07-12,2003,2,https://www.gazetadopovo.com.br/eleicoes/2026/pesquisa-eleitoral-2026/nexus-btg-pactual-presidente-julho-2026/,Setembro,40,34,5,4,4,,2,,,,,,0,,,,,2,,,,,,,1,,,,,,,,,,,,,,,,,,,
nexus-btg-pactual-2026-07-12-2,Nexus/BTG Pactual,2026-07-10,2026-07-12,2003,2,https://www.gazetadopovo.com.br/eleicoes/2026/pesquisa-eleitoral-2026/nexus-btg-pactual-presidente-julho-2026/,Agosto,40,34,5,4,4,,2,,,,,,0,,,,,2,,,,,,,1,,,,,,,,,,,,,,,,,,,
nexus-btg-pactual-2026-07-12-3,Nexus/BTG Pactual,2026-07-10,2026-07-12,2003,2,https://www.gazetadopovo.com.br/eleicoes/2026/pesquisa-eleitoral-2026/nexus-btg-pactual-presidente-julho-2026/,Julho,40,34,5,4,4,,2,,,,,,0,,,,,2,,,,,,,1,,,,,,,,,,,,,,,,,,,
nexus-btg-pactual-2026-07-12-4,Nexus/BTG Pactual,2026-07-10,2026-07-12,2003,2,https://www.gazetadopovo.com.br/eleicoes/2026/pesquisa-eleitoral-2026/nexus-btg-pactual-presidente-julho-2026/,Junho,40,34,5,4,4,,2,,,,,,0,,,,,2,,,,,,,1,,,,,,,,,,,,,,,,,,,
nexus-btg-pactual-2026-07-12-5,Nexus/BTG Pactual,2026-07-10,2026-07-12,2003,2,https://www.gazetadopovo.com.br/eleicoes/2026/pesquisa-eleitoral-2026/nexus-btg-pactual-presidente-julho-2026/,Maio,40,34,5,4,4,,2,,,,,,0,,,,,2,,,,,,,1,,,,,,,,,,,,,,,,,,,
nexus-btg-pactual-2026-07-12-6,Nexus/BTG Pactual,2026-07-10,2026-07-12,2003,2,https://www.gazetadopovo.com.br/eleicoes/2026/pesquisa-eleitoral-2026/nexus-btg-pactual-presidente-julho-2026/,Abril,47,44,,,,,,,,,,,,,,,,,,,,,,,,,,,,,,,,,,,,,,,,,,
nexus-btg-pactual-2026-07-12-7,Nexus/BTG Pactual,2026-07-10,2026-07-12,2003,2,https://www.gazetadopovo.com.br/eleicoes/2026/pesquisa-eleitoral-2026/nexus-btg-pactual-presidente-julho-2026/,Abril,47,,,,40,,,,,,,,,,,,,,,,,,,,,,,,,,,,,,,,,,,,,,,
nexus-btg-pactual-2026-07-12-8,Nexus/BTG Pactual,2026-07-10,2026-07-12,2003,2,https://www.gazetadopovo.com.br/eleicoes/2026/pesquisa-eleitoral-2026/nexus-btg-pactual-presidente-julho-2026/,Abril,47,,38,,,,,,,,,,,,,,,,,,,,,,,,,,,,,,,,,,,,,,,,,
nexus-btg-pactual-2026-07-12-9,Nexus/BTG Pactual,2026-07-10,2026-07-12,2003,2,https://www.gazetadopovo.com.br/eleicoes/2026/pesquisa-eleitoral-2026/nexus-btg-pactual-presidente-julho-2026/,Abril,49,,,35,,,,,,,,,,,,,,,,,,,,,,,,,,,,,,,,,,,,,,,,
nexus-btg-pactual-2026-07-12-10,Nexus/BTG Pactual,2026-07-10,2026-07-12,2003,2,https://www.gazetadopovo.com.br/eleicoes/2026/pesquisa-eleitoral-2026/nexus-btg-pactual-presidente-julho-2026/,Março,47,44,,,,,,,,,,,,,,,,,,,,,,,,,,,,,,,,,,,,,,,,,,
nexus-btg-pactual-2026-07-12-11,Nexus/BTG Pactual,2026-07-10,2026-07-12,2003,2,https://www.gazetadopovo.com.br/eleicoes/2026/pesquisa-eleitoral-2026/nexus-btg-pactual-presidente-julho-2026/,Janeiro - Fevereiro,47,44,,,,,,,,,,,,,,,,,,,,,,,,,,,,,,,,,,,,,,,,,,
genial-quaest-2026-07-13,Genial/Quaest,2026-07-10,2026-07-13,2004,2,https://www.poder360.com.br/poder-eleicoes/lula-tem-45-contra-37-de-flavio-no-2o-turno-diz-quaest/,Setembro,40,28,4,3,2,,1,,,,,1,1,,,0,0,1,,,,,,,,,,,,,,,,,,,,,,,,,,
genial-quaest-2026-07-13-2,Genial/Quaest,2026-07-10,2026-07-13,2004,2,https://www.poder360.com.br/poder-eleicoes/lula-tem-45-contra-37-de-flavio-no-2o-turno-diz-quaest/,Agosto,40,28,4,3,2,,1,,,,,1,1,,,0,0,1,,,,,,,,,,,,,,,,,,,,,,,,,,
genial-quaest-2026-07-13-3,Genial/Quaest,2026-07-10,2026-07-13,2004,2,https://www.poder360.com.br/poder-eleicoes/lula-tem-45-contra-37-de-flavio-no-2o-turno-diz-quaest/,Julho,40,28,4,3,2,,1,,,,,1,1,,,0,0,1,,,,,,,,,,,,,,,,,,,,,,,,,,
genial-quaest-2026-07-13-4,Genial/Quaest,2026-07-10,2026-07-13,2004,2,https://www.poder360.com.br/poder-eleicoes/lula-tem-45-contra-37-de-flavio-no-2o-turno-diz-quaest/,Junho,40,28,4,3,2,,1,,,,,1,1,,,0,0,1,,,,,,,,,,,,,,,,,,,,,,,,,,
genial-quaest-2026-07-13-5,Genial/Quaest,2026-07-10,2026-07-13,2004,2,https://www.poder360.com.br/poder-eleicoes/lula-tem-45-contra-37-de-flavio-no-2o-turno-diz-quaest/,Maio,40,28,4,3,2,,1,,,,,1,1,,,0,0,1,,,,,,,,,,,,,,,,,,,,,,,,,,
genial-quaest-2026-07-13-6,Genial/Quaest,2026-07-10,2026-07-13,2004,2,https://www.poder360.com.br/poder-eleicoes/lula-tem-45-contra-37-de-flavio-no-2o-turno-diz-quaest/,Abril,45,37,,,,,,,,,,,,,,,,,,,,,,,,,,,,,,,,,,,,,,,,,,
genial-quaest-2026-07-13-7,Genial/Quaest,2026-07-10,2026-07-13,2004,2,https://www.poder360.com.br/poder-eleicoes/lula-tem-45-contra-37-de-flavio-no-2o-turno-diz-quaest/,Abril,45,,,,35,,,,,,,,,,,,,,,,,,,,,,,,,,,,,,,,,,,,,,,
genial-quaest-2026-07-13-8,Genial/Quaest,2026-07-10,2026-07-13,2004,2,https://www.poder360.com.br/poder-eleicoes/lula-tem-45-contra-37-de-flavio-no-2o-turno-diz-quaest/,Abril,45,,36,,,,,,,,,,,,,,,,,,,,,,,,,,,,,,,,,,,,,,,,,
genial-quaest-2026-07-13-9,Genial/Quaest,2026-07-10,2026-07-13,2004,2,https://www.poder360.com.br/poder-eleicoes/lula-tem-45-contra-37-de-flavio-no-2o-turno-diz-quaest/,Abril,45,,,33,,,,,,,,,,,,,,,,,,,,,,,,,,,,,,,,,,,,,,,,
genial-quaest-2026-07-13-10,Genial/Quaest,2026-07-10,2026-07-13,2004,2,https://www.poder360.com.br/poder-eleicoes/lula-tem-45-contra-37-de-flavio-no-2o-turno-diz-quaest/,Março,45,37,,,,,,,,,,,,,,,,,,,,,,,,,,,,,,,,,,,,,,,,,,
genial-quaest-2026-07-13-11,Genial/Quaest,2026-07-10,2026-07-13,2004,2,https://www.poder360.com.br/poder-eleicoes/lula-tem-45-contra-37-de-flavio-no-2o-turno-diz-quaest/,Janeiro - Fevereiro,45,37,,,,,,,,,,,,,,,,,,,,,,,,,,,,,,,,,,,,,,,,,,
genial-quaest-2026-07-14,Genial/Quaest,2026-07-10,2026-07-14,2004,2,https://g1.globo.com/politica/noticia/2025/07/17/quaest-eleicao-2026.ghtml?,Setembro,31,,5,,5,,,7,11,,,,,,,,,,,,,15,,,,,,,,,,,,,,,,,,,,,,
genial-quaest-2026-07-14-2,Genial/Quaest,2026-07-10,2026-07-14,2004,2,https://g1.globo.com/politica/noticia/2025/07/17/quaest-eleicao-2026.ghtml?,Agosto,31,,5,,5,,,7,11,,,,,,,,,,,,,15,,,,,,,,,,,,,,,,,,,,,,
genial-quaest-2026-07-14-3,Genial/Quaest,2026-07-10,2026-07-14,2004,2,https://g1.globo.com/politica/noticia/2025/07/17/quaest-eleicao-2026.ghtml?,Julho,31,,5,,5,,,7,11,,,,,,,,,,,,,15,,,,,,,,,,,,,,,,,,,,,,
genial-quaest-2026-07-14-4,Genial/Quaest,2026-07-10,2026-07-14,2004,2,https://g1.globo.com/politica/noticia/2025/07/17/quaest-eleicao-2026.ghtml?,Junho,31,,5,,5,,,7,11,,,,,,,,,,,,,15,,,,,,,,,,,,,,,,,,,,,,
genial-quaest-2026-07-14-5,Genial/Quaest,2026-07-10,2026-07-14,2004,2,https://g1.globo.com/politica/noticia/2025/07/17/quaest-eleicao-2026.ghtml?,Maio,31,,5,,5,,,7,11,,,,,,,,,,,,,15,,,,,,,,,,,,,,,,,,,,,,
genial-quaest-2026-07-14-6,Genial/Quaest,2026-07-10,2026-07-14,2004,2,https://g1.globo.com/politica/noticia/2025/07/17/quaest-eleicao-2026.ghtml?,Abril,42,,,,33,,,,,,,,,,,,,,,,,,,,,,,,,,,,,,,,,,,,,,,
genial-quaest-2026-07-14-7,Genial/Quaest,2026-07-10,2026-07-14,2004,2,https://g1.globo.com/politica/noticia/2025/07/17/quaest-eleicao-2026.ghtml?,Abril,42,,33,,,,,,,,,,,,,,,,,,,,,,,,,,,,,,,,,,,,,,,,,
genial-quaest-2026-07-14-8,Genial/Quaest,2026-07-10,2026-07-14,2004,2,https://g1.globo.com/politica/noticia/2025/07/17/quaest-eleicao-2026.ghtml?,Abril,43,,,,,,,,,,,,,,37,,,,,,,,,,,,,,,,,,,,,,,,,,,,,
genial-quaest-2026-07-14-9,Genial/Quaest,2026-07-10,2026-07-14,2004,2,https://g1.globo.com/politica/noticia/2025/07/17/quaest-eleicao-2026.ghtml?,Abril,43,,,,,,,,,,,,,,,,,,,36,,,,,,,,,,,,,,,,,,,,,,,,
genial-quaest-2026-07-14-10,Genial/Quaest,2026-07-10,2026-07-14,2004,2,https://g1.globo.com/politica/noticia/2025/07/17/quaest-eleicao-2026.ghtml?,Abril,41,,,,,,,,,,37,,,,,,,,,,,,,,,,,,,,,,,,,,,,,,,,,
genial-quaest-2026-07-14-11,Genial/Quaest,2026-07-10,2026-07-14,2004,2,https://g1.globo.com/politica/noticia/2025/07/17/quaest-eleicao-2026.ghtml?,Abril,43,,,,,,,,,,,,,,,,,,,,,33,,,,,,,,,,,,,,,,,,,,,,
genial-quaest-2026-07-14-12,Genial/Quaest,2026-07-10,2026-07-14,2004,2,https://g1.globo.com/politica/noticia/2025/07/17/quaest-eleicao-2026.ghtml?,Abril,41,,,,,,,36,,,,,,,,,,,,,,,,,,,,,,,,,,,,,,,,,,,,
genial-quaest-2026-07-14-13,Genial/Quaest,2026-07-10,2026-07-14,2004,2,https://g1.globo.com/politica/noticia/2025/07/17/quaest-eleicao-2026.ghtml?,Abril,41,,,,,,,,,,,,,,,,,,36,,,,,,,,,,,,,,,,,,,,,,,,,
poderdata-2026-07-15,PoderData,2026-07-12,2026-07-15,2400,2,https://jovempan.com.br/politica/poderdata-aya-lula-marca-40-e-flavio-34-no-1o-turno-2o-tem-empate-tecnico/,Setembro,40,34,4,6,4,,3,,,,,,,,,,,,,,,,,,,,,,,,,,,,,,,,,,,,,
poderdata-2026-07-15-2,PoderData,2026-07-12,2026-07-15,2400,2,https://jovempan.com.br/politica/poderdata-aya-lula-marca-40-e-flavio-34-no-1o-turno-2o-tem-empate-tecnico/,Agosto,40,34,4,6,4,,3,,,,,,,,,,,,,,,,,,,,,,,,,,,,,,,,,,,,,
poderdata-2026-07-15-3,PoderData,2026-07-12,2026-07-15,2400,2,https://jovempan.com.br/politica/poderdata-aya-lula-marca-40-e-flavio-34-no-1o-turno-2o-tem-empate-tecnico/,Julho,40,34,4,6,4,,3,,,,,,,,,,,,,,,,,,,,,,,,,,,,,,,,,,,,,
poderdata-2026-07-15-4,PoderData,2026-07-12,2026-07-15,2400,2,https://jovempan.com.br/politica/poderdata-aya-lula-marca-40-e-flavio-34-no-1o-turno-2o-tem-empate-tecnico/,Junho,40,34,4,6,4,,3,,,,,,,,,,,,,,,,,,,,,,,,,,,,,,,,,,,,,
poderdata-2026-07-15-5,PoderData,2026-07-12,2026-07-15,2400,2,https://jovempan.com.br/politica/poderdata-aya-lula-marca-40-e-flavio-34-no-1o-turno-2o-tem-empate-tecnico/,Maio,40,34,4,6,4,,3,,,,,,,,,,,,,,,,,,,,,,,,,,,,,,,,,,,,,
poderdata-2026-07-15-6,PoderData,2026-07-12,2026-07-15,2400,2,https://jovempan.com.br/politica/poderdata-aya-lula-marca-40-e-flavio-34-no-1o-turno-2o-tem-empate-tecnico/,Abril,45,43,,,,,,,,,,,,,,,,,,,,,,,,,,,,,,,,,,,,,,,,,,
poderdata-2026-07-15-7,PoderData,2026-07-12,2026-07-15,2400,2,https://jovempan.com.br/politica/poderdata-aya-lula-marca-40-e-flavio-34-no-1o-turno-2o-tem-empate-tecnico/,Março,45,43,,,,,,,,,,,,,,,,,,,,,,,,,,,,,,,,,,,,,,,,,,
poderdata-2026-07-15-8,PoderData,2026-07-12,2026-07-15,2400,2,https://jovempan.com.br/politica/poderdata-aya-lula-marca-40-e-flavio-34-no-1o-turno-2o-tem-empate-tecnico/,Janeiro - Fevereiro,45,43,,,,,,,,,,,,,,,,,,,,,,,,,,,,,,,,,,,,,,,,,,
gerp-2026-07-17,Gerp,2026-07-15,2026-07-17,2000,2.19,https://www.poder360.com.br/poder-eleicoes-2026/flavio-e-lula-tem-empate-tecnico-no-2o-turno-diz-pesquisa/,Setembro,38,38,3,3,3,,1,,,,,1,1,0,,,,1,,,,,,,,,,,,,,,,,,,,,,,,,,
gerp-2026-07-17-2,Gerp,2026-07-15,2026-07-17,2000,2.19,https://www.poder360.com.br/poder-eleicoes-2026/flavio-e-lula-tem-empate-tecnico-no-2o-turno-diz-pesquisa/,Agosto,38,38,3,3,3,,1,,,,,1,1,0,,,,1,,,,,,,,,,,,,,,,,,,,,,,,,,
gerp-2026-07-17-3,Gerp,2026-07-15,2026-07-17,2000,2.19,https://www.poder360.com.br/poder-eleicoes-2026/flavio-e-lula-tem-empate-tecnico-no-2o-turno-diz-pesquisa/,Julho,38,38,3,3,3,,1,,,,,1,1,0,,,,1,,,,,,,,,,,,,,,,,,,,,,,,,,
gerp-2026-07-17-4,Gerp,2026-07-15,2026-07-17,2000,2.19,https://www.poder360.com.br/poder-eleicoes-2026/flavio-e-lula-tem-empate-tecnico-no-2o-turno-diz-pesquisa/,Junho,38,38,3,3,3,,1,,,,,1,1,0,,,,1,,,,,,,,,,,,,,,,,,,,,,,,,,
gerp-2026-07-17-5,Gerp,2026-07-15,2026-07-17,2000,2.19,https://www.poder360.com.br/poder-eleicoes-2026/flavio-e-lula-tem-empate-tecnico-no-2o-turno-diz-pesquisa/,Maio,38,38,3,3,3,,1,,,,,1,1,0,,,,1,,,,,,,,,,,,,,,,,,,,,,,,,,
gerp-2026-07-17-6,Gerp,2026-07-15,2026-07-17,2000,2.19,https://www.poder360.com.br/poder-eleicoes-2026/flavio-e-lula-tem-empate-tecnico-no-2o-turno-diz-pesquisa/,Abril,45,46,,,,,,,,,,,,,,,,,,,,,,,,,,,,,,,,,,,,,,,,,,
gerp-2026-07-17-7,Gerp,2026-07-15,2026-07-17,2000,2.19,https://www.poder360.com.br/poder-eleicoes-2026/flavio-e-lula-tem-empate-tecnico-no-2o-turno-diz-pesquisa/,Abril,44,,,,38,,,,,,,,,,,,,,,,,,,,,,,,,,,,,,,,,,,,,,,
gerp-2026-07-17-8,Gerp,2026-07-15,2026-07-17,2000,2.19,https://www.poder360.com.br/poder-eleicoes-2026/flavio-e-lula-tem-empate-tecnico-no-2o-turno-diz-pesquisa/,Abril,44,,41,,,,,,,,,,,,,,,,,,,,,,,,,,,,,,,,,,,,,,,,,
gerp-2026-07-17-9,Gerp,2026-07-15,2026-07-17,2000,2.19,https://www.poder360.com.br/poder-eleicoes-2026/flavio-e-lula-tem-empate-tecnico-no-2o-turno-diz-pesquisa/,Abril,45,,,35,,,,,,,,,,,,,,,,,,,,,,,,,,,,,,,,,,,,,,,,
gerp-2026-07-17-10,Gerp,2026-07-15,2026-07-17,2000,2.19,https://www.poder360.com.br/poder-eleicoes-2026/flavio-e-lula-tem-empate-tecnico-no-2o-turno-diz-pesquisa/,Março,45,46,,,,,,,,,,,,,,,,,,,,,,,,,,,,,,,,,,,,,,,,,,
gerp-2026-07-17-11,Gerp,2026-07-15,2026-07-17,2000,2.19,https://www.poder360.com.br/poder-eleicoes-2026/flavio-e-lula-tem-empate-tecnico-no-2o-turno-diz-pesquisa/,Janeiro - Fevereiro,45,46,,,,,,,,,,,,,,,,,,,,,,,,,,,,,,,,,,,,,,,,,,
modalmais-futura-2026-07-17,Modalmais/Futura,2026-07-14,2026-07-17,1000,3.1,https://veja.abril.com.br/coluna/maquiavel/pesquisa-como-seria-lula-contra-tarcisio-zema-ou-bolsonaro-em-2026,Abril,60.4,,,,39.6,,,,,,,,,,,,,,,,,,,,,,,,,,,,,,,,,,,,,,,
modalmais-futura-2026-07-17-2,Modalmais/Futura,2026-07-14,2026-07-17,1000,3.1,https://veja.abril.com.br/coluna/maquiavel/pesquisa-como-seria-lula-contra-tarcisio-zema-ou-bolsonaro-em-2026,Abril,56.3,,,,,,,,,,,,,,43.7,,,,,,,,,,,,,,,,,,,,,,,,,,,,,
modalmais-futura-2026-07-17-3,Modalmais/Futura,2026-07-14,2026-07-17,1000,3.1,https://veja.abril.com.br/coluna/maquiavel/pesquisa-como-seria-lula-contra-tarcisio-zema-ou-bolsonaro-em-2026,Abril,57.2,,,,,,,,,,42.8,,,,,,,,,,,,,,,,,,,,,,,,,,,,,,,,,
indexa-2026-07-19,Indexa,2026-07-16,2026-07-19,2000,2.2,https://www.gazetadopovo.com.br/eleicoes/2026/pesquisa-eleitoral-2026/indexa-pesquisas-presidente-julho-2026/,Setembro,41,30,6,3,3,,1,,,,,0,0,,,0,,1,,,,,,,,,,,,,,,,,,,,,,,,,,
indexa-2026-07-19-2,Indexa,2026-07-16,2026-07-19,2000,2.2,https://www.gazetadopovo.com.br/eleicoes/2026/pesquisa-eleitoral-2026/indexa-pesquisas-presidente-julho-2026/,Agosto,41,30,6,3,3,,1,,,,,0,0,,,0,,1,,,,,,,,,,,,,,,,,,,,,,,,,,
indexa-2026-07-19-3,Indexa,2026-07-16,2026-07-19,2000,2.2,https://www.gazetadopovo.com.br/eleicoes/2026/pesquisa-eleitoral-2026/indexa-pesquisas-presidente-julho-2026/,Julho,41,30,6,3,3,,1,,,,,0,0,,,0,,1,,,,,,,,,,,,,,,,,,,,,,,,,,
indexa-2026-07-19-4,Indexa,2026-07-16,2026-07-19,2000,2.2,https://www.gazetadopovo.com.br/eleicoes/2026/pesquisa-eleitoral-2026/indexa-pesquisas-presidente-julho-2026/,Junho,41,30,6,3,3,,1,,,,,0,0,,,0,,1,,,,,,,,,,,,,,,,,,,,,,,,,,
indexa-2026-07-19-5,Indexa,2026-07-16,2026-07-19,2000,2.2,https://www.gazetadopovo.com.br/eleicoes/2026/pesquisa-eleitoral-2026/indexa-pesquisas-presidente-julho-2026/,Maio,41,30,6,3,3,,1,,,,,0,0,,,0,,1,,,,,,,,,,,,,,,,,,,,,,,,,,
indexa-2026-07-19-6,Indexa,2026-07-16,2026-07-19,2000,2.2,https://www.gazetadopovo.com.br/eleicoes/2026/pesquisa-eleitoral-2026/indexa-pesquisas-presidente-julho-2026/,Abril,46,39,,,,,,,,,,,,,,,,,,,,,,,,,,,,,,,,,,,,,,,,,,
indexa-2026-07-19-7,Indexa,2026-07-16,2026-07-19,2000,2.2,https://www.gazetadopovo.com.br/eleicoes/2026/pesquisa-eleitoral-2026/indexa-pesquisas-presidente-julho-2026/,Abril,46,,,,32,,,,,,,,,,,,,,,,,,,,,,,,,,,,,,,,,,,,,,,
indexa-2026-07-19-8,Indexa,2026-07-16,2026-07-19,2000,2.2,https://www.gazetadopovo.com.br/eleicoes/2026/pesquisa-eleitoral-2026/indexa-pesquisas-presidente-julho-2026/,Abril,45,,37,,,,,,,,,,,,,,,,,,,,,,,,,,,,,,,,,,,,,,,,,
indexa-2026-07-19-9,Indexa,2026-07-16,2026-07-19,2000,2.2,https://www.gazetadopovo.com.br/eleicoes/2026/pesquisa-eleitoral-2026/indexa-pesquisas-presidente-julho-2026/,Abril,47,,,27,,,,,,,,,,,,,,,,,,,,,,,,,,,,,,,,,,,,,,,,
indexa-2026-07-19-10,Indexa,2026-07-16,2026-07-19,2000,2.2,https://www.gazetadopovo.com.br/eleicoes/2026/pesquisa-eleitoral-2026/indexa-pesquisas-presidente-julho-2026/,Março,46,39,,,,,,,,,,,,,,,,,,,,,,,,,,,,,,,,,,,,,,,,,,
indexa-2026-07-19-11,Indexa,2026-07-16,2026-07-19,2000,2.2,https://www.gazetadopovo.com.br/eleicoes/2026/pesquisa-eleitoral-2026/indexa-pesquisas-presidente-julho-2026/,Janeiro - Fevereiro,46,39,,,,,,,,,,,,,,,,,,,,,,,,,,,,,,,,,,,,,,,,,,
real-time-big-data-2026-07-20,Real Time Big Data,2026-07-18,2026-07-20,2000,2,https://admin.cnnbrasil.com.br/wp-content/uploads/sites/12/2026/07/Real-Time-arquivo-comprimido.pdf,Setembro,40,33,7,9,2,,1,,,,,,,,,,,1,,,,,,,,,,,,,,,,,,,,,,,,,,
real-time-big-data-2026-07-20-2,Real Time Big Data,2026-07-18,2026-07-20,2000,2,https://admin.cnnbrasil.com.br/wp-content/uploads/sites/12/2026/07/Real-Time-arquivo-comprimido.pdf,Agosto,40,33,7,9,2,,1,,,,,,,,,,,1,,,,,,,,,,,,,,,,,,,,,,,,,,
real-time-big-data-2026-07-20-3,Real Time Big Data,2026-07-18,2026-07-20,2000,2,https://admin.cnnbrasil.com.br/wp-content/uploads/sites/12/2026/07/Real-Time-arquivo-comprimido.pdf,Julho,40,33,7,9,2,,1,,,,,,,,,,,1,,,,,,,,,,,,,,,,,,,,,,,,,,
real-time-big-data-2026-07-20-4,Real Time Big Data,2026-07-18,2026-07-20,2000,2,https://admin.cnnbrasil.com.br/wp-content/uploads/sites/12/2026/07/Real-Time-arquivo-comprimido.pdf,Junho,40,33,7,9,2,,1,,,,,,,,,,,1,,,,,,,,,,,,,,,,,,,,,,,,,,
real-time-big-data-2026-07-20-5,Real Time Big Data,2026-07-18,2026-07-20,2000,2,https://admin.cnnbrasil.com.br/wp-content/uploads/sites/12/2026/07/Real-Time-arquivo-comprimido.pdf,Maio,40,33,7,9,2,,1,,,,,,,,,,,1,,,,,,,,,,,,,,,,,,,,,,,,,,
real-time-big-data-2026-07-20-6,Real Time Big Data,2026-07-18,2026-07-20,2000,2,https://admin.cnnbrasil.com.br/wp-content/uploads/sites/12/2026/07/Real-Time-arquivo-comprimido.pdf,Abril,45,42,,,,,,,,,,,,,,,,,,,,,,,,,,,,,,,,,,,,,,,,,,
real-time-big-data-2026-07-20-7,Real Time Big Data,2026-07-18,2026-07-20,2000,2,https://admin.cnnbrasil.com.br/wp-content/uploads/sites/12/2026/07/Real-Time-arquivo-comprimido.pdf,Abril,44,,,,38,,,,,,,,,,,,,,,,,,,,,,,,,,,,,,,,,,,,,,,
real-time-big-data-2026-07-20-8,Real Time Big Data,2026-07-18,2026-07-20,2000,2,https://admin.cnnbrasil.com.br/wp-content/uploads/sites/12/2026/07/Real-Time-arquivo-comprimido.pdf,Abril,43,,44,,,,,,,,,,,,,,,,,,,,,,,,,,,,,,,,,,,,,,,,,
real-time-big-data-2026-07-20-9,Real Time Big Data,2026-07-18,2026-07-20,2000,2,https://admin.cnnbrasil.com.br/wp-content/uploads/sites/12/2026/07/Real-Time-arquivo-comprimido.pdf,Abril,44,,,35,,,,,,,,,,,,,,,,,,,,,,,,,,,,,,,,,,,,,,,,
real-time-big-data-2026-07-20-10,Real Time Big Data,2026-07-18,2026-07-20,2000,2,https://admin.cnnbrasil.com.br/wp-content/uploads/sites/12/2026/07/Real-Time-arquivo-comprimido.pdf,Março,45,42,,,,,,,,,,,,,,,,,,,,,,,,,,,,,,,,,,,,,,,,,,
real-time-big-data-2026-07-20-11,Real Time Big Data,2026-07-18,2026-07-20,2000,2,https://admin.cnnbrasil.com.br/wp-content/uploads/sites/12/2026/07/Real-Time-arquivo-comprimido.pdf,Janeiro - Fevereiro,45,42,,,,,,,,,,,,,,,,,,,,,,,,,,,,,,,,,,,,,,,,,,
parana-pesquisas-2026-07-22,Paraná Pesquisas,2026-07-18,2026-07-22,2020,2.2,,Setembro,38.3,,3,,,,,,7.9,,,,,,36.9,,,,1.9,,,,,,,,,0.5,,,,,,,,,,,,,,,,
parana-pesquisas-2026-07-22-2,Paraná Pesquisas,2026-07-18,2026-07-22,2020,2.2,,Agosto,38.3,,3,,,,,,7.9,,,,,,36.9,,,,1.9,,,,,,,,,0.5,,,,,,,,,,,,,,,,
parana-pesquisas-2026-07-22-3,Paraná Pesquisas,2026-07-18,2026-07-22,2020,2.2,,Julho,38.3,,3,,,,,,7.9,,,,,,36.9,,,,1.9,,,,,,,,,0.5,,,,,,,,,,,,,,,,
parana-pesquisas-2026-07-22-4,Paraná Pesquisas,2026-07-18,2026-07-22,2020,2.2,,Junho,38.3,,3,,,,,,7.9,,,,,,36.9,,,,1.9,,,,,,,,,0.5,,,,,,,,,,,,,,,,
parana-pesquisas-2026-07-22-5,Paraná Pesquisas,2026-07-18,2026-07-22,2020,2.2,,Maio,38.3,,3,,,,,,7.9,,,,,,36.9,,,,1.9,,,,,,,,,0.5,,,,,,,,,,,,,,,,
parana-pesquisas-2026-07-22-6,Paraná Pesquisas,2026-07-18,2026-07-22,2020,2.2,,Abril,44.1,,,,,,,,,,,,,,41.9,,,,,,,,,,,,,,,,,,,,,,,,,,,,,
parana-pesquisas-2026-07-22-7,Paraná Pesquisas,2026-07-18,2026-07-22,2020,2.2,,Abril,43.8,,,,,,,,,,,,,,,,,,,40.3,,,,,,,,,,,,,,,,,,,,,,,,
parana-pesquisas-2026-07-22-8,Paraná Pesquisas,2026-07-18,2026-07-22,2020,2.2,,Abril,44.2,,,,,,,,,,38.5,,,,,,,,,,,,,,,,,,,,,,,,,,,,,,,,,
datafolha-2026-07-24,Datafolha,2026-07-22,2026-07-24,2004,2,https://g1.globo.com/politica/eleicoes/2026/pesquisa-eleitoral/noticia/2026/07/24/datafolha-2o-turno-lula-tem-48percent-e-flavio-bolsonaro-43percent.ghtml,Setembro,40,32,4,3,3,,2,,,,,1,1,1,,0,0,,,,,,,,,,,,,,,,,,,,,,,,,,,
datafolha-2026-07-24-2,Datafolha,2026-07-22,2026-07-24,2004,2,https://g1.globo.com/politica/eleicoes/2026/pesquisa-eleitoral/noticia/2026/07/24/datafolha-2o-turno-lula-tem-48percent-e-flavio-bolsonaro-43percent.ghtml,Agosto,40,32,4,3,3,,2,,,,,1,1,1,,0,0,,,,,,,,,,,,,,,,,,,,,,,,,,,
datafolha-2026-07-24-3,Datafolha,2026-07-22,2026-07-24,2004,2,https://g1.globo.com/politica/eleicoes/2026/pesquisa-eleitoral/noticia/2026/07/24/datafolha-2o-turno-lula-tem-48percent-e-flavio-bolsonaro-43percent.ghtml,Julho,40,32,4,3,3,,2,,,,,1,1,1,,0,0,,,,,,,,,,,,,,,,,,,,,,,,,,,
datafolha-2026-07-24-4,Datafolha,2026-07-22,2026-07-24,2004,2,https://g1.globo.com/politica/eleicoes/2026/pesquisa-eleitoral/noticia/2026/07/24/datafolha-2o-turno-lula-tem-48percent-e-flavio-bolsonaro-43percent.ghtml,Junho,40,32,4,3,3,,2,,,,,1,1,1,,0,0,,,,,,,,,,,,,,,,,,,,,,,,,,,
datafolha-2026-07-24-5,Datafolha,2026-07-22,2026-07-24,2004,2,https://g1.globo.com/politica/eleicoes/2026/pesquisa-eleitoral/noticia/2026/07/24/datafolha-2o-turno-lula-tem-48percent-e-flavio-bolsonaro-43percent.ghtml,Maio,40,32,4,3,3,,2,,,,,1,1,1,,0,0,,,,,,,,,,,,,,,,,,,,,,,,,,,
datafolha-2026-07-24-6,Datafolha,2026-07-22,2026-07-24,2004,2,https://g1.globo.com/politica/eleicoes/2026/pesquisa-eleitoral/noticia/2026/07/24/datafolha-2o-turno-lula-tem-48percent-e-flavio-bolsonaro-43percent.ghtml,Abril,48,43,,,,,,,,,,,,,,,,,,,,,,,,,,,,,,,,,,,,,,,,,,
datafolha-2026-07-24-7,Datafolha,2026-07-22,2026-07-24,2004,2,https://g1.globo.com/politica/eleicoes/2026/pesquisa-eleitoral/noticia/2026/07/24/datafolha-2o-turno-lula-tem-48percent-e-flavio-bolsonaro-43percent.ghtml,Abril,48,,,,40,,,,,,,,,,,,,,,,,,,,,,,,,,,,,,,,,,,,,,,
datafolha-2026-07-24-8,Datafolha,2026-07-22,2026-07-24,2004,2,https://g1.globo.com/politica/eleicoes/2026/pesquisa-eleitoral/noticia/2026/07/24/datafolha-2o-turno-lula-tem-48percent-e-flavio-bolsonaro-43percent.ghtml,Abril,47,,40,,,,,,,,,,,,,,,,,,,,,,,,,,,,,,,,,,,,,,,,,
datafolha-2026-07-24-9,Datafolha,2026-07-22,2026-07-24,2004,2,https://g1.globo.com/politica/eleicoes/2026/pesquisa-eleitoral/noticia/2026/07/24/datafolha-2o-turno-lula-tem-48percent-e-flavio-bolsonaro-43percent.ghtml,Março,48,43,,,,,,,,,,,,,,,,,,,,,,,,,,,,,,,,,,,,,,,,,,
datafolha-2026-07-24-10,Datafolha,2026-07-22,2026-07-24,2004,2,https://g1.globo.com/politica/eleicoes/2026/pesquisa-eleitoral/noticia/2026/07/24/datafolha-2o-turno-lula-tem-48percent-e-flavio-bolsonaro-43percent.ghtml,Janeiro - Fevereiro,48,43,,,,,,,,,,,,,,,,,,,,,,,,,,,,,,,,,,,,,,,,,,
nexus-btg-pactual-2026-07-26,Nexus/BTG Pactual,2026-07-24,2026-07-26,2004,2,https://www.gazetadopovo.com.br/eleicoes/2026/pesquisa-eleitoral-2026/nexus-btg-pactual-presidente-julho-2026-2/,Setembro,42,33,6,5,3,,2,,,,,,1,,,,,,,,,,,,,,,,,,,,,,,,,,,,,,,
nexus-btg-pactual-2026-07-26-2,Nexus/BTG Pactual,2026-07-24,2026-07-26,2004,2,https://www.gazetadopovo.com.br/eleicoes/2026/pesquisa-eleitoral-2026/nexus-btg-pactual-presidente-julho-2026-2/,Agosto,42,33,6,5,3,,2,,,,,,1,,,,,,,,,,,,,,,,,,,,,,,,,,,,,,,
nexus-btg-pactual-2026-07-26-3,Nexus/BTG Pactual,2026-07-24,2026-07-26,2004,2,https://www.gazetadopovo.com.br/eleicoes/2026/pesquisa-eleitoral-2026/nexus-btg-pactual-presidente-julho-2026-2/,Julho,42,33,6,5,3,,2,,,,,,1,,,,,,,,,,,,,,,,,,,,,,,,,,,,,,,
nexus-btg-pactual-2026-07-26-4,Nexus/BTG Pactual,2026-07-24,2026-07-26,2004,2,https://www.gazetadopovo.com.br/eleicoes/2026/pesquisa-eleitoral-2026/nexus-btg-pactual-presidente-julho-2026-2/,Junho,42,33,6,5,3,,2,,,,,,1,,,,,,,,,,,,,,,,,,,,,,,,,,,,,,,
nexus-btg-pactual-2026-07-26-5,Nexus/BTG Pactual,2026-07-24,2026-07-26,2004,2,https://www.gazetadopovo.com.br/eleicoes/2026/pesquisa-eleitoral-2026/nexus-btg-pactual-presidente-julho-2026-2/,Maio,42,33,6,5,3,,2,,,,,,1,,,,,,,,,,,,,,,,,,,,,,,,,,,,,,,
nexus-btg-pactual-2026-07-26-6,Nexus/BTG Pactual,2026-07-24,2026-07-26,2004,2,https://www.gazetadopovo.com.br/eleicoes/2026/pesquisa-eleitoral-2026/nexus-btg-pactual-presidente-julho-2026-2/,Abril,47,43,,,,,,,,,,,,,,,,,,,,,,,,,,,,,,,,,,,,,,,,,,
nexus-btg-pactual-2026-07-26-7,Nexus/BTG Pactual,2026-07-24,2026-07-26,2004,2,https://www.gazetadopovo.com.br/eleicoes/2026/pesquisa-eleitoral-2026/nexus-btg-pactual-presidente-julho-2026-2/,Abril,46,,,,42,,,,,,,,,,,,,,,,,,,,,,,,,,,,,,,,,,,,,,,
nexus-btg-pactual-2026-07-26-8,Nexus/BTG Pactual,2026-07-24,2026-07-26,2004,2,https://www.gazetadopovo.com.br/eleicoes/2026/pesquisa-eleitoral-2026/nexus-btg-pactual-presidente-julho-2026-2/,Abril,45,,43,,,,,,,,,,,,,,,,,,,,,,,,,,,,,,,,,,,,,,,,,
nexus-btg-pactual-2026-07-26-9,Nexus/BTG Pactual,2026-07-24,2026-07-26,2004,2,https://www.gazetadopovo.com.br/eleicoes/2026/pesquisa-eleitoral-2026/nexus-btg-pactual-presidente-julho-2026-2/,Abril,47,,,39,,,,,,,,,,,,,,,,,,,,,,,,,,,,,,,,,,,,,,,,
nexus-btg-pactual-2026-07-26-10,Nexus/BTG Pactual,2026-07-24,2026-07-26,2004,2,https://www.gazetadopovo.com.br/eleicoes/2026/pesquisa-eleitoral-2026/nexus-btg-pactual-presidente-julho-2026-2/,Março,47,43,,,,,,,,,,,,,,,,,,,,,,,,,,,,,,,,,,,,,,,,,,
nexus-btg-pactual-2026-07-26-11,Nexus/BTG Pactual,2026-07-24,2026-07-26,2004,2,https://www.gazetadopovo.com.br/eleicoes/2026/pesquisa-eleitoral-2026/nexus-btg-pactual-presidente-julho-2026-2/,Janeiro - Fevereiro,47,43,,,,,,,,,,,,,,,,,,,,,,,,,,,,,,,,,,,,,,,,,,
atlasintel-2026-07-27,AtlasIntel,2026-07-22,2026-07-27,5021,1,https://www.gazetadopovo.com.br/eleicoes/2026/pesquisa-eleitoral-2026/atlasintel-presidente-julho-2026-2/,Setembro,44.9,35.8,3.1,7.8,2.8,,1.6,,,,,2.1,0.1,0,,0.1,0,,,,,,,,,,,,,,,,,,,,,,,,,,,
atlasintel-2026-07-27-2,AtlasIntel,2026-07-22,2026-07-27,5021,1,https://www.gazetadopovo.com.br/eleicoes/2026/pesquisa-eleitoral-2026/atlasintel-presidente-julho-2026-2/,Agosto,44.9,35.8,3.1,7.8,2.8,,1.6,,,,,2.1,0.1,0,,0.1,0,,,,,,,,,,,,,,,,,,,,,,,,,,,
atlasintel-2026-07-27-3,AtlasIntel,2026-07-22,2026-07-27,5021,1,https://www.gazetadopovo.com.br/eleicoes/2026/pesquisa-eleitoral-2026/atlasintel-presidente-julho-2026-2/,Julho,44.9,35.8,3.1,7.8,2.8,,1.6,,,,,2.1,0.1,0,,0.1,0,,,,,,,,,,,,,,,,,,,,,,,,,,,
atlasintel-2026-07-27-4,AtlasIntel,2026-07-22,2026-07-27,5021,1,https://www.gazetadopovo.com.br/eleicoes/2026/pesquisa-eleitoral-2026/atlasintel-presidente-julho-2026-2/,Junho,44.9,35.8,3.1,7.8,2.8,,1.6,,,,,2.1,0.1,0,,0.1,0,,,,,,,,,,,,,,,,,,,,,,,,,,,
atlasintel-2026-07-27-5,AtlasIntel,2026-07-22,2026-07-27,5021,1,https://www.gazetadopovo.com.br/eleicoes/2026/pesquisa-eleitoral-2026/atlasintel-presidente-julho-2026-2/,Maio,44.9,35.8,3.1,7.8,2.8,,1.6,,,,,2.1,0.1,0,,0.1,0,,,,,,,,,,,,,,,,,,,,,,,,,,,
atlasintel-2026-07-27-6,AtlasIntel,2026-07-22,2026-07-27,5021,1,https://www.gazetadopovo.com.br/eleicoes/2026/pesquisa-eleitoral-2026/atlasintel-presidente-julho-2026-2/,Abril,49.2,42.9,,,,,,,,,,,,,,,,,,,,,,,,,,,,,,,,,,,,,,,,,,
atlasintel-2026-07-27-7,AtlasIntel,2026-07-22,2026-07-27,5021,1,https://www.gazetadopovo.com.br/eleicoes/2026/pesquisa-eleitoral-2026/atlasintel-presidente-julho-2026-2/,Abril,48.6,,,,39.6,,,,,,,,,,,,,,,,,,,,,,,,,,,,,,,,,,,,,,,
atlasintel-2026-07-27-8,AtlasIntel,2026-07-22,2026-07-27,5021,1,https://www.gazetadopovo.com.br/eleicoes/2026/pesquisa-eleitoral-2026/atlasintel-presidente-julho-2026-2/,Abril,48.2,,38.9,,,,,,,,,,,,,,,,,,,,,,,,,,,,,,,,,,,,,,,,,
atlasintel-2026-07-27-9,AtlasIntel,2026-07-22,2026-07-27,5021,1,https://www.gazetadopovo.com.br/eleicoes/2026/pesquisa-eleitoral-2026/atlasintel-presidente-julho-2026-2/,Abril,47.6,,,30.2,,,,,,,,,,,,,,,,,,,,,,,,,,,,,,,,,,,,,,,,
atlasintel-2026-07-27-10,AtlasIntel,2026-07-22,2026-07-27,5021,1,https://www.gazetadopovo.com.br/eleicoes/2026/pesquisa-eleitoral-2026/atlasintel-presidente-julho-2026-2/,Abril,49.2,,,,,,,,,,,,,,43.9,,,,,,,,,,,,,,,,,,,,,,,,,,,,,
atlasintel-2026-07-27-11,AtlasIntel,2026-07-22,2026-07-27,5021,1,https://www.gazetadopovo.com.br/eleicoes/2026/pesquisa-eleitoral-2026/atlasintel-presidente-julho-2026-2/,Abril,48.8,,,,,,,,,,,,,,,,,,,42.5,,,,,,,,,,,,,,,,,,,,,,,,
atlasintel-2026-07-27-12,AtlasIntel,2026-07-22,2026-07-27,5021,1,https://www.gazetadopovo.com.br/eleicoes/2026/pesquisa-eleitoral-2026/atlasintel-presidente-julho-2026-2/,Abril,,42.7,,,,,,,,,,,,,,,,,,,,,,,,,,,,,,,45.8,,,,,,,,,,,
atlasintel-2026-07-27-13,AtlasIntel,2026-07-22,2026-07-27,5021,1,https://www.gazetadopovo.com.br/eleicoes/2026/pesquisa-eleitoral-2026/atlasintel-presidente-julho-2026-2/,Abril,,43.7,,,,,,,,,,,,,,,,,,,44.3,,,,,,,,,,,,,,,,,,,,,,,
atlasintel-2026-07-27-14,AtlasIntel,2026-07-22,2026-07-27,5021,1,https://www.gazetadopovo.com.br/eleicoes/2026/pesquisa-eleitoral-2026/atlasintel-presidente-julho-2026-2/,Março,49.2,42.9,,,,,,,,,,,,,,,,,,,,,,,,,,,,,,,,,,,,,,,,,,
atlasintel-2026-07-27-15,AtlasIntel,2026-07-22,2026-07-27,5021,1,https://www.gazetadopovo.com.br/eleicoes/2026/pesquisa-eleitoral-2026/atlasintel-presidente-julho-2026-2/,Janeiro - Fevereiro,49.2,42.9,,,,,,,,,,,,,,,,,,,,,,,,,,,,,,,,,,,,,,,,,,
alfa-2026-07-28,Alfa,2026-07-23,2026-07-28,2700,1.8,https://noticias.uol.com.br/ultimas-noticias/agencia-estado/2026/07/31/lula-lidera-no-1-e-no-2-turno-mostra-pesquisa-que-traz-disputa-mais-apertada-contra-caiado.htm,Setembro,43,29,7,3,6,,1,,,,,,,,,,,,,,,,,,,,,,,,,,,,,,,,,,,,,
alfa-2026-07-28-2,Alfa,2026-07-23,2026-07-28,2700,1.8,https://noticias.uol.com.br/ultimas-noticias/agencia-estado/2026/07/31/lula-lidera-no-1-e-no-2-turno-mostra-pesquisa-que-traz-disputa-mais-apertada-contra-caiado.htm,Agosto,43,29,7,3,6,,1,,,,,,,,,,,,,,,,,,,,,,,,,,,,,,,,,,,,,
alfa-2026-07-28-3,Alfa,2026-07-23,2026-07-28,2700,1.8,https://noticias.uol.com.br/ultimas-noticias/agencia-estado/2026/07/31/lula-lidera-no-1-e-no-2-turno-mostra-pesquisa-que-traz-disputa-mais-apertada-contra-caiado.htm,Julho,43,29,7,3,6,,1,,,,,,,,,,,,,,,,,,,,,,,,,,,,,,,,,,,,,
alfa-2026-07-28-4,Alfa,2026-07-23,2026-07-28,2700,1.8,https://noticias.uol.com.br/ultimas-noticias/agencia-estado/2026/07/31/lula-lidera-no-1-e-no-2-turno-mostra-pesquisa-que-traz-disputa-mais-apertada-contra-caiado.htm,Junho,43,29,7,3,6,,1,,,,,,,,,,,,,,,,,,,,,,,,,,,,,,,,,,,,,
alfa-2026-07-28-5,Alfa,2026-07-23,2026-07-28,2700,1.8,https://noticias.uol.com.br/ultimas-noticias/agencia-estado/2026/07/31/lula-lidera-no-1-e-no-2-turno-mostra-pesquisa-que-traz-disputa-mais-apertada-contra-caiado.htm,Maio,43,29,7,3,6,,1,,,,,,,,,,,,,,,,,,,,,,,,,,,,,,,,,,,,,
alfa-2026-07-28-6,Alfa,2026-07-23,2026-07-28,2700,1.8,https://noticias.uol.com.br/ultimas-noticias/agencia-estado/2026/07/31/lula-lidera-no-1-e-no-2-turno-mostra-pesquisa-que-traz-disputa-mais-apertada-contra-caiado.htm,Abril,48,41,,,,,,,,,,,,,,,,,,,,,,,,,,,,,,,,,,,,,,,,,,
alfa-2026-07-28-7,Alfa,2026-07-23,2026-07-28,2700,1.8,https://noticias.uol.com.br/ultimas-noticias/agencia-estado/2026/07/31/lula-lidera-no-1-e-no-2-turno-mostra-pesquisa-que-traz-disputa-mais-apertada-contra-caiado.htm,Abril,46,,,,37,,,,,,,,,,,,,,,,,,,,,,,,,,,,,,,,,,,,,,,
alfa-2026-07-28-8,Alfa,2026-07-23,2026-07-28,2700,1.8,https://noticias.uol.com.br/ultimas-noticias/agencia-estado/2026/07/31/lula-lidera-no-1-e-no-2-turno-mostra-pesquisa-que-traz-disputa-mais-apertada-contra-caiado.htm,Abril,45,,40,,,,,,,,,,,,,,,,,,,,,,,,,,,,,,,,,,,,,,,,,
alfa-2026-07-28-9,Alfa,2026-07-23,2026-07-28,2700,1.8,https://noticias.uol.com.br/ultimas-noticias/agencia-estado/2026/07/31/lula-lidera-no-1-e-no-2-turno-mostra-pesquisa-que-traz-disputa-mais-apertada-contra-caiado.htm,Abril,46,,,32,,,,,,,,,,,,,,,,,,,,,,,,,,,,,,,,,,,,,,,,
alfa-2026-07-28-10,Alfa,2026-07-23,2026-07-28,2700,1.8,https://noticias.uol.com.br/ultimas-noticias/agencia-estado/2026/07/31/lula-lidera-no-1-e-no-2-turno-mostra-pesquisa-que-traz-disputa-mais-apertada-contra-caiado.htm,Março,48,41,,,,,,,,,,,,,,,,,,,,,,,,,,,,,,,,,,,,,,,,,,
alfa-2026-07-28-11,Alfa,2026-07-23,2026-07-28,2700,1.8,https://noticias.uol.com.br/ultimas-noticias/agencia-estado/2026/07/31/lula-lidera-no-1-e-no-2-turno-mostra-pesquisa-que-traz-disputa-mais-apertada-contra-caiado.htm,Janeiro - Fevereiro,48,41,,,,,,,,,,,,,,,,,,,,,,,,,,,,,,,,,,,,,,,,,,
atlasintel-2026-07-28,AtlasIntel,2026-07-25,2026-07-28,7334,1,,Setembro,,,2.8,,4,,,2.9,8.5,,33.8,,,,,,,,,,34.2,,,,,,,,,,,,,,,,,,,,,,,
atlasintel-2026-07-28-2,AtlasIntel,2026-07-25,2026-07-28,7334,1,,Agosto,,,2.8,,4,,,2.9,8.5,,33.8,,,,,,,,,,34.2,,,,,,,,,,,,,,,,,,,,,,,
atlasintel-2026-07-28-3,AtlasIntel,2026-07-25,2026-07-28,7334,1,,Julho,,,2.8,,4,,,2.9,8.5,,33.8,,,,,,,,,,34.2,,,,,,,,,,,,,,,,,,,,,,,
atlasintel-2026-07-28-4,AtlasIntel,2026-07-25,2026-07-28,7334,1,,Junho,,,2.8,,4,,,2.9,8.5,,33.8,,,,,,,,,,34.2,,,,,,,,,,,,,,,,,,,,,,,
atlasintel-2026-07-28-5,AtlasIntel,2026-07-25,2026-07-28,7334,1,,Maio,,,2.8,,4,,,2.9,8.5,,33.8,,,,,,,,,,34.2,,,,,,,,,,,,,,,,,,,,,,,
atlasintel-2026-07-28-6,AtlasIntel,2026-07-25,2026-07-28,7334,1,,Abril,50.7,,,,40.6,,,,,,,,,,,,,,,,,,,,,,,,,,,,,,,,,,,,,,,
atlasintel-2026-07-28-7,AtlasIntel,2026-07-25,2026-07-28,7334,1,,Abril,50.3,,39.7,,,,,,,,,,,,,,,,,,,,,,,,,,,,,,,,,,,,,,,,,
atlasintel-2026-07-28-8,AtlasIntel,2026-07-25,2026-07-28,7334,1,,Abril,50.1,,,,,,,,,,,,,,46.3,,,,,,,,,,,,,,,,,,,,,,,,,,,,,
atlasintel-2026-07-28-9,AtlasIntel,2026-07-25,2026-07-28,7334,1,,Abril,50.6,,,,,,,,,,,,,,,,,,,45.9,,,,,,,,,,,,,,,,,,,,,,,,
atlasintel-2026-07-28-10,AtlasIntel,2026-07-25,2026-07-28,7334,1,,Abril,50.4,,,,,,,,,,46.6,,,,,,,,,,,,,,,,,,,,,,,,,,,,,,,,,
atlasintel-2026-07-28-11,AtlasIntel,2026-07-25,2026-07-28,7334,1,,Abril,50.5,,,,,,,39.7,,,,,,,,,,,,,,,,,,,,,,,,,,,,,,,,,,,,
atlasintel-2026-07-28-12,AtlasIntel,2026-07-25,2026-07-28,7334,1,,Abril,49.6,,,,,,,,,,,,,,,,,,25.7,,,,,,,,,,,,,,,,,,,,,,,,,
poderdata-2026-07-28,PoderData,2026-07-26,2026-07-28,2400,2,https://www.gazetadopovo.com.br/eleicoes/2026/pesquisa-eleitoral-2026/poderdata-presidente-pesquisa-julho-2026/,Setembro,41,35,5,4,3,,3,,,,,,,,,,,,,,,,,,,,,,,,,,,,,,,,,,,,,
poderdata-2026-07-28-2,PoderData,2026-07-26,2026-07-28,2400,2,https://www.gazetadopovo.com.br/eleicoes/2026/pesquisa-eleitoral-2026/poderdata-presidente-pesquisa-julho-2026/,Agosto,41,35,5,4,3,,3,,,,,,,,,,,,,,,,,,,,,,,,,,,,,,,,,,,,,
poderdata-2026-07-28-3,PoderData,2026-07-26,2026-07-28,2400,2,https://www.gazetadopovo.com.br/eleicoes/2026/pesquisa-eleitoral-2026/poderdata-presidente-pesquisa-julho-2026/,Julho,41,35,5,4,3,,3,,,,,,,,,,,,,,,,,,,,,,,,,,,,,,,,,,,,,
poderdata-2026-07-28-4,PoderData,2026-07-26,2026-07-28,2400,2,https://www.gazetadopovo.com.br/eleicoes/2026/pesquisa-eleitoral-2026/poderdata-presidente-pesquisa-julho-2026/,Junho,41,35,5,4,3,,3,,,,,,,,,,,,,,,,,,,,,,,,,,,,,,,,,,,,,
poderdata-2026-07-28-5,PoderData,2026-07-26,2026-07-28,2400,2,https://www.gazetadopovo.com.br/eleicoes/2026/pesquisa-eleitoral-2026/poderdata-presidente-pesquisa-julho-2026/,Maio,41,35,5,4,3,,3,,,,,,,,,,,,,,,,,,,,,,,,,,,,,,,,,,,,,
poderdata-2026-07-28-6,PoderData,2026-07-26,2026-07-28,2400,2,https://www.gazetadopovo.com.br/eleicoes/2026/pesquisa-eleitoral-2026/poderdata-presidente-pesquisa-julho-2026/,Abril,46,43,,,,,,,,,,,,,,,,,,,,,,,,,,,,,,,,,,,,,,,,,,
poderdata-2026-07-28-7,PoderData,2026-07-26,2026-07-28,2400,2,https://www.gazetadopovo.com.br/eleicoes/2026/pesquisa-eleitoral-2026/poderdata-presidente-pesquisa-julho-2026/,Abril,44,,,,42,,,,,,,,,,,,,,,,,,,,,,,,,,,,,,,,,,,,,,,
poderdata-2026-07-28-8,PoderData,2026-07-26,2026-07-28,2400,2,https://www.gazetadopovo.com.br/eleicoes/2026/pesquisa-eleitoral-2026/poderdata-presidente-pesquisa-julho-2026/,Abril,44,,43,,,,,,,,,,,,,,,,,,,,,,,,,,,,,,,,,,,,,,,,,
poderdata-2026-07-28-9,PoderData,2026-07-26,2026-07-28,2400,2,https://www.gazetadopovo.com.br/eleicoes/2026/pesquisa-eleitoral-2026/poderdata-presidente-pesquisa-julho-2026/,Abril,45,,,37,,,,,,,,,,,,,,,,,,,,,,,,,,,,,,,,,,,,,,,,
poderdata-2026-07-28-10,PoderData,2026-07-26,2026-07-28,2400,2,https://www.gazetadopovo.com.br/eleicoes/2026/pesquisa-eleitoral-2026/poderdata-presidente-pesquisa-julho-2026/,Março,46,43,,,,,,,,,,,,,,,,,,,,,,,,,,,,,,,,,,,,,,,,,,
poderdata-2026-07-28-11,PoderData,2026-07-26,2026-07-28,2400,2,https://www.gazetadopovo.com.br/eleicoes/2026/pesquisa-eleitoral-2026/poderdata-presidente-pesquisa-julho-2026/,Janeiro - Fevereiro,46,43,,,,,,,,,,,,,,,,,,,,,,,,,,,,,,,,,,,,,,,,,,
vox-brasil-2026-07-28,Vox Brasil,2026-07-26,2026-07-28,2100,2.15,,Setembro,40.5,31.2,5.5,3,3.2,,1.1,,,,,0.2,0.9,0.4,,0.3,0.6,,,,,,,,,,,,,,,,,,,,,,,,,,,
vox-brasil-2026-07-28-2,Vox Brasil,2026-07-26,2026-07-28,2100,2.15,,Agosto,40.5,31.2,5.5,3,3.2,,1.1,,,,,0.2,0.9,0.4,,0.3,0.6,,,,,,,,,,,,,,,,,,,,,,,,,,,
vox-brasil-2026-07-28-3,Vox Brasil,2026-07-26,2026-07-28,2100,2.15,,Julho,40.5,31.2,5.5,3,3.2,,1.1,,,,,0.2,0.9,0.4,,0.3,0.6,,,,,,,,,,,,,,,,,,,,,,,,,,,
vox-brasil-2026-07-28-4,Vox Brasil,2026-07-26,2026-07-28,2100,2.15,,Junho,40.5,31.2,5.5,3,3.2,,1.1,,,,,0.2,0.9,0.4,,0.3,0.6,,,,,,,,,,,,,,,,,,,,,,,,,,,
vox-brasil-2026-07-28-5,Vox Brasil,2026-07-26,2026-07-28,2100,2.15,,Maio,40.5,31.2,5.5,3,3.2,,1.1,,,,,0.2,0.9,0.4,,0.3,0.6,,,,,,,,,,,,,,,,,,,,,,,,,,,
vox-brasil-2026-07-28-6,Vox Brasil,2026-07-26,2026-07-28,2100,2.15,,Abril,47.5,41.1,,,,,,,,,,,,,,,,,,,,,,,,,,,,,,,,,,,,,,,,,,
vox-brasil-2026-07-28-7,Vox Brasil,2026-07-26,2026-07-28,2100,2.15,,Abril,48.7,,,,40.5,,,,,,,,,,,,,,,,,,,,,,,,,,,,,,,,,,,,,,,
vox-brasil-2026-07-28-8,Vox Brasil,2026-07-26,2026-07-28,2100,2.15,,Abril,46.8,,42.5,,,,,,,,,,,,,,,,,,,,,,,,,,,,,,,,,,,,,,,,,
vox-brasil-2026-07-28-9,Vox Brasil,2026-07-26,2026-07-28,2100,2.15,,Março,47.5,41.1,,,,,,,,,,,,,,,,,,,,,,,,,,,,,,,,,,,,,,,,,,
vox-brasil-2026-07-28-10,Vox Brasil,2026-07-26,2026-07-28,2100,2.15,,Janeiro - Fevereiro,47.5,41.1,,,,,,,,,,,,,,,,,,,,,,,,,,,,,,,,,,,,,,,,,,
gerp-2026-07-29,Gerp,2026-07-25,2026-07-29,2000,2.24,,Abril,42,,,,31,,,,,,,,,,,,,,,,,,,,,,,,,,,,,,,,,,,,,,,
gerp-2026-07-29-2,Gerp,2026-07-25,2026-07-29,2000,2.24,,Abril,39,,32,,,,,,,,,,,,,,,,,,,,,,,,,,,,,,,,,,,,,,,,,
gerp-2026-07-29-3,Gerp,2026-07-25,2026-07-29,2000,2.24,,Abril,38,,,,,,,,,,,,,,49,,,,,,,,,,,,,,,,,,,,,,,,,,,,,
gerp-2026-07-29-4,Gerp,2026-07-25,2026-07-29,2000,2.24,,Abril,38,,,,,,,,,,,,,,,,,,,46,,,,,,,,,,,,,,,,,,,,,,,,
gerp-2026-07-29-5,Gerp,2026-07-25,2026-07-29,2000,2.24,,Abril,39,,,,,,,,,,41,,,,,,,,,,,,,,,,,,,,,,,,,,,,,,,,,
gerp-2026-07-29-6,Gerp,2026-07-25,2026-07-29,2000,2.24,,Abril,40,,,,,,,38,,,,,,,,,,,,,,,,,,,,,,,,,,,,,,,,,,,,
gerp-2026-07-29-7,Gerp,2026-07-25,2026-07-29,2000,2.24,,Abril,35,,,,,,,,36,,,,,,,,,,,,,,,,,,,,,,,,,,,,,,,,,,,
datafolha-2026-07-30,Datafolha,2026-07-29,2026-07-30,2004,2,https://www1.folha.uol.com.br/poder/2025/08/datafolha-lula-ganha-vantagem-sobre-bolsonarismo-em-1o-e-2o-turnos.shtml,Setembro,,,7,,7,,,14,,,22,,,,,,,,,,,,,,,,,,,,24,,,,,,,,,,,,,
datafolha-2026-07-30-2,Datafolha,2026-07-29,2026-07-30,2004,2,https://www1.folha.uol.com.br/poder/2025/08/datafolha-lula-ganha-vantagem-sobre-bolsonarismo-em-1o-e-2o-turnos.shtml,Agosto,,,7,,7,,,14,,,22,,,,,,,,,,,,,,,,,,,,24,,,,,,,,,,,,,
datafolha-2026-07-30-3,Datafolha,2026-07-29,2026-07-30,2004,2,https://www1.folha.uol.com.br/poder/2025/08/datafolha-lula-ganha-vantagem-sobre-bolsonarismo-em-1o-e-2o-turnos.shtml,Julho,,,7,,7,,,14,,,22,,,,,,,,,,,,,,,,,,,,24,,,,,,,,,,,,,
datafolha-2026-07-30-4,Datafolha,2026-07-29,2026-07-30,2004,2,https://www1.folha.uol.com.br/poder/2025/08/datafolha-lula-ganha-vantagem-sobre-bolsonarismo-em-1o-e-2o-turnos.shtml,Junho,,,7,,7,,,14,,,22,,,,,,,,,,,,,,,,,,,,24,,,,,,,,,,,,,
datafolha-2026-07-30-5,Datafolha,2026-07-29,2026-07-30,2004,2,https://www1.folha.uol.com.br/poder/2025/08/datafolha-lula-ganha-vantagem-sobre-bolsonarismo-em-1o-e-2o-turnos.shtml,Maio,,,7,,7,,,14,,,22,,,,,,,,,,,,,,,,,,,,24,,,,,,,,,,,,,
datafolha-2026-07-30-6,Datafolha,2026-07-29,2026-07-30,2004,2,https://www1.folha.uol.com.br/poder/2025/08/datafolha-lula-ganha-vantagem-sobre-bolsonarismo-em-1o-e-2o-turnos.shtml,Abril,48,37,,,,,,,,,,,,,,,,,,,,,,,,,,,,,,,,,,,,,,,,,,
datafolha-2026-07-30-7,Datafolha,2026-07-29,2026-07-30,2004,2,https://www1.folha.uol.com.br/poder/2025/08/datafolha-lula-ganha-vantagem-sobre-bolsonarismo-em-1o-e-2o-turnos.shtml,Abril,46,,,,36,,,,,,,,,,,,,,,,,,,,,,,,,,,,,,,,,,,,,,,
datafolha-2026-07-30-8,Datafolha,2026-07-29,2026-07-30,2004,2,https://www1.folha.uol.com.br/poder/2025/08/datafolha-lula-ganha-vantagem-sobre-bolsonarismo-em-1o-e-2o-turnos.shtml,Abril,47,,35,,,,,,,,,,,,,,,,,,,,,,,,,,,,,,,,,,,,,,,,,
datafolha-2026-07-30-9,Datafolha,2026-07-29,2026-07-30,2004,2,https://www1.folha.uol.com.br/poder/2025/08/datafolha-lula-ganha-vantagem-sobre-bolsonarismo-em-1o-e-2o-turnos.shtml,Abril,47,,,,,,,,,,,,,,43,,,,,,,,,,,,,,,,,,,,,,,,,,,,,
datafolha-2026-07-30-10,Datafolha,2026-07-29,2026-07-30,2004,2,https://www1.folha.uol.com.br/poder/2025/08/datafolha-lula-ganha-vantagem-sobre-bolsonarismo-em-1o-e-2o-turnos.shtml,Abril,48,,,,,,,,,,,,,,,,,,,40,,,,,,,,,,,,,,,,,,,,,,,,
datafolha-2026-07-30-11,Datafolha,2026-07-29,2026-07-30,2004,2,https://www1.folha.uol.com.br/poder/2025/08/datafolha-lula-ganha-vantagem-sobre-bolsonarismo-em-1o-e-2o-turnos.shtml,Abril,45,,,,,,,,,,41,,,,,,,,,,,,,,,,,,,,,,,,,,,,,,,,,
datafolha-2026-07-30-12,Datafolha,2026-07-29,2026-07-30,2004,2,https://www1.folha.uol.com.br/poder/2025/08/datafolha-lula-ganha-vantagem-sobre-bolsonarismo-em-1o-e-2o-turnos.shtml,Abril,49,,,,,,,,,,,,,,,,,,,,,37,,,,,,,,,,,,,,,,,,,,,,
datafolha-2026-07-30-13,Datafolha,2026-07-29,2026-07-30,2004,2,https://www1.folha.uol.com.br/poder/2025/08/datafolha-lula-ganha-vantagem-sobre-bolsonarismo-em-1o-e-2o-turnos.shtml,Abril,45,,,,,,,40,,,,,,,,,,,,,,,,,,,,,,,,,,,,,,,,,,,,
datafolha-2026-07-30-14,Datafolha,2026-07-29,2026-07-30,2004,2,https://www1.folha.uol.com.br/poder/2025/08/datafolha-lula-ganha-vantagem-sobre-bolsonarismo-em-1o-e-2o-turnos.shtml,Abril,,,,,,,,,,,40,,,,,,,,,,,,,,,,,,,,,,38,,,,,,,,,,,
datafolha-2026-07-30-15,Datafolha,2026-07-29,2026-07-30,2004,2,https://www1.folha.uol.com.br/poder/2025/08/datafolha-lula-ganha-vantagem-sobre-bolsonarismo-em-1o-e-2o-turnos.shtml,Abril,,,,,,,,,,,43,,,,,,,,,,37,,,,,,,,,,,,,,,,,,,,,,,
datafolha-2026-07-30-16,Datafolha,2026-07-29,2026-07-30,2004,2,https://www1.folha.uol.com.br/poder/2025/08/datafolha-lula-ganha-vantagem-sobre-bolsonarismo-em-1o-e-2o-turnos.shtml,Março,48,37,,,,,,,,,,,,,,,,,,,,,,,,,,,,,,,,,,,,,,,,,,
nexus-btg-pactual-2026-08-02,Nexus/BTG Pactual,2026-07-31,2026-08-02,2002,2,,Setembro,41,37,5,4,3,,1,,,,,1,,0,,0,0,,,,,,,,,,,,,,,,,,,,,,,,,,,
nexus-btg-pactual-2026-08-02-2,Nexus/BTG Pactual,2026-07-31,2026-08-02,2002,2,,Agosto,41,37,5,4,3,,1,,,,,1,,0,,0,0,,,,,,,,,,,,,,,,,,,,,,,,,,,
nexus-btg-pactual-2026-08-02-3,Nexus/BTG Pactual,2026-07-31,2026-08-02,2002,2,,Julho,41,37,5,4,3,,1,,,,,1,,0,,0,0,,,,,,,,,,,,,,,,,,,,,,,,,,,
nexus-btg-pactual-2026-08-02-4,Nexus/BTG Pactual,2026-07-31,2026-08-02,2002,2,,Junho,41,37,5,4,3,,1,,,,,1,,0,,0,0,,,,,,,,,,,,,,,,,,,,,,,,,,,
nexus-btg-pactual-2026-08-02-5,Nexus/BTG Pactual,2026-07-31,2026-08-02,2002,2,,Maio,41,37,5,4,3,,1,,,,,1,,0,,0,0,,,,,,,,,,,,,,,,,,,,,,,,,,,
nexus-btg-pactual-2026-08-02-6,Nexus/BTG Pactual,2026-07-31,2026-08-02,2002,2,,Abril,46,45,,,,,,,,,,,,,,,,,,,,,,,,,,,,,,,,,,,,,,,,,,
nexus-btg-pactual-2026-08-02-7,Nexus/BTG Pactual,2026-07-31,2026-08-02,2002,2,,Abril,46,,,,40,,,,,,,,,,,,,,,,,,,,,,,,,,,,,,,,,,,,,,,
nexus-btg-pactual-2026-08-02-8,Nexus/BTG Pactual,2026-07-31,2026-08-02,2002,2,,Abril,46,,42,,,,,,,,,,,,,,,,,,,,,,,,,,,,,,,,,,,,,,,,,
nexus-btg-pactual-2026-08-02-9,Nexus/BTG Pactual,2026-07-31,2026-08-02,2002,2,,Abril,47,,,37,,,,,,,,,,,,,,,,,,,,,,,,,,,,,,,,,,,,,,,,
nexus-btg-pactual-2026-08-02-10,Nexus/BTG Pactual,2026-07-31,2026-08-02,2002,2,,Março,46,45,,,,,,,,,,,,,,,,,,,,,,,,,,,,,,,,,,,,,,,,,,
nexus-btg-pactual-2026-08-02-11,Nexus/BTG Pactual,2026-07-31,2026-08-02,2002,2,,Janeiro - Fevereiro,46,45,,,,,,,,,,,,,,,,,,,,,,,,,,,,,,,,,,,,,,,,,,
genial-quaest-2026-08-03,Genial/Quaest,2026-07-31,2026-08-03,2004,2,,Setembro,39,30,4,4,2,,1,,,,,1,,,,0,0,,,,,,0,,,,,,,,,,,,,,,,,,,,,
genial-quaest-2026-08-03-2,Genial/Quaest,2026-07-31,2026-08-03,2004,2,,Agosto,39,30,4,4,2,,1,,,,,1,,,,0,0,,,,,,0,,,,,,,,,,,,,,,,,,,,,
genial-quaest-2026-08-03-3,Genial/Quaest,2026-07-31,2026-08-03,2004,2,,Julho,39,30,4,4,2,,1,,,,,1,,,,0,0,,,,,,0,,,,,,,,,,,,,,,,,,,,,
genial-quaest-2026-08-03-4,Genial/Quaest,2026-07-31,2026-08-03,2004,2,,Junho,39,30,4,4,2,,1,,,,,1,,,,0,0,,,,,,0,,,,,,,,,,,,,,,,,,,,,
genial-quaest-2026-08-03-5,Genial/Quaest,2026-07-31,2026-08-03,2004,2,,Maio,39,30,4,4,2,,1,,,,,1,,,,0,0,,,,,,0,,,,,,,,,,,,,,,,,,,,,
genial-quaest-2026-08-03-6,Genial/Quaest,2026-07-31,2026-08-03,2004,2,,Abril,44,39,,,,,,,,,,,,,,,,,,,,,,,,,,,,,,,,,,,,,,,,,,
genial-quaest-2026-08-03-7,Genial/Quaest,2026-07-31,2026-08-03,2004,2,,Abril,46,,,,34,,,,,,,,,,,,,,,,,,,,,,,,,,,,,,,,,,,,,,,
genial-quaest-2026-08-03-8,Genial/Quaest,2026-07-31,2026-08-03,2004,2,,Abril,45,,37,,,,,,,,,,,,,,,,,,,,,,,,,,,,,,,,,,,,,,,,,
genial-quaest-2026-08-03-9,Genial/Quaest,2026-07-31,2026-08-03,2004,2,,Abril,45,,,35,,,,,,,,,,,,,,,,,,,,,,,,,,,,,,,,,,,,,,,,
genial-quaest-2026-08-03-10,Genial/Quaest,2026-07-31,2026-08-03,2004,2,,Março,44,39,,,,,,,,,,,,,,,,,,,,,,,,,,,,,,,,,,,,,,,,,,
genial-quaest-2026-08-03-11,Genial/Quaest,2026-07-31,2026-08-03,2004,2,,Janeiro - Fevereiro,44,39,,,,,,,,,,,,,,,,,,,,,,,,,,,,,,,,,,,,,,,,,,
meio-ideia-2026-08-03,Meio/Ideia,2026-07-31,2026-08-03,1500,2.5,,Setembro,43,35,5.7,4.7,2.6,,1.7,,,,,0.3,,0.1,,0.1,0.2,,,,,,,,,,,,,,,,,,,,,,,,,,,
meio-ideia-2026-08-03-2,Meio/Ideia,2026-07-31,2026-08-03,1500,2.5,,Agosto,43,35,5.7,4.7,2.6,,1.7,,,,,0.3,,0.1,,0.1,0.2,,,,,,,,,,,,,,,,,,,,,,,,,,,
meio-ideia-2026-08-03-3,Meio/Ideia,2026-07-31,2026-08-03,1500,2.5,,Julho,43,35,5.7,4.7,2.6,,1.7,,,,,0.3,,0.1,,0.1,0.2,,,,,,,,,,,,,,,,,,,,,,,,,,,
meio-ideia-2026-08-03-4,Meio/Ideia,2026-07-31,2026-08-03,1500,2.5,,Junho,43,35,5.7,4.7,2.6,,1.7,,,,,0.3,,0.1,,0.1,0.2,,,,,,,,,,,,,,,,,,,,,,,,,,,
meio-ideia-2026-08-03-5,Meio/Ideia,2026-07-31,2026-08-03,1500,2.5,,Maio,43,35,5.7,4.7,2.6,,1.7,,,,,0.3,,0.1,,0.1,0.2,,,,,,,,,,,,,,,,,,,,,,,,,,,
meio-ideia-2026-08-03-6,Meio/Ideia,2026-07-31,2026-08-03,1500,2.5,,Abril,48.5,43,,,,,,,,,,,,,,,,,,,,,,,,,,,,,,,,,,,,,,,,,,
meio-ideia-2026-08-03-7,Meio/Ideia,2026-07-31,2026-08-03,1500,2.5,,Abril,48.5,,,,37,,,,,,,,,,,,,,,,,,,,,,,,,,,,,,,,,,,,,,,
meio-ideia-2026-08-03-8,Meio/Ideia,2026-07-31,2026-08-03,1500,2.5,,Abril,48.5,,40,,,,,,,,,,,,,,,,,,,,,,,,,,,,,,,,,,,,,,,,,
meio-ideia-2026-08-03-9,Meio/Ideia,2026-07-31,2026-08-03,1500,2.5,,Abril,48,,,34.7,,,,,,,,,,,,,,,,,,,,,,,,,,,,,,,,,,,,,,,,
meio-ideia-2026-08-03-10,Meio/Ideia,2026-07-31,2026-08-03,1500,2.5,,Março,48.5,43,,,,,,,,,,,,,,,,,,,,,,,,,,,,,,,,,,,,,,,,,,
meio-ideia-2026-08-03-11,Meio/Ideia,2026-07-31,2026-08-03,1500,2.5,,Janeiro - Fevereiro,48.5,43,,,,,,,,,,,,,,,,,,,,,,,,,,,,,,,,,,,,,,,,,,
apex-futura-2026-08-07,Apex/Futura,2026-08-03,2026-08-07,2000,2.2,,Setembro,38.8,34.1,5.9,3.6,3.6,,1.2,,,,,0.7,,0.8,,0,0.1,,,,,,,,,,,,,,,,,,,,,,,,,,,
apex-futura-2026-08-07-2,Apex/Futura,2026-08-03,2026-08-07,2000,2.2,,Agosto,38.8,34.1,5.9,3.6,3.6,,1.2,,,,,0.7,,0.8,,0,0.1,,,,,,,,,,,,,,,,,,,,,,,,,,,
apex-futura-2026-08-07-3,Apex/Futura,2026-08-03,2026-08-07,2000,2.2,,Julho,38.8,34.1,5.9,3.6,3.6,,1.2,,,,,0.7,,0.8,,0,0.1,,,,,,,,,,,,,,,,,,,,,,,,,,,
apex-futura-2026-08-07-4,Apex/Futura,2026-08-03,2026-08-07,2000,2.2,,Junho,38.8,34.1,5.9,3.6,3.6,,1.2,,,,,0.7,,0.8,,0,0.1,,,,,,,,,,,,,,,,,,,,,,,,,,,
apex-futura-2026-08-07-5,Apex/Futura,2026-08-03,2026-08-07,2000,2.2,,Maio,38.8,34.1,5.9,3.6,3.6,,1.2,,,,,0.7,,0.8,,0,0.1,,,,,,,,,,,,,,,,,,,,,,,,,,,
apex-futura-2026-08-07-6,Apex/Futura,2026-08-03,2026-08-07,2000,2.2,,Abril,46.5,44,,,,,,,,,,,,,,,,,,,,,,,,,,,,,,,,,,,,,,,,,,
apex-futura-2026-08-07-7,Apex/Futura,2026-08-03,2026-08-07,2000,2.2,,Abril,46.5,,,,39.8,,,,,,,,,,,,,,,,,,,,,,,,,,,,,,,,,,,,,,,
apex-futura-2026-08-07-8,Apex/Futura,2026-08-03,2026-08-07,2000,2.2,,Abril,45.3,,39.2,,,,,,,,,,,,,,,,,,,,,,,,,,,,,,,,,,,,,,,,,
apex-futura-2026-08-07-9,Apex/Futura,2026-08-03,2026-08-07,2000,2.2,,Abril,47.3,,,33.3,,,,,,,,,,,,,,,,,,,,,,,,,,,,,,,,,,,,,,,,
apex-futura-2026-08-07-10,Apex/Futura,2026-08-03,2026-08-07,2000,2.2,,Março,46.5,44,,,,,,,,,,,,,,,,,,,,,,,,,,,,,,,,,,,,,,,,,,
apex-futura-2026-08-07-11,Apex/Futura,2026-08-03,2026-08-07,2000,2.2,,Janeiro - Fevereiro,46.5,44,,,,,,,,,,,,,,,,,,,,,,,,,,,,,,,,,,,,,,,,,,
palver-2026-08-07,Palver,2026-08-03,2026-08-07,5000,3,,Setembro,44,40,2,10,1,,0,,,,,1,,0,,0,,,,,,,,,,,,,,,,,,,,,,,,,,,,
palver-2026-08-07-2,Palver,2026-08-03,2026-08-07,5000,3,,Agosto,44,40,2,10,1,,0,,,,,1,,0,,0,,,,,,,,,,,,,,,,,,,,,,,,,,,,
palver-2026-08-07-3,Palver,2026-08-03,2026-08-07,5000,3,,Julho,44,40,2,10,1,,0,,,,,1,,0,,0,,,,,,,,,,,,,,,,,,,,,,,,,,,,
palver-2026-08-07-4,Palver,2026-08-03,2026-08-07,5000,3,,Junho,44,40,2,10,1,,0,,,,,1,,0,,0,,,,,,,,,,,,,,,,,,,,,,,,,,,,
palver-2026-08-07-5,Palver,2026-08-03,2026-08-07,5000,3,,Maio,44,40,2,10,1,,0,,,,,1,,0,,0,,,,,,,,,,,,,,,,,,,,,,,,,,,,
palver-2026-08-07-6,Palver,2026-08-03,2026-08-07,5000,3,,Abril,46,46,,,,,,,,,,,,,,,,,,,,,,,,,,,,,,,,,,,,,,,,,,
palver-2026-08-07-7,Palver,2026-08-03,2026-08-07,5000,3,,Abril,46,,,,39,,,,,,,,,,,,,,,,,,,,,,,,,,,,,,,,,,,,,,,
palver-2026-08-07-8,Palver,2026-08-03,2026-08-07,5000,3,,Abril,45,,38,,,,,,,,,,,,,,,,,,,,,,,,,,,,,,,,,,,,,,,,,
palver-2026-08-07-9,Palver,2026-08-03,2026-08-07,5000,3,,Abril,46,,,31,,,,,,,,,,,,,,,,,,,,,,,,,,,,,,,,,,,,,,,,
palver-2026-08-07-10,Palver,2026-08-03,2026-08-07,5000,3,,Março,46,46,,,,,,,,,,,,,,,,,,,,,,,,,,,,,,,,,,,,,,,,,,
palver-2026-08-07-11,Palver,2026-08-03,2026-08-07,5000,3,,Janeiro - Fevereiro,46,46,,,,,,,,,,,,,,,,,,,,,,,,,,,,,,,,,,,,,,,,,,
cnt-mda-2026-08-09,CNT/MDA,2026-08-05,2026-08-09,2002,2.2,,Setembro,42.4,28.7,4,2.8,3.3,,1.2,,,,,1.6,,0.9,,,,,,,,,,,,,,,,,,,,,,,,,,,,,,
cnt-mda-2026-08-09-2,CNT/MDA,2026-08-05,2026-08-09,2002,2.2,,Agosto,42.4,28.7,4,2.8,3.3,,1.2,,,,,1.6,,0.9,,,,,,,,,,,,,,,,,,,,,,,,,,,,,,
cnt-mda-2026-08-09-3,CNT/MDA,2026-08-05,2026-08-09,2002,2.2,,Julho,42.4,28.7,4,2.8,3.3,,1.2,,,,,1.6,,0.9,,,,,,,,,,,,,,,,,,,,,,,,,,,,,,
cnt-mda-2026-08-09-4,CNT/MDA,2026-08-05,2026-08-09,2002,2.2,,Junho,42.4,28.7,4,2.8,3.3,,1.2,,,,,1.6,,0.9,,,,,,,,,,,,,,,,,,,,,,,,,,,,,,
cnt-mda-2026-08-09-5,CNT/MDA,2026-08-05,2026-08-09,2002,2.2,,Maio,42.4,28.7,4,2.8,3.3,,1.2,,,,,1.6,,0.9,,,,,,,,,,,,,,,,,,,,,,,,,,,,,,
cnt-mda-2026-08-09-6,CNT/MDA,2026-08-05,2026-08-09,2002,2.2,,Abril,48,39.1,,,,,,,,,,,,,,,,,,,,,,,,,,,,,,,,,,,,,,,,,,
cnt-mda-2026-08-09-7,CNT/MDA,2026-08-05,2026-08-09,2002,2.2,,Abril,49.1,,,,34.9,,,,,,,,,,,,,,,,,,,,,,,,,,,,,,,,,,,,,,,
cnt-mda-2026-08-09-8,CNT/MDA,2026-08-05,2026-08-09,2002,2.2,,Abril,47.9,,35.9,,,,,,,,,,,,,,,,,,,,,,,,,,,,,,,,,,,,,,,,,
cnt-mda-2026-08-09-9,CNT/MDA,2026-08-05,2026-08-09,2002,2.2,,Abril,48.6,,,,,,32.4,,,,,,,,,,,,,,,,,,,,,,,,,,,,,,,,,,,,,
cnt-mda-2026-08-09-10,CNT/MDA,2026-08-05,2026-08-09,2002,2.2,,Abril,48.5,,,33,,,,,,,,,,,,,,,,,,,,,,,,,,,,,,,,,,,,,,,,
cnt-mda-2026-08-09-11,CNT/MDA,2026-08-05,2026-08-09,2002,2.2,,Março,48,39.1,,,,,,,,,,,,,,,,,,,,,,,,,,,,,,,,,,,,,,,,,,
cnt-mda-2026-08-09-12,CNT/MDA,2026-08-05,2026-08-09,2002,2.2,,Janeiro - Fevereiro,48,39.1,,,,,,,,,,,,,,,,,,,,,,,,,,,,,,,,,,,,,,,,,,
nexus-btg-pactual-2026-08-09,Nexus/BTG Pactual,2026-08-07,2026-08-09,2001,2,,Setembro,40,35,5,4,3,,1,,,,,2,,0,,0,0,,,,,,,0,,,,,,,,,,,,,,,,,,,,
nexus-btg-pactual-2026-08-09-2,Nexus/BTG Pactual,2026-08-07,2026-08-09,2001,2,,Agosto,40,35,5,4,3,,1,,,,,2,,0,,0,0,,,,,,,0,,,,,,,,,,,,,,,,,,,,
nexus-btg-pactual-2026-08-09-3,Nexus/BTG Pactual,2026-08-07,2026-08-09,2001,2,,Julho,40,35,5,4,3,,1,,,,,2,,0,,0,0,,,,,,,0,,,,,,,,,,,,,,,,,,,,
nexus-btg-pactual-2026-08-09-4,Nexus/BTG Pactual,2026-08-07,2026-08-09,2001,2,,Junho,40,35,5,4,3,,1,,,,,2,,0,,0,0,,,,,,,0,,,,,,,,,,,,,,,,,,,,
nexus-btg-pactual-2026-08-09-5,Nexus/BTG Pactual,2026-08-07,2026-08-09,2001,2,,Maio,40,35,5,4,3,,1,,,,,2,,0,,0,0,,,,,,,0,,,,,,,,,,,,,,,,,,,,
nexus-btg-pactual-2026-08-09-6,Nexus/BTG Pactual,2026-08-07,2026-08-09,2001,2,,Abril,47,44,,,,,,,,,,,,,,,,,,,,,,,,,,,,,,,,,,,,,,,,,,
nexus-btg-pactual-2026-08-09-7,Nexus/BTG Pactual,2026-08-07,2026-08-09,2001,2,,Abril,47,,,,40,,,,,,,,,,,,,,,,,,,,,,,,,,,,,,,,,,,,,,,
nexus-btg-pactual-2026-08-09-8,Nexus/BTG Pactual,2026-08-07,2026-08-09,2001,2,,Abril,46,,42,,,,,,,,,,,,,,,,,,,,,,,,,,,,,,,,,,,,,,,,,
nexus-btg-pactual-2026-08-09-9,Nexus/BTG Pactual,2026-08-07,2026-08-09,2001,2,,Abril,46,,,37,,,,,,,,,,,,,,,,,,,,,,,,,,,,,,,,,,,,,,,,
nexus-btg-pactual-2026-08-09-10,Nexus/BTG Pactual,2026-08-07,2026-08-09,2001,2,,Março,47,44,,,,,,,,,,,,,,,,,,,,,,,,,,,,,,,,,,,,,,,,,,
nexus-btg-pactual-2026-08-09-11,Nexus/BTG Pactual,2026-08-07,2026-08-09,2001,2,,Janeiro - Fevereiro,47,44,,,,,,,,,,,,,,,,,,,,,,,,,,,,,,,,,,,,,,,,,,
gerp-2026-08-10,Gerp,2026-08-06,2026-08-10,2400,2,,Setembro,38,38,4,5,2,,1,,,,,0,,0,,0,0,,,,,,,,,,,,,,,,,,,,,,,,,,,
gerp-2026-08-10-2,Gerp,2026-08-06,2026-08-10,2400,2,,Agosto,38,38,4,5,2,,1,,,,,0,,0,,0,0,,,,,,,,,,,,,,,,,,,,,,,,,,,
gerp-2026-08-10-3,Gerp,2026-08-06,2026-08-10,2400,2,,Julho,38,38,4,5,2,,1,,,,,0,,0,,0,0,,,,,,,,,,,,,,,,,,,,,,,,,,,
gerp-2026-08-10-4,Gerp,2026-08-06,2026-08-10,2400,2,,Junho,38,38,4,5,2,,1,,,,,0,,0,,0,0,,,,,,,,,,,,,,,,,,,,,,,,,,,
gerp-2026-08-10-5,Gerp,2026-08-06,2026-08-10,2400,2,,Maio,38,38,4,5,2,,1,,,,,0,,0,,0,0,,,,,,,,,,,,,,,,,,,,,,,,,,,
gerp-2026-08-10-6,Gerp,2026-08-06,2026-08-10,2400,2,,Abril,43,45,,,,,,,,,,,,,,,,,,,,,,,,,,,,,,,,,,,,,,,,,,
gerp-2026-08-10-7,Gerp,2026-08-06,2026-08-10,2400,2,,Março,43,45,,,,,,,,,,,,,,,,,,,,,,,,,,,,,,,,,,,,,,,,,,
gerp-2026-08-10-8,Gerp,2026-08-06,2026-08-10,2400,2,,Janeiro - Fevereiro,43,45,,,,,,,,,,,,,,,,,,,,,,,,,,,,,,,,,,,,,,,,,,
poderdata-2026-08-12,PoderData,2026-08-09,2026-08-12,2400,2,,Setembro,41,35,4,4,3,,3,,,,,,,1,,,,,,,,,1,,,,,,,,,,,,,,,,,,,,,
poderdata-2026-08-12-2,PoderData,2026-08-09,2026-08-12,2400,2,,Agosto,41,35,4,4,3,,3,,,,,,,1,,,,,,,,,1,,,,,,,,,,,,,,,,,,,,,
poderdata-2026-08-12-3,PoderData,2026-08-09,2026-08-12,2400,2,,Julho,41,35,4,4,3,,3,,,,,,,1,,,,,,,,,1,,,,,,,,,,,,,,,,,,,,,
poderdata-2026-08-12-4,PoderData,2026-08-09,2026-08-12,2400,2,,Junho,41,35,4,4,3,,3,,,,,,,1,,,,,,,,,1,,,,,,,,,,,,,,,,,,,,,
poderdata-2026-08-12-5,PoderData,2026-08-09,2026-08-12,2400,2,,Maio,41,35,4,4,3,,3,,,,,,,1,,,,,,,,,1,,,,,,,,,,,,,,,,,,,,,
poderdata-2026-08-12-6,PoderData,2026-08-09,2026-08-12,2400,2,,Abril,46,45,,,,,,,,,,,,,,,,,,,,,,,,,,,,,,,,,,,,,,,,,,
poderdata-2026-08-12-7,PoderData,2026-08-09,2026-08-12,2400,2,,Abril,45,,,,43,,,,,,,,,,,,,,,,,,,,,,,,,,,,,,,,,,,,,,,
poderdata-2026-08-12-8,PoderData,2026-08-09,2026-08-12,2400,2,,Abril,45,,44,,,,,,,,,,,,,,,,,,,,,,,,,,,,,,,,,,,,,,,,,
poderdata-2026-08-12-9,PoderData,2026-08-09,2026-08-12,2400,2,,Abril,45,,,37,,,,,,,,,,,,,,,,,,,,,,,,,,,,,,,,,,,,,,,,
poderdata-2026-08-12-10,PoderData,2026-08-09,2026-08-12,2400,2,,Março,46,45,,,,,,,,,,,,,,,,,,,,,,,,,,,,,,,,,,,,,,,,,,
poderdata-2026-08-12-11,PoderData,2026-08-09,2026-08-12,2400,2,,Janeiro - Fevereiro,46,45,,,,,,,,,,,,,,,,,,,,,,,,,,,,,,,,,,,,,,,,,,
genial-quaest-2026-08-13,Genial/Quaest,2026-08-10,2026-08-13,2004,2,,Setembro,38,31,4,4,2,,2,,,,,1,,0,,0,0,,,,,,0,0,,,,,,,,,,,,,,,,,,,,
genial-quaest-2026-08-13-2,Genial/Quaest,2026-08-10,2026-08-13,2004,2,,Agosto,38,31,4,4,2,,2,,,,,1,,0,,0,0,,,,,,0,0,,,,,,,,,,,,,,,,,,,,
genial-quaest-2026-08-13-3,Genial/Quaest,2026-08-10,2026-08-13,2004,2,,Julho,38,31,4,4,2,,2,,,,,1,,0,,0,0,,,,,,0,0,,,,,,,,,,,,,,,,,,,,
genial-quaest-2026-08-13-4,Genial/Quaest,2026-08-10,2026-08-13,2004,2,,Junho,38,31,4,4,2,,2,,,,,1,,0,,0,0,,,,,,0,0,,,,,,,,,,,,,,,,,,,,
genial-quaest-2026-08-13-5,Genial/Quaest,2026-08-10,2026-08-13,2004,2,,Maio,38,31,4,4,2,,2,,,,,1,,0,,0,0,,,,,,0,0,,,,,,,,,,,,,,,,,,,,
genial-quaest-2026-08-13-6,Genial/Quaest,2026-08-10,2026-08-13,2004,2,,Abril,43,40,,,,,,,,,,,,,,,,,,,,,,,,,,,,,,,,,,,,,,,,,,
genial-quaest-2026-08-13-7,Genial/Quaest,2026-08-10,2026-08-13,2004,2,,Abril,45,,,,34,,,,,,,,,,,,,,,,,,,,,,,,,,,,,,,,,,,,,,,
genial-quaest-2026-08-13-8,Genial/Quaest,2026-08-10,2026-08-13,2004,2,,Abril,44,,37,,,,,,,,,,,,,,,,,,,,,,,,,,,,,,,,,,,,,,,,,
genial-quaest-2026-08-13-9,Genial/Quaest,2026-08-10,2026-08-13,2004,2,,Abril,44,,,36,,,,,,,,,,,,,,,,,,,,,,,,,,,,,,,,,,,,,,,,
genial-quaest-2026-08-13-10,Genial/Quaest,2026-08-10,2026-08-13,2004,2,,Março,43,40,,,,,,,,,,,,,,,,,,,,,,,,,,,,,,,,,,,,,,,,,,
genial-quaest-2026-08-13-11,Genial/Quaest,2026-08-10,2026-08-13,2004,2,,Janeiro - Fevereiro,43,40,,,,,,,,,,,,,,,,,,,,,,,,,,,,,,,,,,,,,,,,,,
nexus-btg-pactual-2026-08-16,Nexus/BTG Pactual,2026-08-14,2026-08-16,2003,2,,Setembro,41,36,5,4,4,,1,,,,,1,,0,,0,0,,,,,,0,0,,,,,,,,,,,,,,,,,,,,
nexus-btg-pactual-2026-08-16-2,Nexus/BTG Pactual,2026-08-14,2026-08-16,2003,2,,Agosto,41,36,5,4,4,,1,,,,,1,,0,,0,0,,,,,,0,0,,,,,,,,,,,,,,,,,,,,
nexus-btg-pactual-2026-08-16-3,Nexus/BTG Pactual,2026-08-14,2026-08-16,2003,2,,Julho,41,36,5,4,4,,1,,,,,1,,0,,0,0,,,,,,0,0,,,,,,,,,,,,,,,,,,,,
nexus-btg-pactual-2026-08-16-4,Nexus/BTG Pactual,2026-08-14,2026-08-16,2003,2,,Junho,41,36,5,4,4,,1,,,,,1,,0,,0,0,,,,,,0,0,,,,,,,,,,,,,,,,,,,,
nexus-btg-pactual-2026-08-16-5,Nexus/BTG Pactual,2026-08-14,2026-08-16,2003,2,,Maio,41,36,5,4,4,,1,,,,,1,,0,,0,0,,,,,,0,0,,,,,,,,,,,,,,,,,,,,
nexus-btg-pactual-2026-08-16-6,Nexus/BTG Pactual,2026-08-14,2026-08-16,2003,2,,Abril,47,44,,,,,,,,,,,,,,,,,,,,,,,,,,,,,,,,,,,,,,,,,,
nexus-btg-pactual-2026-08-16-7,Nexus/BTG Pactual,2026-08-14,2026-08-16,2003,2,,Abril,46,,,,41,,,,,,,,,,,,,,,,,,,,,,,,,,,,,,,,,,,,,,,
nexus-btg-pactual-2026-08-16-8,Nexus/BTG Pactual,2026-08-14,2026-08-16,2003,2,,Abril,45,,42,,,,,,,,,,,,,,,,,,,,,,,,,,,,,,,,,,,,,,,,,
nexus-btg-pactual-2026-08-16-9,Nexus/BTG Pactual,2026-08-14,2026-08-16,2003,2,,Abril,47,,,36,,,,,,,,,,,,,,,,,,,,,,,,,,,,,,,,,,,,,,,,
nexus-btg-pactual-2026-08-16-10,Nexus/BTG Pactual,2026-08-14,2026-08-16,2003,2,,Março,47,44,,,,,,,,,,,,,,,,,,,,,,,,,,,,,,,,,,,,,,,,,,
nexus-btg-pactual-2026-08-16-11,Nexus/BTG Pactual,2026-08-14,2026-08-16,2003,2,,Janeiro - Fevereiro,47,44,,,,,,,,,,,,,,,,,,,,,,,,,,,,,,,,,,,,,,,,,,
genial-quaest-2026-08-17,Genial/Quaest,2026-08-13,2026-08-17,2150,2,https://g1.globo.com/politica/noticia/2025/08/21/quaest-eleicao-2026-lula-cenarios-agosto.ghtml,Setembro,35,,5,,6,,,9,10,,,,,,,,,,,,,,,,,,,,,,,,,,,,14,,,,,,,
genial-quaest-2026-08-17-2,Genial/Quaest,2026-08-13,2026-08-17,2150,2,https://g1.globo.com/politica/noticia/2025/08/21/quaest-eleicao-2026-lula-cenarios-agosto.ghtml,Agosto,35,,5,,6,,,9,10,,,,,,,,,,,,,,,,,,,,,,,,,,,,14,,,,,,,
genial-quaest-2026-08-17-3,Genial/Quaest,2026-08-13,2026-08-17,2150,2,https://g1.globo.com/politica/noticia/2025/08/21/quaest-eleicao-2026-lula-cenarios-agosto.ghtml,Julho,35,,5,,6,,,9,10,,,,,,,,,,,,,,,,,,,,,,,,,,,,14,,,,,,,
genial-quaest-2026-08-17-4,Genial/Quaest,2026-08-13,2026-08-17,2150,2,https://g1.globo.com/politica/noticia/2025/08/21/quaest-eleicao-2026-lula-cenarios-agosto.ghtml,Junho,35,,5,,6,,,9,10,,,,,,,,,,,,,,,,,,,,,,,,,,,,14,,,,,,,
genial-quaest-2026-08-17-5,Genial/Quaest,2026-08-13,2026-08-17,2150,2,https://g1.globo.com/politica/noticia/2025/08/21/quaest-eleicao-2026-lula-cenarios-agosto.ghtml,Maio,35,,5,,6,,,9,10,,,,,,,,,,,,,,,,,,,,,,,,,,,,14,,,,,,,
genial-quaest-2026-08-17-6,Genial/Quaest,2026-08-13,2026-08-17,2150,2,https://g1.globo.com/politica/noticia/2025/08/21/quaest-eleicao-2026-lula-cenarios-agosto.ghtml,Abril,48,32,,,,,,,,,,,,,,,,,,,,,,,,,,,,,,,,,,,,,,,,,,
genial-quaest-2026-08-17-7,Genial/Quaest,2026-08-13,2026-08-17,2150,2,https://g1.globo.com/politica/noticia/2025/08/21/quaest-eleicao-2026-lula-cenarios-agosto.ghtml,Abril,46,,,,32,,,,,,,,,,,,,,,,,,,,,,,,,,,,,,,,,,,,,,,
genial-quaest-2026-08-17-8,Genial/Quaest,2026-08-13,2026-08-17,2150,2,https://g1.globo.com/politica/noticia/2025/08/21/quaest-eleicao-2026-lula-cenarios-agosto.ghtml,Abril,47,,31,,,,,,,,,,,,,,,,,,,,,,,,,,,,,,,,,,,,,,,,,
genial-quaest-2026-08-17-9,Genial/Quaest,2026-08-13,2026-08-17,2150,2,https://g1.globo.com/politica/noticia/2025/08/21/quaest-eleicao-2026-lula-cenarios-agosto.ghtml,Abril,47,,,,,,,,,,,,,,35,,,,,,,,,,,,,,,,,,,,,,,,,,,,,
genial-quaest-2026-08-17-10,Genial/Quaest,2026-08-13,2026-08-17,2150,2,https://g1.globo.com/politica/noticia/2025/08/21/quaest-eleicao-2026-lula-cenarios-agosto.ghtml,Abril,47,,,,,,,,,,,,,,,,,,,34,,,,,,,,,,,,,,,,,,,,,,,,
genial-quaest-2026-08-17-11,Genial/Quaest,2026-08-13,2026-08-17,2150,2,https://g1.globo.com/politica/noticia/2025/08/21/quaest-eleicao-2026-lula-cenarios-agosto.ghtml,Abril,43,,,,,,,,,,35,,,,,,,,,,,,,,,,,,,,,,,,,,,,,,,,,
genial-quaest-2026-08-17-12,Genial/Quaest,2026-08-13,2026-08-17,2150,2,https://g1.globo.com/politica/noticia/2025/08/21/quaest-eleicao-2026-lula-cenarios-agosto.ghtml,Abril,47,,,,,,,,,,,,,,,,,,,,,32,,,,,,,,,,,,,,,,,,,,,,
genial-quaest-2026-08-17-13,Genial/Quaest,2026-08-13,2026-08-17,2150,2,https://g1.globo.com/politica/noticia/2025/08/21/quaest-eleicao-2026-lula-cenarios-agosto.ghtml,Abril,44,,,,,,,34,,,,,,,,,,,,,,,,,,,,,,,,,,,,,,,,,,,,
genial-quaest-2026-08-17-14,Genial/Quaest,2026-08-13,2026-08-17,2150,2,https://g1.globo.com/politica/noticia/2025/08/21/quaest-eleicao-2026-lula-cenarios-agosto.ghtml,Abril,46,,,,,,,,,,,,,,,,,,30,,,,,,,,,,,,,,,,,,,,,,,,,
genial-quaest-2026-08-17-15,Genial/Quaest,2026-08-13,2026-08-17,2150,2,https://g1.globo.com/politica/noticia/2025/08/21/quaest-eleicao-2026-lula-cenarios-agosto.ghtml,Março,48,32,,,,,,,,,,,,,,,,,,,,,,,,,,,,,,,,,,,,,,,,,,
parana-pesquisas-2026-08-18,Paraná Pesquisas,2026-08-14,2026-08-18,2026,2.2,,Setembro,37.6,,1.9,,6.5,,,5.1,9.3,,,,,,,,,,,23,,,,,,,,0.9,,,,,,,,,,,,,,,,
parana-pesquisas-2026-08-18-2,Paraná Pesquisas,2026-08-14,2026-08-18,2026,2.2,,Agosto,37.6,,1.9,,6.5,,,5.1,9.3,,,,,,,,,,,23,,,,,,,,0.9,,,,,,,,,,,,,,,,
parana-pesquisas-2026-08-18-3,Paraná Pesquisas,2026-08-14,2026-08-18,2026,2.2,,Julho,37.6,,1.9,,6.5,,,5.1,9.3,,,,,,,,,,,23,,,,,,,,0.9,,,,,,,,,,,,,,,,
parana-pesquisas-2026-08-18-4,Paraná Pesquisas,2026-08-14,2026-08-18,2026,2.2,,Junho,37.6,,1.9,,6.5,,,5.1,9.3,,,,,,,,,,,23,,,,,,,,0.9,,,,,,,,,,,,,,,,
parana-pesquisas-2026-08-18-5,Paraná Pesquisas,2026-08-14,2026-08-18,2026,2.2,,Maio,37.6,,1.9,,6.5,,,5.1,9.3,,,,,,,,,,,23,,,,,,,,0.9,,,,,,,,,,,,,,,,
parana-pesquisas-2026-08-18-6,Paraná Pesquisas,2026-08-14,2026-08-18,2026,2.2,,Abril,42.3,,,,,,,,,,,,,,41.4,,,,,,,,,,,,,,,,,,,,,,,,,,,,,
parana-pesquisas-2026-08-18-7,Paraná Pesquisas,2026-08-14,2026-08-18,2026,2.2,,Abril,45,,,,,,,,,,,,,,,,,,,41.8,,,,,,,,,,,,,,,,,,,,,,,,
parana-pesquisas-2026-08-18-8,Paraná Pesquisas,2026-08-14,2026-08-18,2026,2.2,,Abril,44.9,,,,,,,,,,39.8,,,,,,,,,,,,,,,,,,,,,,,,,,,,,,,,,
parana-pesquisas-2026-08-18-9,Paraná Pesquisas,2026-08-14,2026-08-18,2026,2.2,,Abril,45.2,,,,,,,36.4,,,,,,,,,,,,,,,,,,,,,,,,,,,,,,,,,,,,
parana-pesquisas-2026-08-18-10,Paraná Pesquisas,2026-08-14,2026-08-18,2026,2.2,,Abril,45.6,,,,,,,,,,,,,,,,,,,,,,,,,,,,,,,,,,,,,,,,31.7,,,
datafolha-2026-08-20,Datafolha,2026-08-18,2026-08-20,2058,2,,Setembro,39,32,5,4,3,2,2,,,,,1,,1,,0,1,,,,,,0,1,,,,,,,,,,,,,,,,,,,,
datafolha-2026-08-20-2,Datafolha,2026-08-18,2026-08-20,2058,2,,Agosto,39,32,5,4,3,2,2,,,,,1,,1,,0,1,,,,,,0,1,,,,,,,,,,,,,,,,,,,,
datafolha-2026-08-20-3,Datafolha,2026-08-18,2026-08-20,2058,2,,Julho,39,32,5,4,3,2,2,,,,,1,,1,,0,1,,,,,,0,1,,,,,,,,,,,,,,,,,,,,
datafolha-2026-08-20-4,Datafolha,2026-08-18,2026-08-20,2058,2,,Junho,39,32,5,4,3,2,2,,,,,1,,1,,0,1,,,,,,0,1,,,,,,,,,,,,,,,,,,,,
datafolha-2026-08-20-5,Datafolha,2026-08-18,2026-08-20,2058,2,,Maio,39,32,5,4,3,2,2,,,,,1,,1,,0,1,,,,,,0,1,,,,,,,,,,,,,,,,,,,,
datafolha-2026-08-20-6,Datafolha,2026-08-18,2026-08-20,2058,2,,Abril,47,43,,,,,,,,,,,,,,,,,,,,,,,,,,,,,,,,,,,,,,,,,,
datafolha-2026-08-20-7,Datafolha,2026-08-18,2026-08-20,2058,2,,Abril,48,,,,38,,,,,,,,,,,,,,,,,,,,,,,,,,,,,,,,,,,,,,,
datafolha-2026-08-20-8,Datafolha,2026-08-18,2026-08-20,2058,2,,Abril,47,,40,,,,,,,,,,,,,,,,,,,,,,,,,,,,,,,,,,,,,,,,,
datafolha-2026-08-20-9,Datafolha,2026-08-18,2026-08-20,2058,2,,Abril,47,,,37,,,,,,,,,,,,,,,,,,,,,,,,,,,,,,,,,,,,,,,,
datafolha-2026-08-20-10,Datafolha,2026-08-18,2026-08-20,2058,2,,Março,47,43,,,,,,,,,,,,,,,,,,,,,,,,,,,,,,,,,,,,,,,,,,
datafolha-2026-08-20-11,Datafolha,2026-08-18,2026-08-20,2058,2,,Janeiro - Fevereiro,47,43,,,,,,,,,,,,,,,,,,,,,,,,,,,,,,,,,,,,,,,,,,
verita-2026-08-20,Veritá,2026-08-16,2026-08-20,3840,2,https://www.poder360.com.br/poder-eleicoes-2026/lula-tem-475-contra-411-de-flavio-no-2o-turno-diz-pesquisa/,Setembro,39.3,39.1,3.3,3.8,1.3,5.2,2.2,,,,,0.4,,0.1,,0.4,0.1,,,,,,0.8,,,,,,,,,,,,,,,,,,,,,
verita-2026-08-20-2,Veritá,2026-08-16,2026-08-20,3840,2,https://www.poder360.com.br/poder-eleicoes-2026/lula-tem-475-contra-411-de-flavio-no-2o-turno-diz-pesquisa/,Agosto,39.3,39.1,3.3,3.8,1.3,5.2,2.2,,,,,0.4,,0.1,,0.4,0.1,,,,,,0.8,,,,,,,,,,,,,,,,,,,,,
verita-2026-08-20-3,Veritá,2026-08-16,2026-08-20,3840,2,https://www.poder360.com.br/poder-eleicoes-2026/lula-tem-475-contra-411-de-flavio-no-2o-turno-diz-pesquisa/,Julho,39.3,39.1,3.3,3.8,1.3,5.2,2.2,,,,,0.4,,0.1,,0.4,0.1,,,,,,0.8,,,,,,,,,,,,,,,,,,,,,
verita-2026-08-20-4,Veritá,2026-08-16,2026-08-20,3840,2,https://www.poder360.com.br/poder-eleicoes-2026/lula-tem-475-contra-411-de-flavio-no-2o-turno-diz-pesquisa/,Junho,39.3,39.1,3.3,3.8,1.3,5.2,2.2,,,,,0.4,,0.1,,0.4,0.1,,,,,,0.8,,,,,,,,,,,,,,,,,,,,,
verita-2026-08-20-5,Veritá,2026-08-16,2026-08-20,3840,2,https://www.poder360.com.br/poder-eleicoes-2026/lula-tem-475-contra-411-de-flavio-no-2o-turno-diz-pesquisa/,Maio,39.3,39.1,3.3,3.8,1.3,5.2,2.2,,,,,0.4,,0.1,,0.4,0.1,,,,,,0.8,,,,,,,,,,,,,,,,,,,,,
verita-2026-08-20-6,Veritá,2026-08-16,2026-08-20,3840,2,https://www.poder360.com.br/poder-eleicoes-2026/lula-tem-475-contra-411-de-flavio-no-2o-turno-diz-pesquisa/,Abril,42,47.3,,,,,,,,,,,,,,,,,,,,,,,,,,,,,,,,,,,,,,,,,,
verita-2026-08-20-7,Veritá,2026-08-16,2026-08-20,3840,2,https://www.poder360.com.br/poder-eleicoes-2026/lula-tem-475-contra-411-de-flavio-no-2o-turno-diz-pesquisa/,Abril,41.2,,,,25,,,,,,,,,,,,,,,,,,,,,,,,,,,,,,,,,,,,,,,
verita-2026-08-20-8,Veritá,2026-08-16,2026-08-20,3840,2,https://www.poder360.com.br/poder-eleicoes-2026/lula-tem-475-contra-411-de-flavio-no-2o-turno-diz-pesquisa/,Abril,40.4,,23.7,,,,,,,,,,,,,,,,,,,,,,,,,,,,,,,,,,,,,,,,,
verita-2026-08-20-9,Veritá,2026-08-16,2026-08-20,3840,2,https://www.poder360.com.br/poder-eleicoes-2026/lula-tem-475-contra-411-de-flavio-no-2o-turno-diz-pesquisa/,Abril,40.5,,,16.2,,,,,,,,,,,,,,,,,,,,,,,,,,,,,,,,,,,,,,,,
verita-2026-08-20-10,Veritá,2026-08-16,2026-08-20,3840,2,https://www.poder360.com.br/poder-eleicoes-2026/lula-tem-475-contra-411-de-flavio-no-2o-turno-diz-pesquisa/,Abril,42.7,,,,,43.6,,,,,,,,,,,,,,,,,,,,,,,,,,,,,,,,,,,,,,
verita-2026-08-20-11,Veritá,2026-08-16,2026-08-20,3840,2,https://www.poder360.com.br/poder-eleicoes-2026/lula-tem-475-contra-411-de-flavio-no-2o-turno-diz-pesquisa/,Março,42,47.3,,,,,,,,,,,,,,,,,,,,,,,,,,,,,,,,,,,,,,,,,,
verita-2026-08-20-12,Veritá,2026-08-16,2026-08-20,3840,2,https://www.poder360.com.br/poder-eleicoes-2026/lula-tem-475-contra-411-de-flavio-no-2o-turno-diz-pesquisa/,Janeiro - Fevereiro,42,47.3,,,,,,,,,,,,,,,,,,,,,,,,,,,,,,,,,,,,,,,,,,
parana-pesquisas-2026-08-21,Paraná Pesquisas,2026-08-17,2026-08-21,2020,2.2,,Setembro,35.5,,7.2,,,,,15.8,11.4,,,,,,,,,,,,,,,,,,,,,,,,,7.5,,1.6,,,,,,,,
parana-pesquisas-2026-08-21-2,Paraná Pesquisas,2026-08-17,2026-08-21,2020,2.2,,Agosto,35.5,,7.2,,,,,15.8,11.4,,,,,,,,,,,,,,,,,,,,,,,,,7.5,,1.6,,,,,,,,
parana-pesquisas-2026-08-21-3,Paraná Pesquisas,2026-08-17,2026-08-21,2020,2.2,,Julho,35.5,,7.2,,,,,15.8,11.4,,,,,,,,,,,,,,,,,,,,,,,,,7.5,,1.6,,,,,,,,
parana-pesquisas-2026-08-21-4,Paraná Pesquisas,2026-08-17,2026-08-21,2020,2.2,,Junho,35.5,,7.2,,,,,15.8,11.4,,,,,,,,,,,,,,,,,,,,,,,,,7.5,,1.6,,,,,,,,
parana-pesquisas-2026-08-21-5,Paraná Pesquisas,2026-08-17,2026-08-21,2020,2.2,,Maio,35.5,,7.2,,,,,15.8,11.4,,,,,,,,,,,,,,,,,,,,,,,,,7.5,,1.6,,,,,,,,
parana-pesquisas-2026-08-21-6,Paraná Pesquisas,2026-08-17,2026-08-21,2020,2.2,,Abril,41.5,,,,,,,,,,,,,,44.4,,,,,,,,,,,,,,,,,,,,,,,,,,,,,
parana-pesquisas-2026-08-21-7,Paraná Pesquisas,2026-08-17,2026-08-21,2020,2.2,,Abril,43.4,,,,,,,,,,,,,,,,,,,42.3,,,,,,,,,,,,,,,,,,,,,,,,
parana-pesquisas-2026-08-21-8,Paraná Pesquisas,2026-08-17,2026-08-21,2020,2.2,,Abril,41.9,,,,,,,,,,41.9,,,,,,,,,,,,,,,,,,,,,,,,,,,,,,,,,
indexa-2026-08-23,Indexa,2026-08-20,2026-08-23,2000,2.2,,Setembro,39,33,5,4,1,2,0,,,,,0,,0,,0,0,,,,,,0,0,,,,,,,,,,,,,,,,,,,,
indexa-2026-08-23-2,Indexa,2026-08-20,2026-08-23,2000,2.2,,Agosto,39,33,5,4,1,2,0,,,,,0,,0,,0,0,,,,,,0,0,,,,,,,,,,,,,,,,,,,,
indexa-2026-08-23-3,Indexa,2026-08-20,2026-08-23,2000,2.2,,Julho,39,33,5,4,1,2,0,,,,,0,,0,,0,0,,,,,,0,0,,,,,,,,,,,,,,,,,,,,
indexa-2026-08-23-4,Indexa,2026-08-20,2026-08-23,2000,2.2,,Junho,39,33,5,4,1,2,0,,,,,0,,0,,0,0,,,,,,0,0,,,,,,,,,,,,,,,,,,,,
indexa-2026-08-23-5,Indexa,2026-08-20,2026-08-23,2000,2.2,,Maio,39,33,5,4,1,2,0,,,,,0,,0,,0,0,,,,,,0,0,,,,,,,,,,,,,,,,,,,,
indexa-2026-08-23-6,Indexa,2026-08-20,2026-08-23,2000,2.2,,Abril,46,41,,,,,,,,,,,,,,,,,,,,,,,,,,,,,,,,,,,,,,,,,,
indexa-2026-08-23-7,Indexa,2026-08-20,2026-08-23,2000,2.2,,Abril,45,,,,34,,,,,,,,,,,,,,,,,,,,,,,,,,,,,,,,,,,,,,,
indexa-2026-08-23-8,Indexa,2026-08-20,2026-08-23,2000,2.2,,Abril,44,,38,,,,,,,,,,,,,,,,,,,,,,,,,,,,,,,,,,,,,,,,,
indexa-2026-08-23-9,Indexa,2026-08-20,2026-08-23,2000,2.2,,Abril,46,,,34,,,,,,,,,,,,,,,,,,,,,,,,,,,,,,,,,,,,,,,,
indexa-2026-08-23-10,Indexa,2026-08-20,2026-08-23,2000,2.2,,Março,46,41,,,,,,,,,,,,,,,,,,,,,,,,,,,,,,,,,,,,,,,,,,
indexa-2026-08-23-11,Indexa,2026-08-20,2026-08-23,2000,2.2,,Janeiro - Fevereiro,46,41,,,,,,,,,,,,,,,,,,,,,,,,,,,,,,,,,,,,,,,,,,
nexus-btg-pactual-2026-08-23,Nexus/BTG Pactual,2026-08-21,2026-08-23,2006,2,,Setembro,40,34,5,3,2,4,2,,,,,1,,1,,0,0,,,,,,1,0,,,,,,,,,,,,,,,,,,,,
nexus-btg-pactual-2026-08-23-2,Nexus/BTG Pactual,2026-08-21,2026-08-23,2006,2,,Agosto,40,34,5,3,2,4,2,,,,,1,,1,,0,0,,,,,,1,0,,,,,,,,,,,,,,,,,,,,
nexus-btg-pactual-2026-08-23-3,Nexus/BTG Pactual,2026-08-21,2026-08-23,2006,2,,Julho,40,34,5,3,2,4,2,,,,,1,,1,,0,0,,,,,,1,0,,,,,,,,,,,,,,,,,,,,
nexus-btg-pactual-2026-08-23-4,Nexus/BTG Pactual,2026-08-21,2026-08-23,2006,2,,Junho,40,34,5,3,2,4,2,,,,,1,,1,,0,0,,,,,,1,0,,,,,,,,,,,,,,,,,,,,
nexus-btg-pactual-2026-08-23-5,Nexus/BTG Pactual,2026-08-21,2026-08-23,2006,2,,Maio,40,34,5,3,2,4,2,,,,,1,,1,,0,0,,,,,,1,0,,,,,,,,,,,,,,,,,,,,
nexus-btg-pactual-2026-08-23-6,Nexus/BTG Pactual,2026-08-21,2026-08-23,2006,2,,Abril,46,45,,,,,,,,,,,,,,,,,,,,,,,,,,,,,,,,,,,,,,,,,,
nexus-btg-pactual-2026-08-23-7,Nexus/BTG Pactual,2026-08-21,2026-08-23,2006,2,,Abril,47,,,,40,,,,,,,,,,,,,,,,,,,,,,,,,,,,,,,,,,,,,,,
nexus-btg-pactual-2026-08-23-8,Nexus/BTG Pactual,2026-08-21,2026-08-23,2006,2,,Abril,46,,42,,,,,,,,,,,,,,,,,,,,,,,,,,,,,,,,,,,,,,,,,
nexus-btg-pactual-2026-08-23-9,Nexus/BTG Pactual,2026-08-21,2026-08-23,2006,2,,Abril,47,,,35,,,,,,,,,,,,,,,,,,,,,,,,,,,,,,,,,,,,,,,,
nexus-btg-pactual-2026-08-23-10,Nexus/BTG Pactual,2026-08-21,2026-08-23,2006,2,,Março,46,45,,,,,,,,,,,,,,,,,,,,,,,,,,,,,,,,,,,,,,,,,,
nexus-btg-pactual-2026-08-23-11,Nexus/BTG Pactual,2026-08-21,2026-08-23,2006,2,,Janeiro - Fevereiro,46,45,,,,,,,,,,,,,,,,,,,,,,,,,,,,,,,,,,,,,,,,,,
atlasintel-2026-08-25,AtlasIntel,2026-08-20,2026-08-25,6238,1,https://atlasintel.org/polls/latam-pulse,Setembro,,,3.1,,4.1,3,,4.3,7.5,,32.2,,,,,,,,,,36.2,,,,,,,,,,,,,,,,,,,,,,,
atlasintel-2026-08-25-2,AtlasIntel,2026-08-20,2026-08-25,6238,1,https://atlasintel.org/polls/latam-pulse,Agosto,,,3.1,,4.1,3,,4.3,7.5,,32.2,,,,,,,,,,36.2,,,,,,,,,,,,,,,,,,,,,,,
atlasintel-2026-08-25-3,AtlasIntel,2026-08-20,2026-08-25,6238,1,https://atlasintel.org/polls/latam-pulse,Julho,,,3.1,,4.1,3,,4.3,7.5,,32.2,,,,,,,,,,36.2,,,,,,,,,,,,,,,,,,,,,,,
atlasintel-2026-08-25-4,AtlasIntel,2026-08-20,2026-08-25,6238,1,https://atlasintel.org/polls/latam-pulse,Junho,,,3.1,,4.1,3,,4.3,7.5,,32.2,,,,,,,,,,36.2,,,,,,,,,,,,,,,,,,,,,,,
atlasintel-2026-08-25-5,AtlasIntel,2026-08-20,2026-08-25,6238,1,https://atlasintel.org/polls/latam-pulse,Maio,,,3.1,,4.1,3,,4.3,7.5,,32.2,,,,,,,,,,36.2,,,,,,,,,,,,,,,,,,,,,,,
atlasintel-2026-08-25-6,AtlasIntel,2026-08-20,2026-08-25,6238,1,https://atlasintel.org/polls/latam-pulse,Abril,47.1,,,,40.9,,,,,,,,,,,,,,,,,,,,,,,,,,,,,,,,,,,,,,,
atlasintel-2026-08-25-7,AtlasIntel,2026-08-20,2026-08-25,6238,1,https://atlasintel.org/polls/latam-pulse,Abril,46.7,,40.3,,,,,,,,,,,,,,,,,,,,,,,,,,,,,,,,,,,,,,,,,
atlasintel-2026-08-25-8,AtlasIntel,2026-08-20,2026-08-25,6238,1,https://atlasintel.org/polls/latam-pulse,Abril,48.3,,,,,,,,,,,,,,48.3,,,,,,,,,,,,,,,,,,,,,,,,,,,,,
atlasintel-2026-08-25-9,AtlasIntel,2026-08-20,2026-08-25,6238,1,https://atlasintel.org/polls/latam-pulse,Abril,48.8,,,,,,,,,,,,,,,,,,,47.9,,,,,,,,,,,,,,,,,,,,,,,,
atlasintel-2026-08-25-10,AtlasIntel,2026-08-20,2026-08-25,6238,1,https://atlasintel.org/polls/latam-pulse,Abril,46.6,,,,,,,,,,48.4,,,,,,,,,,,,,,,,,,,,,,,,,,,,,,,,,
atlasintel-2026-08-25-11,AtlasIntel,2026-08-20,2026-08-25,6238,1,https://atlasintel.org/polls/latam-pulse,Abril,46.9,,,,,,,41.1,,,,,,,,,,,,,,,,,,,,,,,,,,,,,,,,,,,,
atlasintel-2026-08-25-12,AtlasIntel,2026-08-20,2026-08-25,6238,1,https://atlasintel.org/polls/latam-pulse,Abril,47.2,,,,,,,,,,,,,,,,,,24.9,,,,,,,,,,,,,,,,,,,,,,,,,
gerp-2026-08-25,Gerp,2026-08-21,2026-08-25,2400,2,,Setembro,37,38,3,3,1,4,1,,,,,0,,0,,,0,,,,,,0,0,,,,,,,,,,,,,,,,,,,,
gerp-2026-08-25-2,Gerp,2026-08-21,2026-08-25,2400,2,,Agosto,37,38,3,3,1,4,1,,,,,0,,0,,,0,,,,,,0,0,,,,,,,,,,,,,,,,,,,,
gerp-2026-08-25-3,Gerp,2026-08-21,2026-08-25,2400,2,,Julho,37,38,3,3,1,4,1,,,,,0,,0,,,0,,,,,,0,0,,,,,,,,,,,,,,,,,,,,
gerp-2026-08-25-4,Gerp,2026-08-21,2026-08-25,2400,2,,Junho,37,38,3,3,1,4,1,,,,,0,,0,,,0,,,,,,0,0,,,,,,,,,,,,,,,,,,,,
gerp-2026-08-25-5,Gerp,2026-08-21,2026-08-25,2400,2,,Maio,37,38,3,3,1,4,1,,,,,0,,0,,,0,,,,,,0,0,,,,,,,,,,,,,,,,,,,,
gerp-2026-08-25-6,Gerp,2026-08-21,2026-08-25,2400,2,,Abril,42,47,,,,,,,,,,,,,,,,,,,,,,,,,,,,,,,,,,,,,,,,,,
gerp-2026-08-25-7,Gerp,2026-08-21,2026-08-25,2400,2,,Março,42,47,,,,,,,,,,,,,,,,,,,,,,,,,,,,,,,,,,,,,,,,,,
gerp-2026-08-25-8,Gerp,2026-08-21,2026-08-25,2400,2,,Janeiro - Fevereiro,42,47,,,,,,,,,,,,,,,,,,,,,,,,,,,,,,,,,,,,,,,,,,
poderdata-2026-08-26,PoderData,2026-08-23,2026-08-26,2400,2,https://g1.globo.com/politica/eleicoes/2026/pesquisa-eleitoral/noticia/2026/08/21/datafolha-segundo-turno-21-agosto.ghtml,Setembro,38,35,4,4,2,3,4,,,,,1,,0,,2,1,,,,,,0,0,,,,,,,,,,,,,,,,,,,,
poderdata-2026-08-26-2,PoderData,2026-08-23,2026-08-26,2400,2,https://g1.globo.com/politica/eleicoes/2026/pesquisa-eleitoral/noticia/2026/08/21/datafolha-segundo-turno-21-agosto.ghtml,Agosto,38,35,4,4,2,3,4,,,,,1,,0,,2,1,,,,,,0,0,,,,,,,,,,,,,,,,,,,,
poderdata-2026-08-26-3,PoderData,2026-08-23,2026-08-26,2400,2,https://g1.globo.com/politica/eleicoes/2026/pesquisa-eleitoral/noticia/2026/08/21/datafolha-segundo-turno-21-agosto.ghtml,Julho,38,35,4,4,2,3,4,,,,,1,,0,,2,1,,,,,,0,0,,,,,,,,,,,,,,,,,,,,
poderdata-2026-08-26-4,PoderData,2026-08-23,2026-08-26,2400,2,https://g1.globo.com/politica/eleicoes/2026/pesquisa-eleitoral/noticia/2026/08/21/datafolha-segundo-turno-21-agosto.ghtml,Junho,38,35,4,4,2,3,4,,,,,1,,0,,2,1,,,,,,0,0,,,,,,,,,,,,,,,,,,,,
poderdata-2026-08-26-5,PoderData,2026-08-23,2026-08-26,2400,2,https://g1.globo.com/politica/eleicoes/2026/pesquisa-eleitoral/noticia/2026/08/21/datafolha-segundo-turno-21-agosto.ghtml,Maio,38,35,4,4,2,3,4,,,,,1,,0,,2,1,,,,,,0,0,,,,,,,,,,,,,,,,,,,,
poderdata-2026-08-26-6,PoderData,2026-08-23,2026-08-26,2400,2,https://g1.globo.com/politica/eleicoes/2026/pesquisa-eleitoral/noticia/2026/08/21/datafolha-segundo-turno-21-agosto.ghtml,Abril,45,44,,,,,,,,,,,,,,,,,,,,,,,,,,,,,,,,,,,,,,,,,,
poderdata-2026-08-26-7,PoderData,2026-08-23,2026-08-26,2400,2,https://g1.globo.com/politica/eleicoes/2026/pesquisa-eleitoral/noticia/2026/08/21/datafolha-segundo-turno-21-agosto.ghtml,Abril,44,,,,43,,,,,,,,,,,,,,,,,,,,,,,,,,,,,,,,,,,,,,,
poderdata-2026-08-26-8,PoderData,2026-08-23,2026-08-26,2400,2,https://g1.globo.com/politica/eleicoes/2026/pesquisa-eleitoral/noticia/2026/08/21/datafolha-segundo-turno-21-agosto.ghtml,Abril,43,,44,,,,,,,,,,,,,,,,,,,,,,,,,,,,,,,,,,,,,,,,,
poderdata-2026-08-26-9,PoderData,2026-08-23,2026-08-26,2400,2,https://g1.globo.com/politica/eleicoes/2026/pesquisa-eleitoral/noticia/2026/08/21/datafolha-segundo-turno-21-agosto.ghtml,Abril,44,,,37,,,,,,,,,,,,,,,,,,,,,,,,,,,,,,,,,,,,,,,,
poderdata-2026-08-26-10,PoderData,2026-08-23,2026-08-26,2400,2,https://g1.globo.com/politica/eleicoes/2026/pesquisa-eleitoral/noticia/2026/08/21/datafolha-segundo-turno-21-agosto.ghtml,Março,45,44,,,,,,,,,,,,,,,,,,,,,,,,,,,,,,,,,,,,,,,,,,
poderdata-2026-08-26-11,PoderData,2026-08-23,2026-08-26,2400,2,https://g1.globo.com/politica/eleicoes/2026/pesquisa-eleitoral/noticia/2026/08/21/datafolha-segundo-turno-21-agosto.ghtml,Janeiro - Fevereiro,45,44,,,,,,,,,,,,,,,,,,,,,,,,,,,,,,,,,,,,,,,,,,
gerp-2026-08-27,Gerp,2026-08-22,2026-08-27,2000,2.24,https://exame.com/brasil/lula-perde-para-bolsonaro-tarcisio-e-michelle-e-empata-com-outros-6-nomes-diz-pesquisa-gerp/,Setembro,,,5,,6,7,,8,13,,,,,,,,,,,,,19,,,,,,,,,15,,,,,,,,,,,,,
gerp-2026-08-27-2,Gerp,2026-08-22,2026-08-27,2000,2.24,https://exame.com/brasil/lula-perde-para-bolsonaro-tarcisio-e-michelle-e-empata-com-outros-6-nomes-diz-pesquisa-gerp/,Agosto,,,5,,6,7,,8,13,,,,,,,,,,,,,19,,,,,,,,,15,,,,,,,,,,,,,
gerp-2026-08-27-3,Gerp,2026-08-22,2026-08-27,2000,2.24,https://exame.com/brasil/lula-perde-para-bolsonaro-tarcisio-e-michelle-e-empata-com-outros-6-nomes-diz-pesquisa-gerp/,Julho,,,5,,6,7,,8,13,,,,,,,,,,,,,19,,,,,,,,,15,,,,,,,,,,,,,
gerp-2026-08-27-4,Gerp,2026-08-22,2026-08-27,2000,2.24,https://exame.com/brasil/lula-perde-para-bolsonaro-tarcisio-e-michelle-e-empata-com-outros-6-nomes-diz-pesquisa-gerp/,Junho,,,5,,6,7,,8,13,,,,,,,,,,,,,19,,,,,,,,,15,,,,,,,,,,,,,
gerp-2026-08-27-5,Gerp,2026-08-22,2026-08-27,2000,2.24,https://exame.com/brasil/lula-perde-para-bolsonaro-tarcisio-e-michelle-e-empata-com-outros-6-nomes-diz-pesquisa-gerp/,Maio,,,5,,6,7,,8,13,,,,,,,,,,,,,19,,,,,,,,,15,,,,,,,,,,,,,
gerp-2026-08-27-6,Gerp,2026-08-22,2026-08-27,2000,2.24,https://exame.com/brasil/lula-perde-para-bolsonaro-tarcisio-e-michelle-e-empata-com-outros-6-nomes-diz-pesquisa-gerp/,Abril,39,,,,36,,,,,,,,,,,,,,,,,,,,,,,,,,,,,,,,,,,,,,,
gerp-2026-08-27-7,Gerp,2026-08-22,2026-08-27,2000,2.24,https://exame.com/brasil/lula-perde-para-bolsonaro-tarcisio-e-michelle-e-empata-com-outros-6-nomes-diz-pesquisa-gerp/,Abril,38,,36,,,,,,,,,,,,,,,,,,,,,,,,,,,,,,,,,,,,,,,,,
gerp-2026-08-27-8,Gerp,2026-08-22,2026-08-27,2000,2.24,https://exame.com/brasil/lula-perde-para-bolsonaro-tarcisio-e-michelle-e-empata-com-outros-6-nomes-diz-pesquisa-gerp/,Abril,38,,,,,,,,,,,,,,49,,,,,,,,,,,,,,,,,,,,,,,,,,,,,
gerp-2026-08-27-9,Gerp,2026-08-22,2026-08-27,2000,2.24,https://exame.com/brasil/lula-perde-para-bolsonaro-tarcisio-e-michelle-e-empata-com-outros-6-nomes-diz-pesquisa-gerp/,Abril,37,,,,,,,,,,,,,,,,,,,48,,,,,,,,,,,,,,,,,,,,,,,,
gerp-2026-08-27-10,Gerp,2026-08-22,2026-08-27,2000,2.24,https://exame.com/brasil/lula-perde-para-bolsonaro-tarcisio-e-michelle-e-empata-com-outros-6-nomes-diz-pesquisa-gerp/,Abril,37,,,,,,,,,,46,,,,,,,,,,,,,,,,,,,,,,,,,,,,,,,,,
gerp-2026-08-27-11,Gerp,2026-08-22,2026-08-27,2000,2.24,https://exame.com/brasil/lula-perde-para-bolsonaro-tarcisio-e-michelle-e-empata-com-outros-6-nomes-diz-pesquisa-gerp/,Abril,39,,,,,,,,,,,,,,,,,,,,,43,,,,,,,,,,,,,,,,,,,,,,
gerp-2026-08-27-12,Gerp,2026-08-22,2026-08-27,2000,2.24,https://exame.com/brasil/lula-perde-para-bolsonaro-tarcisio-e-michelle-e-empata-com-outros-6-nomes-diz-pesquisa-gerp/,Abril,36,,,,,,,40,,,,,,,,,,,,,,,,,,,,,,,,,,,,,,,,,,,,
gerp-2026-08-27-13,Gerp,2026-08-22,2026-08-27,2000,2.24,https://exame.com/brasil/lula-perde-para-bolsonaro-tarcisio-e-michelle-e-empata-com-outros-6-nomes-diz-pesquisa-gerp/,Abril,34,,,,,,,,38,,,,,,,,,,,,,,,,,,,,,,,,,,,,,,,,,,,
gerp-2026-08-27-14,Gerp,2026-08-22,2026-08-27,2000,2.24,https://exame.com/brasil/lula-perde-para-bolsonaro-tarcisio-e-michelle-e-empata-com-outros-6-nomes-diz-pesquisa-gerp/,Abril,38,,,,,35,,,,,,,,,,,,,,,,,,,,,,,,,,,,,,,,,,,,,,
vox-brasil-2026-08-27,Vox Brasil,2026-08-25,2026-08-27,2100,2.15,,Setembro,37.1,34.8,5,3.3,2.8,2,2.6,,,,,0.1,,0.2,,0.1,0.5,,,,,,0.8,0.4,,,,,,,,,,,,,,,,,,,,
vox-brasil-2026-08-27-2,Vox Brasil,2026-08-25,2026-08-27,2100,2.15,,Agosto,37.1,34.8,5,3.3,2.8,2,2.6,,,,,0.1,,0.2,,0.1,0.5,,,,,,0.8,0.4,,,,,,,,,,,,,,,,,,,,
vox-brasil-2026-08-27-3,Vox Brasil,2026-08-25,2026-08-27,2100,2.15,,Julho,37.1,34.8,5,3.3,2.8,2,2.6,,,,,0.1,,0.2,,0.1,0.5,,,,,,0.8,0.4,,,,,,,,,,,,,,,,,,,,
vox-brasil-2026-08-27-4,Vox Brasil,2026-08-25,2026-08-27,2100,2.15,,Junho,37.1,34.8,5,3.3,2.8,2,2.6,,,,,0.1,,0.2,,0.1,0.5,,,,,,0.8,0.4,,,,,,,,,,,,,,,,,,,,
vox-brasil-2026-08-27-5,Vox Brasil,2026-08-25,2026-08-27,2100,2.15,,Maio,37.1,34.8,5,3.3,2.8,2,2.6,,,,,0.1,,0.2,,0.1,0.5,,,,,,0.8,0.4,,,,,,,,,,,,,,,,,,,,
vox-brasil-2026-08-27-6,Vox Brasil,2026-08-25,2026-08-27,2100,2.15,,Abril,44.5,45.1,,,,,,,,,,,,,,,,,,,,,,,,,,,,,,,,,,,,,,,,,,
vox-brasil-2026-08-27-7,Vox Brasil,2026-08-25,2026-08-27,2100,2.15,,Abril,45.5,,,,39.3,,,,,,,,,,,,,,,,,,,,,,,,,,,,,,,,,,,,,,,
vox-brasil-2026-08-27-8,Vox Brasil,2026-08-25,2026-08-27,2100,2.15,,Abril,45.5,,41.1,,,,,,,,,,,,,,,,,,,,,,,,,,,,,,,,,,,,,,,,,
vox-brasil-2026-08-27-9,Vox Brasil,2026-08-25,2026-08-27,2100,2.15,,Março,44.5,45.1,,,,,,,,,,,,,,,,,,,,,,,,,,,,,,,,,,,,,,,,,,
vox-brasil-2026-08-27-10,Vox Brasil,2026-08-25,2026-08-27,2100,2.15,,Janeiro - Fevereiro,44.5,45.1,,,,,,,,,,,,,,,,,,,,,,,,,,,,,,,,,,,,,,,,,,
atlasintel-2026-08-30,AtlasIntel,2026-08-25,2026-08-30,5014,2,https://www.poder360.com.br/poder-eleicoes/lula-tem-468-e-flavio-381-no-2o-turno-diz-pesquisa/,Setembro,43.4,33.7,3.3,7.6,1,1.9,7.8,,,,,0.9,,0.1,,,,,,,,,,0.1,,,,,,,,,,,,,,,,,,,,
atlasintel-2026-08-30-2,AtlasIntel,2026-08-25,2026-08-30,5014,2,https://www.poder360.com.br/poder-eleicoes/lula-tem-468-e-flavio-381-no-2o-turno-diz-pesquisa/,Agosto,43.4,33.7,3.3,7.6,1,1.9,7.8,,,,,0.9,,0.1,,,,,,,,,,0.1,,,,,,,,,,,,,,,,,,,,
atlasintel-2026-08-30-3,AtlasIntel,2026-08-25,2026-08-30,5014,2,https://www.poder360.com.br/poder-eleicoes/lula-tem-468-e-flavio-381-no-2o-turno-diz-pesquisa/,Julho,43.4,33.7,3.3,7.6,1,1.9,7.8,,,,,0.9,,0.1,,,,,,,,,,0.1,,,,,,,,,,,,,,,,,,,,
atlasintel-2026-08-30-4,AtlasIntel,2026-08-25,2026-08-30,5014,2,https://www.poder360.com.br/poder-eleicoes/lula-tem-468-e-flavio-381-no-2o-turno-diz-pesquisa/,Junho,43.4,33.7,3.3,7.6,1,1.9,7.8,,,,,0.9,,0.1,,,,,,,,,,0.1,,,,,,,,,,,,,,,,,,,,
atlasintel-2026-08-30-5,AtlasIntel,2026-08-25,2026-08-30,5014,2,https://www.poder360.com.br/poder-eleicoes/lula-tem-468-e-flavio-381-no-2o-turno-diz-pesquisa/,Maio,43.4,33.7,3.3,7.6,1,1.9,7.8,,,,,0.9,,0.1,,,,,,,,,,0.1,,,,,,,,,,,,,,,,,,,,
atlasintel-2026-08-30-6,AtlasIntel,2026-08-25,2026-08-30,5014,2,https://www.poder360.com.br/poder-eleicoes/lula-tem-468-e-flavio-381-no-2o-turno-diz-pesquisa/,Abril,47.1,42.6,,,,,,,,,,,,,,,,,,,,,,,,,,,,,,,,,,,,,,,,,,
atlasintel-2026-08-30-7,AtlasIntel,2026-08-25,2026-08-30,5014,2,https://www.poder360.com.br/poder-eleicoes/lula-tem-468-e-flavio-381-no-2o-turno-diz-pesquisa/,Abril,47,,,,40.7,,,,,,,,,,,,,,,,,,,,,,,,,,,,,,,,,,,,,,,
atlasintel-2026-08-30-8,AtlasIntel,2026-08-25,2026-08-30,5014,2,https://www.poder360.com.br/poder-eleicoes/lula-tem-468-e-flavio-381-no-2o-turno-diz-pesquisa/,Abril,46.6,,41,,,,,,,,,,,,,,,,,,,,,,,,,,,,,,,,,,,,,,,,,
atlasintel-2026-08-30-9,AtlasIntel,2026-08-25,2026-08-30,5014,2,https://www.poder360.com.br/poder-eleicoes/lula-tem-468-e-flavio-381-no-2o-turno-diz-pesquisa/,Abril,47.5,,,26,,,,,,,,,,,,,,,,,,,,,,,,,,,,,,,,,,,,,,,,
atlasintel-2026-08-30-10,AtlasIntel,2026-08-25,2026-08-30,5014,2,https://www.poder360.com.br/poder-eleicoes/lula-tem-468-e-flavio-381-no-2o-turno-diz-pesquisa/,Abril,46.8,,,,,,,,,,,,,,44.1,,,,,,,,,,,,,,,,,,,,,,,,,,,,,
atlasintel-2026-08-30-11,AtlasIntel,2026-08-25,2026-08-30,5014,2,https://www.poder360.com.br/poder-eleicoes/lula-tem-468-e-flavio-381-no-2o-turno-diz-pesquisa/,Março,47.1,42.6,,,,,,,,,,,,,,,,,,,,,,,,,,,,,,,,,,,,,,,,,,
atlasintel-2026-08-30-12,AtlasIntel,2026-08-25,2026-08-30,5014,2,https://www.poder360.com.br/poder-eleicoes/lula-tem-468-e-flavio-381-no-2o-turno-diz-pesquisa/,Janeiro - Fevereiro,47.1,42.6,,,,,,,,,,,,,,,,,,,,,,,,,,,,,,,,,,,,,,,,,,
nexus-btg-pactual-2026-08-30,Nexus/BTG Pactual,2026-08-28,2026-08-30,2005,2,https://www.poder360.com.br/poder-eleicoes-2026/flavio-e-lula-empatam-no-2o-turno-diz-pesquisa-3/,Setembro,37,31,6,3,2,3,11,,,,,1,,0,,0,0,,,,,,0,1,,,,,,,,,,,,,,,,,,,,
nexus-btg-pactual-2026-08-30-2,Nexus/BTG Pactual,2026-08-28,2026-08-30,2005,2,https://www.poder360.com.br/poder-eleicoes-2026/flavio-e-lula-empatam-no-2o-turno-diz-pesquisa-3/,Agosto,37,31,6,3,2,3,11,,,,,1,,0,,0,0,,,,,,0,1,,,,,,,,,,,,,,,,,,,,
nexus-btg-pactual-2026-08-30-3,Nexus/BTG Pactual,2026-08-28,2026-08-30,2005,2,https://www.poder360.com.br/poder-eleicoes-2026/flavio-e-lula-empatam-no-2o-turno-diz-pesquisa-3/,Julho,37,31,6,3,2,3,11,,,,,1,,0,,0,0,,,,,,0,1,,,,,,,,,,,,,,,,,,,,
nexus-btg-pactual-2026-08-30-4,Nexus/BTG Pactual,2026-08-28,2026-08-30,2005,2,https://www.poder360.com.br/poder-eleicoes-2026/flavio-e-lula-empatam-no-2o-turno-diz-pesquisa-3/,Junho,37,31,6,3,2,3,11,,,,,1,,0,,0,0,,,,,,0,1,,,,,,,,,,,,,,,,,,,,
nexus-btg-pactual-2026-08-30-5,Nexus/BTG Pactual,2026-08-28,2026-08-30,2005,2,https://www.poder360.com.br/poder-eleicoes-2026/flavio-e-lula-empatam-no-2o-turno-diz-pesquisa-3/,Maio,37,31,6,3,2,3,11,,,,,1,,0,,0,0,,,,,,0,1,,,,,,,,,,,,,,,,,,,,
nexus-btg-pactual-2026-08-30-6,Nexus/BTG Pactual,2026-08-28,2026-08-30,2005,2,https://www.poder360.com.br/poder-eleicoes-2026/flavio-e-lula-empatam-no-2o-turno-diz-pesquisa-3/,Abril,46,45,,,,,,,,,,,,,,,,,,,,,,,,,,,,,,,,,,,,,,,,,,
nexus-btg-pactual-2026-08-30-7,Nexus/BTG Pactual,2026-08-28,2026-08-30,2005,2,https://www.poder360.com.br/poder-eleicoes-2026/flavio-e-lula-empatam-no-2o-turno-diz-pesquisa-3/,Abril,46,,,,41,,,,,,,,,,,,,,,,,,,,,,,,,,,,,,,,,,,,,,,
nexus-btg-pactual-2026-08-30-8,Nexus/BTG Pactual,2026-08-28,2026-08-30,2005,2,https://www.poder360.com.br/poder-eleicoes-2026/flavio-e-lula-empatam-no-2o-turno-diz-pesquisa-3/,Abril,45,,44,,,,,,,,,,,,,,,,,,,,,,,,,,,,,,,,,,,,,,,,,
nexus-btg-pactual-2026-08-30-9,Nexus/BTG Pactual,2026-08-28,2026-08-30,2005,2,https://www.poder360.com.br/poder-eleicoes-2026/flavio-e-lula-empatam-no-2o-turno-diz-pesquisa-3/,Abril,47,,,38,,,,,,,,,,,,,,,,,,,,,,,,,,,,,,,,,,,,,,,,
nexus-btg-pactual-2026-08-30-10,Nexus/BTG Pactual,2026-08-28,2026-08-30,2005,2,https://www.poder360.com.br/poder-eleicoes-2026/flavio-e-lula-empatam-no-2o-turno-diz-pesquisa-3/,Março,46,45,,,,,,,,,,,,,,,,,,,,,,,,,,,,,,,,,,,,,,,,,,
nexus-btg-pactual-2026-08-30-11,Nexus/BTG Pactual,2026-08-28,2026-08-30,2005,2,https://www.poder360.com.br/poder-eleicoes-2026/flavio-e-lula-empatam-no-2o-turno-diz-pesquisa-3/,Janeiro - Fevereiro,46,45,,,,,,,,,,,,,,,,,,,,,,,,,,,,,,,,,,,,,,,,,,
real-time-big-data-2026-08-30,Real Time Big Data,2026-08-28,2026-08-30,2500,3,,Setembro,,,7,3,14,,,,,,,,,,,,,,,,22,,,,,,,,,,,,,,22,,,,,,,,,
real-time-big-data-2026-08-30-2,Real Time Big Data,2026-08-28,2026-08-30,2500,3,,Agosto,,,7,3,14,,,,,,,,,,,,,,,,22,,,,,,,,,,,,,,22,,,,,,,,,
real-time-big-data-2026-08-30-3,Real Time Big Data,2026-08-28,2026-08-30,2500,3,,Julho,,,7,3,14,,,,,,,,,,,,,,,,22,,,,,,,,,,,,,,22,,,,,,,,,
real-time-big-data-2026-08-30-4,Real Time Big Data,2026-08-28,2026-08-30,2500,3,,Junho,,,7,3,14,,,,,,,,,,,,,,,,22,,,,,,,,,,,,,,22,,,,,,,,,
real-time-big-data-2026-08-30-5,Real Time Big Data,2026-08-28,2026-08-30,2500,3,,Maio,,,7,3,14,,,,,,,,,,,,,,,,22,,,,,,,,,,,,,,22,,,,,,,,,
ibespe-2026-09-04,Ibespe,2026-09-01,2026-09-04,1008,3.1,,Setembro,31.2,,,,,,,,15.5,,22.1,,,,,,,,,,,14.5,,,,,,,,,,,,,,,,,,,,,,
ibespe-2026-09-04-2,Ibespe,2026-09-01,2026-09-04,1008,3.1,,Agosto,31.2,,,,,,,,15.5,,22.1,,,,,,,,,,,14.5,,,,,,,,,,,,,,,,,,,,,,
ibespe-2026-09-04-3,Ibespe,2026-09-01,2026-09-04,1008,3.1,,Julho,31.2,,,,,,,,15.5,,22.1,,,,,,,,,,,14.5,,,,,,,,,,,,,,,,,,,,,,
ibespe-2026-09-04-4,Ibespe,2026-09-01,2026-09-04,1008,3.1,,Junho,31.2,,,,,,,,15.5,,22.1,,,,,,,,,,,14.5,,,,,,,,,,,,,,,,,,,,,,
ibespe-2026-09-04-5,Ibespe,2026-09-01,2026-09-04,1008,3.1,,Maio,31.2,,,,,,,,15.5,,22.1,,,,,,,,,,,14.5,,,,,,,,,,,,,,,,,,,,,,
cnt-mda-2026-09-06,CNT/MDA,2026-09-03,2026-09-06,2002,2.2,https://www.poder360.com.br/poder-pesquisas/cnt-mda-lula-tem-362-e-bolsonaro-297-em-disputa-pelo-planalto/,Setembro,37.1,,4.5,,4.2,,,10.9,12.3,,,,,,,,,,,,,14.6,,,,,,,,,,,,,,,,,,,,,,
cnt-mda-2026-09-06-2,CNT/MDA,2026-09-03,2026-09-06,2002,2.2,https://www.poder360.com.br/poder-pesquisas/cnt-mda-lula-tem-362-e-bolsonaro-297-em-disputa-pelo-planalto/,Agosto,37.1,,4.5,,4.2,,,10.9,12.3,,,,,,,,,,,,,14.6,,,,,,,,,,,,,,,,,,,,,,
cnt-mda-2026-09-06-3,CNT/MDA,2026-09-03,2026-09-06,2002,2.2,https://www.poder360.com.br/poder-pesquisas/cnt-mda-lula-tem-362-e-bolsonaro-297-em-disputa-pelo-planalto/,Julho,37.1,,4.5,,4.2,,,10.9,12.3,,,,,,,,,,,,,14.6,,,,,,,,,,,,,,,,,,,,,,
cnt-mda-2026-09-06-4,CNT/MDA,2026-09-03,2026-09-06,2002,2.2,https://www.poder360.com.br/poder-pesquisas/cnt-mda-lula-tem-362-e-bolsonaro-297-em-disputa-pelo-planalto/,Junho,37.1,,4.5,,4.2,,,10.9,12.3,,,,,,,,,,,,,14.6,,,,,,,,,,,,,,,,,,,,,,
cnt-mda-2026-09-06-5,CNT/MDA,2026-09-03,2026-09-06,2002,2.2,https://www.poder360.com.br/poder-pesquisas/cnt-mda-lula-tem-362-e-bolsonaro-297-em-disputa-pelo-planalto/,Maio,37.1,,4.5,,4.2,,,10.9,12.3,,,,,,,,,,,,,14.6,,,,,,,,,,,,,,,,,,,,,,
cnt-mda-2026-09-06-6,CNT/MDA,2026-09-03,2026-09-06,2002,2.2,https://www.poder360.com.br/poder-pesquisas/cnt-mda-lula-tem-362-e-bolsonaro-297-em-disputa-pelo-planalto/,Abril,45,,,,30.7,,,,,,,,,,,,,,,,,,,,,,,,,,,,,,,,,,,,,,,
cnt-mda-2026-09-06-7,CNT/MDA,2026-09-03,2026-09-06,2002,2.2,https://www.poder360.com.br/poder-pesquisas/cnt-mda-lula-tem-362-e-bolsonaro-297-em-disputa-pelo-planalto/,Abril,44.8,,30.4,,,,,,,,,,,,,,,,,,,,,,,,,,,,,,,,,,,,,,,,,
cnt-mda-2026-09-06-8,CNT/MDA,2026-09-03,2026-09-06,2002,2.2,https://www.poder360.com.br/poder-pesquisas/cnt-mda-lula-tem-362-e-bolsonaro-297-em-disputa-pelo-planalto/,Abril,45.7,,,,,,,,,,,,,,37.7,,,,,,,,,,,,,,,,,,,,,,,,,,,,,
cnt-mda-2026-09-06-9,CNT/MDA,2026-09-03,2026-09-06,2002,2.2,https://www.poder360.com.br/poder-pesquisas/cnt-mda-lula-tem-362-e-bolsonaro-297-em-disputa-pelo-planalto/,Abril,43.9,,,,,,,,,,37.6,,,,,,,,,,,,,,,,,,,,,,,,,,,,,,,,,
cnt-mda-2026-09-06-10,CNT/MDA,2026-09-03,2026-09-06,2002,2.2,https://www.poder360.com.br/poder-pesquisas/cnt-mda-lula-tem-362-e-bolsonaro-297-em-disputa-pelo-planalto/,Abril,43.4,,,,,,,36,,,,,,,,,,,,,,,,,,,,,,,,,,,,,,,,,,,,
cnt-mda-2026-09-06-11,CNT/MDA,2026-09-03,2026-09-06,2002,2.2,https://www.poder360.com.br/poder-pesquisas/cnt-mda-lula-tem-362-e-bolsonaro-297-em-disputa-pelo-planalto/,Abril,39.4,,,,,,,,36,,,,,,,,,,,,,,,,,,,,,,,,,,,,,,,,,,,
atlasintel-2026-09-14,AtlasIntel,2026-09-10,2026-09-14,7291,1,https://www.poder360.com.br/poder-pesquisas/lula-tem-481-contra-421-de-bolsonaro-segundo-atlasintel/,Setembro,48.2,,3.7,,3,1.6,,2.6,4.3,,30.4,,,,,,,,0.9,,,,,,,,,,,,,,,,,,,,,,,,,
atlasintel-2026-09-14-2,AtlasIntel,2026-09-10,2026-09-14,7291,1,https://www.poder360.com.br/poder-pesquisas/lula-tem-481-contra-421-de-bolsonaro-segundo-atlasintel/,Agosto,48.2,,3.7,,3,1.6,,2.6,4.3,,30.4,,,,,,,,0.9,,,,,,,,,,,,,,,,,,,,,,,,,
atlasintel-2026-09-14-3,AtlasIntel,2026-09-10,2026-09-14,7291,1,https://www.poder360.com.br/poder-pesquisas/lula-tem-481-contra-421-de-bolsonaro-segundo-atlasintel/,Julho,48.2,,3.7,,3,1.6,,2.6,4.3,,30.4,,,,,,,,0.9,,,,,,,,,,,,,,,,,,,,,,,,,
atlasintel-2026-09-14-4,AtlasIntel,2026-09-10,2026-09-14,7291,1,https://www.poder360.com.br/poder-pesquisas/lula-tem-481-contra-421-de-bolsonaro-segundo-atlasintel/,Junho,48.2,,3.7,,3,1.6,,2.6,4.3,,30.4,,,,,,,,0.9,,,,,,,,,,,,,,,,,,,,,,,,,
atlasintel-2026-09-14-5,AtlasIntel,2026-09-10,2026-09-14,7291,1,https://www.poder360.com.br/poder-pesquisas/lula-tem-481-contra-421-de-bolsonaro-segundo-atlasintel/,Maio,48.2,,3.7,,3,1.6,,2.6,4.3,,30.4,,,,,,,,0.9,,,,,,,,,,,,,,,,,,,,,,,,,
atlasintel-2026-09-14-6,AtlasIntel,2026-09-10,2026-09-14,7291,1,https://www.poder360.com.br/poder-pesquisas/lula-tem-481-contra-421-de-bolsonaro-segundo-atlasintel/,Abril,51.7,,,,36.7,,,,,,,,,,,,,,,,,,,,,,,,,,,,,,,,,,,,,,,
atlasintel-2026-09-14-7,AtlasIntel,2026-09-10,2026-09-14,7291,1,https://www.poder360.com.br/poder-pesquisas/lula-tem-481-contra-421-de-bolsonaro-segundo-atlasintel/,Abril,51.7,,34,,,,,,,,,,,,,,,,,,,,,,,,,,,,,,,,,,,,,,,,,
atlasintel-2026-09-14-8,AtlasIntel,2026-09-10,2026-09-14,7291,1,https://www.poder360.com.br/poder-pesquisas/lula-tem-481-contra-421-de-bolsonaro-segundo-atlasintel/,Abril,51.8,,,,,,,,,,,,,,44.8,,,,,,,,,,,,,,,,,,,,,,,,,,,,,
atlasintel-2026-09-14-9,AtlasIntel,2026-09-10,2026-09-14,7291,1,https://www.poder360.com.br/poder-pesquisas/lula-tem-481-contra-421-de-bolsonaro-segundo-atlasintel/,Abril,51.9,,,,,,,,,,,,,,,,,,,44.6,,,,,,,,,,,,,,,,,,,,,,,,
atlasintel-2026-09-14-10,AtlasIntel,2026-09-10,2026-09-14,7291,1,https://www.poder360.com.br/poder-pesquisas/lula-tem-481-contra-421-de-bolsonaro-segundo-atlasintel/,Abril,50.6,,,,,,,,,,45.2,,,,,,,,,,,,,,,,,,,,,,,,,,,,,,,,,
atlasintel-2026-09-14-11,AtlasIntel,2026-09-10,2026-09-14,7291,1,https://www.poder360.com.br/poder-pesquisas/lula-tem-481-contra-421-de-bolsonaro-segundo-atlasintel/,Abril,51.6,,,,,,,34.9,,,,,,,,,,,,,,,,,,,,,,,,,,,,,,,,,,,,
atlasintel-2026-09-14-12,AtlasIntel,2026-09-10,2026-09-14,7291,1,https://www.poder360.com.br/poder-pesquisas/lula-tem-481-contra-421-de-bolsonaro-segundo-atlasintel/,Abril,49.9,,,,,,,,,,,,,,,,,,22.5,,,,,,,,,,,,,,,,,,,,,,,,,
genial-quaest-2026-09-14,Genial/Quaest,2026-09-12,2026-09-14,2004,2,https://g1.globo.com/politica/noticia/2025/09/18/quaest-lula-venceria-ciro-tarcisio-ratinho-jr-bolsonaro-zema-michelle-caiado-eduardo-bolsonaro-e-leite-no-2o-turno-de-2026.ghtml,Setembro,32,,5,,6,,,10,14,,,,,,,,,,,,,14,,,,,,,,,,,,,,,,,,,,,,
genial-quaest-2026-09-14-2,Genial/Quaest,2026-09-12,2026-09-14,2004,2,https://g1.globo.com/politica/noticia/2025/09/18/quaest-lula-venceria-ciro-tarcisio-ratinho-jr-bolsonaro-zema-michelle-caiado-eduardo-bolsonaro-e-leite-no-2o-turno-de-2026.ghtml,Agosto,32,,5,,6,,,10,14,,,,,,,,,,,,,14,,,,,,,,,,,,,,,,,,,,,,
genial-quaest-2026-09-14-3,Genial/Quaest,2026-09-12,2026-09-14,2004,2,https://g1.globo.com/politica/noticia/2025/09/18/quaest-lula-venceria-ciro-tarcisio-ratinho-jr-bolsonaro-zema-michelle-caiado-eduardo-bolsonaro-e-leite-no-2o-turno-de-2026.ghtml,Julho,32,,5,,6,,,10,14,,,,,,,,,,,,,14,,,,,,,,,,,,,,,,,,,,,,
genial-quaest-2026-09-14-4,Genial/Quaest,2026-09-12,2026-09-14,2004,2,https://g1.globo.com/politica/noticia/2025/09/18/quaest-lula-venceria-ciro-tarcisio-ratinho-jr-bolsonaro-zema-michelle-caiado-eduardo-bolsonaro-e-leite-no-2o-turno-de-2026.ghtml,Junho,32,,5,,6,,,10,14,,,,,,,,,,,,,14,,,,,,,,,,,,,,,,,,,,,,
genial-quaest-2026-09-14-5,Genial/Quaest,2026-09-12,2026-09-14,2004,2,https://g1.globo.com/politica/noticia/2025/09/18/quaest-lula-venceria-ciro-tarcisio-ratinho-jr-bolsonaro-zema-michelle-caiado-eduardo-bolsonaro-e-leite-no-2o-turno-de-2026.ghtml,Maio,32,,5,,6,,,10,14,,,,,,,,,,,,,14,,,,,,,,,,,,,,,,,,,,,,
genial-quaest-2026-09-14-6,Genial/Quaest,2026-09-12,2026-09-14,2004,2,https://g1.globo.com/politica/noticia/2025/09/18/quaest-lula-venceria-ciro-tarcisio-ratinho-jr-bolsonaro-zema-michelle-caiado-eduardo-bolsonaro-e-leite-no-2o-turno-de-2026.ghtml,Abril,45,,,,32,,,,,,,,,,,,,,,,,,,,,,,,,,,,,,,,,,,,,,,
genial-quaest-2026-09-14-7,Genial/Quaest,2026-09-12,2026-09-14,2004,2,https://g1.globo.com/politica/noticia/2025/09/18/quaest-lula-venceria-ciro-tarcisio-ratinho-jr-bolsonaro-zema-michelle-caiado-eduardo-bolsonaro-e-leite-no-2o-turno-de-2026.ghtml,Abril,46,,31,,,,,,,,,,,,,,,,,,,,,,,,,,,,,,,,,,,,,,,,,
genial-quaest-2026-09-14-8,Genial/Quaest,2026-09-12,2026-09-14,2004,2,https://g1.globo.com/politica/noticia/2025/09/18/quaest-lula-venceria-ciro-tarcisio-ratinho-jr-bolsonaro-zema-michelle-caiado-eduardo-bolsonaro-e-leite-no-2o-turno-de-2026.ghtml,Abril,47,,,,,,,,,,,,,,34,,,,,,,,,,,,,,,,,,,,,,,,,,,,,
genial-quaest-2026-09-14-9,Genial/Quaest,2026-09-12,2026-09-14,2004,2,https://g1.globo.com/politica/noticia/2025/09/18/quaest-lula-venceria-ciro-tarcisio-ratinho-jr-bolsonaro-zema-michelle-caiado-eduardo-bolsonaro-e-leite-no-2o-turno-de-2026.ghtml,Abril,47,,,,,,,,,,,,,,,,,,,32,,,,,,,,,,,,,,,,,,,,,,,,
genial-quaest-2026-09-14-10,Genial/Quaest,2026-09-12,2026-09-14,2004,2,https://g1.globo.com/politica/noticia/2025/09/18/quaest-lula-venceria-ciro-tarcisio-ratinho-jr-bolsonaro-zema-michelle-caiado-eduardo-bolsonaro-e-leite-no-2o-turno-de-2026.ghtml,Abril,43,,,,,,,,,,35,,,,,,,,,,,,,,,,,,,,,,,,,,,,,,,,,
genial-quaest-2026-09-14-11,Genial/Quaest,2026-09-12,2026-09-14,2004,2,https://g1.globo.com/politica/noticia/2025/09/18/quaest-lula-venceria-ciro-tarcisio-ratinho-jr-bolsonaro-zema-michelle-caiado-eduardo-bolsonaro-e-leite-no-2o-turno-de-2026.ghtml,Abril,47,,,,,,,,,,,,,,,,,,,,,29,,,,,,,,,,,,,,,,,,,,,,
genial-quaest-2026-09-14-12,Genial/Quaest,2026-09-12,2026-09-14,2004,2,https://g1.globo.com/politica/noticia/2025/09/18/quaest-lula-venceria-ciro-tarcisio-ratinho-jr-bolsonaro-zema-michelle-caiado-eduardo-bolsonaro-e-leite-no-2o-turno-de-2026.ghtml,Abril,44,,,,,,,32,,,,,,,,,,,,,,,,,,,,,,,,,,,,,,,,,,,,
genial-quaest-2026-09-14-13,Genial/Quaest,2026-09-12,2026-09-14,2004,2,https://g1.globo.com/politica/noticia/2025/09/18/quaest-lula-venceria-ciro-tarcisio-ratinho-jr-bolsonaro-zema-michelle-caiado-eduardo-bolsonaro-e-leite-no-2o-turno-de-2026.ghtml,Abril,40,,,,,,,,33,,,,,,,,,,,,,,,,,,,,,,,,,,,,,,,,,,,
genial-quaest-2026-09-14-14,Genial/Quaest,2026-09-12,2026-09-14,2004,2,https://g1.globo.com/politica/noticia/2025/09/18/quaest-lula-venceria-ciro-tarcisio-ratinho-jr-bolsonaro-zema-michelle-caiado-eduardo-bolsonaro-e-leite-no-2o-turno-de-2026.ghtml,Abril,45,,,,,,,,,,,,,,,,,,26,,,,,,,,,,,,,,,,,,,,,,,,,
modalmais-futura-2026-09-15,Modalmais/Futura,2026-09-09,2026-09-15,2000,2.2,,Setembro,,,6.8,,3.3,,,8.5,,,20.8,,,,,,,,,,20.9,19,,,,,,,,,,,,,,,,,,,,,,
modalmais-futura-2026-09-15-2,Modalmais/Futura,2026-09-09,2026-09-15,2000,2.2,,Agosto,,,6.8,,3.3,,,8.5,,,20.8,,,,,,,,,,20.9,19,,,,,,,,,,,,,,,,,,,,,,
modalmais-futura-2026-09-15-3,Modalmais/Futura,2026-09-09,2026-09-15,2000,2.2,,Julho,,,6.8,,3.3,,,8.5,,,20.8,,,,,,,,,,20.9,19,,,,,,,,,,,,,,,,,,,,,,
modalmais-futura-2026-09-15-4,Modalmais/Futura,2026-09-09,2026-09-15,2000,2.2,,Junho,,,6.8,,3.3,,,8.5,,,20.8,,,,,,,,,,20.9,19,,,,,,,,,,,,,,,,,,,,,,
modalmais-futura-2026-09-15-5,Modalmais/Futura,2026-09-09,2026-09-15,2000,2.2,,Maio,,,6.8,,3.3,,,8.5,,,20.8,,,,,,,,,,20.9,19,,,,,,,,,,,,,,,,,,,,,,
modalmais-futura-2026-09-15-6,Modalmais/Futura,2026-09-09,2026-09-15,2000,2.2,,Abril,42,,,,,,,,,,,,,,46.1,,,,,,,,,,,,,,,,,,,,,,,,,,,,,
modalmais-futura-2026-09-15-7,Modalmais/Futura,2026-09-09,2026-09-15,2000,2.2,,Abril,41.7,,,,,,,,,,,,,,,,,,,45.6,,,,,,,,,,,,,,,,,,,,,,,,
modalmais-futura-2026-09-15-8,Modalmais/Futura,2026-09-09,2026-09-15,2000,2.2,,Abril,40.7,,,,,,,,,,44.4,,,,,,,,,,,,,,,,,,,,,,,,,,,,,,,,,
modalmais-futura-2026-09-15-9,Modalmais/Futura,2026-09-09,2026-09-15,2000,2.2,,Abril,42.5,,,,,,,,,,,,,,,,,,,,,43.1,,,,,,,,,,,,,,,,,,,,,,
modalmais-futura-2026-09-15-10,Modalmais/Futura,2026-09-09,2026-09-15,2000,2.2,,Abril,40.5,,,,,,,42.4,,,,,,,,,,,,,,,,,,,,,,,,,,,,,,,,,,,,
modalmais-futura-2026-09-15-11,Modalmais/Futura,2026-09-09,2026-09-15,2000,2.2,,Abril,,,,,,,,,,,42.9,,,,,,,,,,,,,,,,,,,,,,32.8,,,,,,,,,,,
modalmais-futura-2026-09-15-12,Modalmais/Futura,2026-09-09,2026-09-15,2000,2.2,,Abril,,,,,,,,,,,45,,,,,,,,,,28.8,,,,,,,,,,,,,,,,,,,,,,,
genial-quaest-2026-09-29,Genial/Quaest,2026-09-25,2026-09-29,2000,2,,Setembro,32,,,,,18,,,,,15,,,,,,,,,,,,,,,,,,,,,,,,,,,,,,,,,
genial-quaest-2026-09-29-2,Genial/Quaest,2026-09-25,2026-09-29,2000,2,,Agosto,32,,,,,18,,,,,15,,,,,,,,,,,,,,,,,,,,,,,,,,,,,,,,,
genial-quaest-2026-09-29-3,Genial/Quaest,2026-09-25,2026-09-29,2000,2,,Julho,32,,,,,18,,,,,15,,,,,,,,,,,,,,,,,,,,,,,,,,,,,,,,,
genial-quaest-2026-09-29-4,Genial/Quaest,2026-09-25,2026-09-29,2000,2,,Junho,32,,,,,18,,,,,15,,,,,,,,,,,,,,,,,,,,,,,,,,,,,,,,,
genial-quaest-2026-09-29-5,Genial/Quaest,2026-09-25,2026-09-29,2000,2,,Maio,32,,,,,18,,,,,15,,,,,,,,,,,,,,,,,,,,,,,,,,,,,,,,,
parana-pesquisas-2026-10-03,Paraná Pesquisas,2026-09-29,2026-10-03,2020,2.2,,Setembro,36.6,,1.2,,4.6,,,5.7,,,12.7,,,,,,,,2.1,,,,,,,7.4,,,,6.7,,1.9,,,,,,,,6.3,,,,
parana-pesquisas-2026-10-03-2,Paraná Pesquisas,2026-09-29,2026-10-03,2020,2.2,,Agosto,36.6,,1.2,,4.6,,,5.7,,,12.7,,,,,,,,2.1,,,,,,,7.4,,,,6.7,,1.9,,,,,,,,6.3,,,,
parana-pesquisas-2026-10-03-3,Paraná Pesquisas,2026-09-29,2026-10-03,2020,2.2,,Julho,36.6,,1.2,,4.6,,,5.7,,,12.7,,,,,,,,2.1,,,,,,,7.4,,,,6.7,,1.9,,,,,,,,6.3,,,,
parana-pesquisas-2026-10-03-4,Paraná Pesquisas,2026-09-29,2026-10-03,2020,2.2,,Junho,36.6,,1.2,,4.6,,,5.7,,,12.7,,,,,,,,2.1,,,,,,,7.4,,,,6.7,,1.9,,,,,,,,6.3,,,,
parana-pesquisas-2026-10-03-5,Paraná Pesquisas,2026-09-29,2026-10-03,2020,2.2,,Maio,36.6,,1.2,,4.6,,,5.7,,,12.7,,,,,,,,2.1,,,,,,,7.4,,,,6.7,,1.9,,,,,,,,6.3,,,,
genial-quaest-2026-10-05,Genial/Quaest,2026-10-02,2026-10-05,2004,2,https://g1.globo.com/politica/noticia/2025/10/09/quaest-eleicao-presidencial-2026.ghtml,Setembro,35,,4,,5,,,12,11,,,,,,,,,,,,,15,,,,,,,,,,,,,,,,,,,,,,
genial-quaest-2026-10-05-2,Genial/Quaest,2026-10-02,2026-10-05,2004,2,https://g1.globo.com/politica/noticia/2025/10/09/quaest-eleicao-presidencial-2026.ghtml,Agosto,35,,4,,5,,,12,11,,,,,,,,,,,,,15,,,,,,,,,,,,,,,,,,,,,,
genial-quaest-2026-10-05-3,Genial/Quaest,2026-10-02,2026-10-05,2004,2,https://g1.globo.com/politica/noticia/2025/10/09/quaest-eleicao-presidencial-2026.ghtml,Julho,35,,4,,5,,,12,11,,,,,,,,,,,,,15,,,,,,,,,,,,,,,,,,,,,,
genial-quaest-2026-10-05-4,Genial/Quaest,2026-10-02,2026-10-05,2004,2,https://g1.globo.com/politica/noticia/2025/10/09/quaest-eleicao-presidencial-2026.ghtml,Junho,35,,4,,5,,,12,11,,,,,,,,,,,,,15,,,,,,,,,,,,,,,,,,,,,,
genial-quaest-2026-10-05-5,Genial/Quaest,2026-10-02,2026-10-05,2004,2,https://g1.globo.com/politica/noticia/2025/10/09/quaest-eleicao-presidencial-2026.ghtml,Maio,35,,4,,5,,,12,11,,,,,,,,,,,,,15,,,,,,,,,,,,,,,,,,,,,,
genial-quaest-2026-10-05-6,Genial/Quaest,2026-10-02,2026-10-05,2004,2,https://g1.globo.com/politica/noticia/2025/10/09/quaest-eleicao-presidencial-2026.ghtml,Abril,47,,,,32,,,,,,,,,,,,,,,,,,,,,,,,,,,,,,,,,,,,,,,
genial-quaest-2026-10-05-7,Genial/Quaest,2026-10-02,2026-10-05,2004,2,https://g1.globo.com/politica/noticia/2025/10/09/quaest-eleicao-presidencial-2026.ghtml,Abril,46,,31,,,,,,,,,,,,,,,,,,,,,,,,,,,,,,,,,,,,,,,,,
genial-quaest-2026-10-05-8,Genial/Quaest,2026-10-02,2026-10-05,2004,2,https://g1.globo.com/politica/noticia/2025/10/09/quaest-eleicao-presidencial-2026.ghtml,Abril,46,,,,,,,,,,,,,,36,,,,,,,,,,,,,,,,,,,,,,,,,,,,,
genial-quaest-2026-10-05-9,Genial/Quaest,2026-10-02,2026-10-05,2004,2,https://g1.globo.com/politica/noticia/2025/10/09/quaest-eleicao-presidencial-2026.ghtml,Abril,46,,,,,,,,,,,,,,,,,,,34,,,,,,,,,,,,,,,,,,,,,,,,
genial-quaest-2026-10-05-10,Genial/Quaest,2026-10-02,2026-10-05,2004,2,https://g1.globo.com/politica/noticia/2025/10/09/quaest-eleicao-presidencial-2026.ghtml,Abril,45,,,,,,,,,,33,,,,,,,,,,,,,,,,,,,,,,,,,,,,,,,,,
genial-quaest-2026-10-05-11,Genial/Quaest,2026-10-02,2026-10-05,2004,2,https://g1.globo.com/politica/noticia/2025/10/09/quaest-eleicao-presidencial-2026.ghtml,Abril,46,,,,,,,,,,,,,,,,,,,,,31,,,,,,,,,,,,,,,,,,,,,,
genial-quaest-2026-10-05-12,Genial/Quaest,2026-10-02,2026-10-05,2004,2,https://g1.globo.com/politica/noticia/2025/10/09/quaest-eleicao-presidencial-2026.ghtml,Abril,44,,,,,,,31,,,,,,,,,,,,,,,,,,,,,,,,,,,,,,,,,,,,
genial-quaest-2026-10-05-13,Genial/Quaest,2026-10-02,2026-10-05,2004,2,https://g1.globo.com/politica/noticia/2025/10/09/quaest-eleicao-presidencial-2026.ghtml,Abril,41,,,,,,,,32,,,,,,,,,,,,,,,,,,,,,,,,,,,,,,,,,,,
genial-quaest-2026-10-05-14,Genial/Quaest,2026-10-02,2026-10-05,2004,2,https://g1.globo.com/politica/noticia/2025/10/09/quaest-eleicao-presidencial-2026.ghtml,Abril,45,,,,,,,,,,,,,,,,,,22,,,,,,,,,,,,,,,,,,,,,,,,,
gerp-2026-10-06,Gerp,2026-09-29,2026-10-06,2000,2.24,https://www.gazetadopovo.com.br/republica/lula-perderia-para-bolsonaro-tarcisio-e-michelle-em-2o-turno-diz-pesquisa-gerp/,Setembro,28,,4,,5,5,,5,8,,,,,,,,,,,28,,,,,,,,,,,,,,,,,,,,,,,,
gerp-2026-10-06-2,Gerp,2026-09-29,2026-10-06,2000,2.24,https://www.gazetadopovo.com.br/republica/lula-perderia-para-bolsonaro-tarcisio-e-michelle-em-2o-turno-diz-pesquisa-gerp/,Agosto,28,,4,,5,5,,5,8,,,,,,,,,,,28,,,,,,,,,,,,,,,,,,,,,,,,
gerp-2026-10-06-3,Gerp,2026-09-29,2026-10-06,2000,2.24,https://www.gazetadopovo.com.br/republica/lula-perderia-para-bolsonaro-tarcisio-e-michelle-em-2o-turno-diz-pesquisa-gerp/,Julho,28,,4,,5,5,,5,8,,,,,,,,,,,28,,,,,,,,,,,,,,,,,,,,,,,,
gerp-2026-10-06-4,Gerp,2026-09-29,2026-10-06,2000,2.24,https://www.gazetadopovo.com.br/republica/lula-perderia-para-bolsonaro-tarcisio-e-michelle-em-2o-turno-diz-pesquisa-gerp/,Junho,28,,4,,5,5,,5,8,,,,,,,,,,,28,,,,,,,,,,,,,,,,,,,,,,,,
gerp-2026-10-06-5,Gerp,2026-09-29,2026-10-06,2000,2.24,https://www.gazetadopovo.com.br/republica/lula-perderia-para-bolsonaro-tarcisio-e-michelle-em-2o-turno-diz-pesquisa-gerp/,Maio,28,,4,,5,5,,5,8,,,,,,,,,,,28,,,,,,,,,,,,,,,,,,,,,,,,
gerp-2026-10-07,Gerp,2026-10-02,2026-10-07,2000,2.24,https://www.gazetadopovo.com.br/republica/lula-perderia-para-bolsonaro-tarcisio-e-michelle-em-2o-turno-diz-pesquisa-gerp/,Abril,38,,,,32,,,,,,,,,,,,,,,,,,,,,,,,,,,,,,,,,,,,,,,
gerp-2026-10-07-2,Gerp,2026-10-02,2026-10-07,2000,2.24,https://www.gazetadopovo.com.br/republica/lula-perderia-para-bolsonaro-tarcisio-e-michelle-em-2o-turno-diz-pesquisa-gerp/,Abril,37,,30,,,,,,,,,,,,,,,,,,,,,,,,,,,,,,,,,,,,,,,,,
gerp-2026-10-07-3,Gerp,2026-10-02,2026-10-07,2000,2.24,https://www.gazetadopovo.com.br/republica/lula-perderia-para-bolsonaro-tarcisio-e-michelle-em-2o-turno-diz-pesquisa-gerp/,Abril,36,,,,,,,,,,,,,,48,,,,,,,,,,,,,,,,,,,,,,,,,,,,,
gerp-2026-10-07-4,Gerp,2026-10-02,2026-10-07,2000,2.24,https://www.gazetadopovo.com.br/republica/lula-perderia-para-bolsonaro-tarcisio-e-michelle-em-2o-turno-diz-pesquisa-gerp/,Abril,36,,,,,,,,,,,,,,,,,,,48,,,,,,,,,,,,,,,,,,,,,,,,
gerp-2026-10-07-5,Gerp,2026-10-02,2026-10-07,2000,2.24,https://www.gazetadopovo.com.br/republica/lula-perderia-para-bolsonaro-tarcisio-e-michelle-em-2o-turno-diz-pesquisa-gerp/,Abril,36,,,,,,,,,,45,,,,,,,,,,,,,,,,,,,,,,,,,,,,,,,,,
gerp-2026-10-07-6,Gerp,2026-10-02,2026-10-07,2000,2.24,https://www.gazetadopovo.com.br/republica/lula-perderia-para-bolsonaro-tarcisio-e-michelle-em-2o-turno-diz-pesquisa-gerp/,Abril,38,,,,,,,,,,,,,,,,,,,,,41,,,,,,,,,,,,,,,,,,,,,,
gerp-2026-10-07-7,Gerp,2026-10-02,2026-10-07,2000,2.24,https://www.gazetadopovo.com.br/republica/lula-perderia-para-bolsonaro-tarcisio-e-michelle-em-2o-turno-diz-pesquisa-gerp/,Abril,38,,,,,,,34,,,,,,,,,,,,,,,,,,,,,,,,,,,,,,,,,,,,
gerp-2026-10-07-8,Gerp,2026-10-02,2026-10-07,2000,2.24,https://www.gazetadopovo.com.br/republica/lula-perderia-para-bolsonaro-tarcisio-e-michelle-em-2o-turno-diz-pesquisa-gerp/,Abril,34,,,,,,,,32,,,,,,,,,,,,,,,,,,,,,,,,,,,,,,,,,,,
atlasintel-2026-10-19,AtlasIntel,2026-10-15,2026-10-19,4063,1,https://atlasintel.org/polls/latam-pulse,Setembro,,,7,,2.6,,,3.5,,,30.1,,,,,,,,,,43.1,,,,,,,,,,,,,,,,,,,,,,,
atlasintel-2026-10-19-2,AtlasIntel,2026-10-15,2026-10-19,4063,1,https://atlasintel.org/polls/latam-pulse,Agosto,,,7,,2.6,,,3.5,,,30.1,,,,,,,,,,43.1,,,,,,,,,,,,,,,,,,,,,,,
atlasintel-2026-10-19-3,AtlasIntel,2026-10-15,2026-10-19,4063,1,https://atlasintel.org/polls/latam-pulse,Julho,,,7,,2.6,,,3.5,,,30.1,,,,,,,,,,43.1,,,,,,,,,,,,,,,,,,,,,,,
atlasintel-2026-10-19-4,AtlasIntel,2026-10-15,2026-10-19,4063,1,https://atlasintel.org/polls/latam-pulse,Junho,,,7,,2.6,,,3.5,,,30.1,,,,,,,,,,43.1,,,,,,,,,,,,,,,,,,,,,,,
atlasintel-2026-10-19-5,AtlasIntel,2026-10-15,2026-10-19,4063,1,https://atlasintel.org/polls/latam-pulse,Maio,,,7,,2.6,,,3.5,,,30.1,,,,,,,,,,43.1,,,,,,,,,,,,,,,,,,,,,,,
atlasintel-2026-10-19-6,AtlasIntel,2026-10-15,2026-10-19,4063,1,https://atlasintel.org/polls/latam-pulse,Abril,52,,,,35,,,,,,,,,,,,,,,,,,,,,,,,,,,,,,,,,,,,,,,
atlasintel-2026-10-19-7,AtlasIntel,2026-10-15,2026-10-19,4063,1,https://atlasintel.org/polls/latam-pulse,Abril,52,,36,,,,,,,,,,,,,,,,,,,,,,,,,,,,,,,,,,,,,,,,,
atlasintel-2026-10-19-8,AtlasIntel,2026-10-15,2026-10-19,4063,1,https://atlasintel.org/polls/latam-pulse,Abril,52,,,,,,,,,,,,,,44,,,,,,,,,,,,,,,,,,,,,,,,,,,,,
atlasintel-2026-10-19-9,AtlasIntel,2026-10-15,2026-10-19,4063,1,https://atlasintel.org/polls/latam-pulse,Abril,52,,,,,,,,,,,,,,,,,,,43,,,,,,,,,,,,,,,,,,,,,,,,
atlasintel-2026-10-19-10,AtlasIntel,2026-10-15,2026-10-19,4063,1,https://atlasintel.org/polls/latam-pulse,Abril,52,,,,,,,,,,44,,,,,,,,,,,,,,,,,,,,,,,,,,,,,,,,,
atlasintel-2026-10-19-11,AtlasIntel,2026-10-15,2026-10-19,4063,1,https://atlasintel.org/polls/latam-pulse,Abril,51,,,,,,,37,,,,,,,,,,,,,,,,,,,,,,,,,,,,,,,,,,,,
apex-futura-2026-10-21,Apex/Futura,2026-10-16,2026-10-21,2000,2.2,https://www.cnnbrasil.com.br/politica/apex-futura-bolsonaro-tarcisio-e-michelle-venceriam-lula-em-segundo-turno/,Setembro,35.8,,4.4,,3,,,8.8,,,,,,,37.9,,,,,,,,,,,,,,,,,,,,,,,,,,,,,
apex-futura-2026-10-21-2,Apex/Futura,2026-10-16,2026-10-21,2000,2.2,https://www.cnnbrasil.com.br/politica/apex-futura-bolsonaro-tarcisio-e-michelle-venceriam-lula-em-segundo-turno/,Agosto,35.8,,4.4,,3,,,8.8,,,,,,,37.9,,,,,,,,,,,,,,,,,,,,,,,,,,,,,
apex-futura-2026-10-21-3,Apex/Futura,2026-10-16,2026-10-21,2000,2.2,https://www.cnnbrasil.com.br/politica/apex-futura-bolsonaro-tarcisio-e-michelle-venceriam-lula-em-segundo-turno/,Julho,35.8,,4.4,,3,,,8.8,,,,,,,37.9,,,,,,,,,,,,,,,,,,,,,,,,,,,,,
apex-futura-2026-10-21-4,Apex/Futura,2026-10-16,2026-10-21,2000,2.2,https://www.cnnbrasil.com.br/politica/apex-futura-bolsonaro-tarcisio-e-michelle-venceriam-lula-em-segundo-turno/,Junho,35.8,,4.4,,3,,,8.8,,,,,,,37.9,,,,,,,,,,,,,,,,,,,,,,,,,,,,,
apex-futura-2026-10-21-5,Apex/Futura,2026-10-16,2026-10-21,2000,2.2,https://www.cnnbrasil.com.br/politica/apex-futura-bolsonaro-tarcisio-e-michelle-venceriam-lula-em-segundo-turno/,Maio,35.8,,4.4,,3,,,8.8,,,,,,,37.9,,,,,,,,,,,,,,,,,,,,,,,,,,,,,
apex-futura-2026-10-21-6,Apex/Futura,2026-10-16,2026-10-21,2000,2.2,https://www.cnnbrasil.com.br/politica/apex-futura-bolsonaro-tarcisio-e-michelle-venceriam-lula-em-segundo-turno/,Abril,42,,,,38.3,,,,,,,,,,,,,,,,,,,,,,,,,,,,,,,,,,,,,,,
apex-futura-2026-10-21-7,Apex/Futura,2026-10-16,2026-10-21,2000,2.2,https://www.cnnbrasil.com.br/politica/apex-futura-bolsonaro-tarcisio-e-michelle-venceriam-lula-em-segundo-turno/,Abril,40.3,,38.6,,,,,,,,,,,,,,,,,,,,,,,,,,,,,,,,,,,,,,,,,
apex-futura-2026-10-21-8,Apex/Futura,2026-10-16,2026-10-21,2000,2.2,https://www.cnnbrasil.com.br/politica/apex-futura-bolsonaro-tarcisio-e-michelle-venceriam-lula-em-segundo-turno/,Abril,41.3,,,,,,,,,,,,,,46.9,,,,,,,,,,,,,,,,,,,,,,,,,,,,,
apex-futura-2026-10-21-9,Apex/Futura,2026-10-16,2026-10-21,2000,2.2,https://www.cnnbrasil.com.br/politica/apex-futura-bolsonaro-tarcisio-e-michelle-venceriam-lula-em-segundo-turno/,Abril,41.2,,,,,,,,,,,,,,,,,,,47.6,,,,,,,,,,,,,,,,,,,,,,,,
apex-futura-2026-10-21-10,Apex/Futura,2026-10-16,2026-10-21,2000,2.2,https://www.cnnbrasil.com.br/politica/apex-futura-bolsonaro-tarcisio-e-michelle-venceriam-lula-em-segundo-turno/,Abril,39.5,,,,,,,,,,45.3,,,,,,,,,,,,,,,,,,,,,,,,,,,,,,,,,
apex-futura-2026-10-21-11,Apex/Futura,2026-10-16,2026-10-21,2000,2.2,https://www.cnnbrasil.com.br/politica/apex-futura-bolsonaro-tarcisio-e-michelle-venceriam-lula-em-segundo-turno/,Abril,38.9,,,,,,,43.4,,,,,,,,,,,,,,,,,,,,,,,,,,,,,,,,,,,,
parana-pesquisas-2026-10-24,Paraná Pesquisas,2026-10-21,2026-10-24,2020,2.2,,Setembro,37,,3.2,,4.7,,,6,7.5,,,,,,31,,,,,,,,,,,,,,,,,,,,,,,,,,,,,
parana-pesquisas-2026-10-24-2,Paraná Pesquisas,2026-10-21,2026-10-24,2020,2.2,,Agosto,37,,3.2,,4.7,,,6,7.5,,,,,,31,,,,,,,,,,,,,,,,,,,,,,,,,,,,,
parana-pesquisas-2026-10-24-3,Paraná Pesquisas,2026-10-21,2026-10-24,2020,2.2,,Julho,37,,3.2,,4.7,,,6,7.5,,,,,,31,,,,,,,,,,,,,,,,,,,,,,,,,,,,,
parana-pesquisas-2026-10-24-4,Paraná Pesquisas,2026-10-21,2026-10-24,2020,2.2,,Junho,37,,3.2,,4.7,,,6,7.5,,,,,,31,,,,,,,,,,,,,,,,,,,,,,,,,,,,,
parana-pesquisas-2026-10-24-5,Paraná Pesquisas,2026-10-21,2026-10-24,2020,2.2,,Maio,37,,3.2,,4.7,,,6,7.5,,,,,,31,,,,,,,,,,,,,,,,,,,,,,,,,,,,,
parana-pesquisas-2026-10-24-6,Paraná Pesquisas,2026-10-21,2026-10-24,2020,2.2,https://www.poder360.com.br/poder-pesquisas/lula-tem-empate-tecnico-com-bolsonaro-michelle-e-tarcisio-no-2o-turno/,Abril,46.7,37,,,,,,,,,,,,,,,,,,,,,,,,,,,,,,,,,,,,,,,,,,
parana-pesquisas-2026-10-24-7,Paraná Pesquisas,2026-10-21,2026-10-24,2020,2.2,https://www.poder360.com.br/poder-pesquisas/lula-tem-empate-tecnico-com-bolsonaro-michelle-e-tarcisio-no-2o-turno/,Abril,44.9,,,,,,,,,,,,,,41.6,,,,,,,,,,,,,,,,,,,,,,,,,,,,,
parana-pesquisas-2026-10-24-8,Paraná Pesquisas,2026-10-21,2026-10-24,2020,2.2,https://www.poder360.com.br/poder-pesquisas/lula-tem-empate-tecnico-com-bolsonaro-michelle-e-tarcisio-no-2o-turno/,Abril,44.7,,,,,,,,,,,,,,,,,,,41.6,,,,,,,,,,,,,,,,,,,,,,,,
parana-pesquisas-2026-10-24-9,Paraná Pesquisas,2026-10-21,2026-10-24,2020,2.2,https://www.poder360.com.br/poder-pesquisas/lula-tem-empate-tecnico-com-bolsonaro-michelle-e-tarcisio-no-2o-turno/,Abril,44.9,,,,,,,,,,40.9,,,,,,,,,,,,,,,,,,,,,,,,,,,,,,,,,
parana-pesquisas-2026-10-24-10,Paraná Pesquisas,2026-10-21,2026-10-24,2020,2.2,https://www.poder360.com.br/poder-pesquisas/lula-tem-empate-tecnico-com-bolsonaro-michelle-e-tarcisio-no-2o-turno/,Março,46.7,37,,,,,,,,,,,,,,,,,,,,,,,,,,,,,,,,,,,,,,,,,,
gerp-2026-11-05,Gerp,2026-11-01,2026-11-05,2000,2.24,,Abril,42,,,,,,,,,,,,,,47,,,,,,,,,,,,,,,,,,,,,,,,,,,,,
gerp-2026-11-05-2,Gerp,2026-11-01,2026-11-05,2000,2.24,,Abril,44,,,,,,,,,,,,,,,,,,,47,,,,,,,,,,,,,,,,,,,,,,,,
gerp-2026-11-05-3,Gerp,2026-11-01,2026-11-05,2000,2.24,,Abril,43,,,,,,,,,,44,,,,,,,,,,,,,,,,,,,,,,,,,,,,,,,,,
apex-futura-2026-11-08,Apex/Futura,2026-11-04,2026-11-08,2000,2.2,https://atlasintel.org/polls/latam-pulse,Setembro,34,,5.9,,5.6,,,7.9,,,23.1,,,,,,,,,,,,,,,,,,,,,,,,,,,,,,,,,
apex-futura-2026-11-08-2,Apex/Futura,2026-11-04,2026-11-08,2000,2.2,https://atlasintel.org/polls/latam-pulse,Agosto,34,,5.9,,5.6,,,7.9,,,23.1,,,,,,,,,,,,,,,,,,,,,,,,,,,,,,,,,
apex-futura-2026-11-08-3,Apex/Futura,2026-11-04,2026-11-08,2000,2.2,https://atlasintel.org/polls/latam-pulse,Julho,34,,5.9,,5.6,,,7.9,,,23.1,,,,,,,,,,,,,,,,,,,,,,,,,,,,,,,,,
apex-futura-2026-11-08-4,Apex/Futura,2026-11-04,2026-11-08,2000,2.2,https://atlasintel.org/polls/latam-pulse,Junho,34,,5.9,,5.6,,,7.9,,,23.1,,,,,,,,,,,,,,,,,,,,,,,,,,,,,,,,,
apex-futura-2026-11-08-5,Apex/Futura,2026-11-04,2026-11-08,2000,2.2,https://atlasintel.org/polls/latam-pulse,Maio,34,,5.9,,5.6,,,7.9,,,23.1,,,,,,,,,,,,,,,,,,,,,,,,,,,,,,,,,
apex-futura-2026-11-08-6,Apex/Futura,2026-11-04,2026-11-08,2000,2.2,https://atlasintel.org/polls/latam-pulse,Abril,40.6,,,,38.8,,,,,,,,,,,,,,,,,,,,,,,,,,,,,,,,,,,,,,,
apex-futura-2026-11-08-7,Apex/Futura,2026-11-04,2026-11-08,2000,2.2,https://atlasintel.org/polls/latam-pulse,Abril,39,,41.9,,,,,,,,,,,,,,,,,,,,,,,,,,,,,,,,,,,,,,,,,
apex-futura-2026-11-08-8,Apex/Futura,2026-11-04,2026-11-08,2000,2.2,https://atlasintel.org/polls/latam-pulse,Abril,40.2,,,,,,,,,,,,,,46.6,,,,,,,,,,,,,,,,,,,,,,,,,,,,,
apex-futura-2026-11-08-9,Apex/Futura,2026-11-04,2026-11-08,2000,2.2,https://atlasintel.org/polls/latam-pulse,Abril,40.4,,,,,,,,,,,,,,,,,,,46.5,,,,,,,,,,,,,,,,,,,,,,,,
apex-futura-2026-11-08-10,Apex/Futura,2026-11-04,2026-11-08,2000,2.2,https://atlasintel.org/polls/latam-pulse,Abril,39.5,,,,,,,,,,46.5,,,,,,,,,,,,,,,,,,,,,,,,,,,,,,,,,
apex-futura-2026-11-08-11,Apex/Futura,2026-11-04,2026-11-08,2000,2.2,https://atlasintel.org/polls/latam-pulse,Abril,39.9,,,,,,,41.5,,,,,,,,,,,,,,,,,,,,,,,,,,,,,,,,,,,,
genial-quaest-2026-11-09,Genial/Quaest,2026-11-06,2026-11-09,2004,2,https://g1.globo.com/politica/noticia/2025/11/13/quaest-eleicao-2026-novembro.ghtml,Setembro,32,,5,1,5,,,10,10,,,,,,,,,,,,,15,,,,,,,,,,,,,,,,,,,,,,
genial-quaest-2026-11-09-2,Genial/Quaest,2026-11-06,2026-11-09,2004,2,https://g1.globo.com/politica/noticia/2025/11/13/quaest-eleicao-2026-novembro.ghtml,Agosto,32,,5,1,5,,,10,10,,,,,,,,,,,,,15,,,,,,,,,,,,,,,,,,,,,,
genial-quaest-2026-11-09-3,Genial/Quaest,2026-11-06,2026-11-09,2004,2,https://g1.globo.com/politica/noticia/2025/11/13/quaest-eleicao-2026-novembro.ghtml,Julho,32,,5,1,5,,,10,10,,,,,,,,,,,,,15,,,,,,,,,,,,,,,,,,,,,,
genial-quaest-2026-11-09-4,Genial/Quaest,2026-11-06,2026-11-09,2004,2,https://g1.globo.com/politica/noticia/2025/11/13/quaest-eleicao-2026-novembro.ghtml,Junho,32,,5,1,5,,,10,10,,,,,,,,,,,,,15,,,,,,,,,,,,,,,,,,,,,,
genial-quaest-2026-11-09-5,Genial/Quaest,2026-11-06,2026-11-09,2004,2,https://g1.globo.com/politica/noticia/2025/11/13/quaest-eleicao-2026-novembro.ghtml,Maio,32,,5,1,5,,,10,10,,,,,,,,,,,,,15,,,,,,,,,,,,,,,,,,,,,,
genial-quaest-2026-11-09-6,Genial/Quaest,2026-11-06,2026-11-09,2004,2,https://g1.globo.com/politica/noticia/2025/11/13/quaest-eleicao-2026-novembro.ghtml,Abril,43,,,,36,,,,,,,,,,,,,,,,,,,,,,,,,,,,,,,,,,,,,,,
genial-quaest-2026-11-09-7,Genial/Quaest,2026-11-06,2026-11-09,2004,2,https://g1.globo.com/politica/noticia/2025/11/13/quaest-eleicao-2026-novembro.ghtml,Abril,42,,35,,,,,,,,,,,,,,,,,,,,,,,,,,,,,,,,,,,,,,,,,
genial-quaest-2026-11-09-8,Genial/Quaest,2026-11-06,2026-11-09,2004,2,https://g1.globo.com/politica/noticia/2025/11/13/quaest-eleicao-2026-novembro.ghtml,Abril,42,,,25,,,,,,,,,,,,,,,,,,,,,,,,,,,,,,,,,,,,,,,,
genial-quaest-2026-11-09-9,Genial/Quaest,2026-11-06,2026-11-09,2004,2,https://g1.globo.com/politica/noticia/2025/11/13/quaest-eleicao-2026-novembro.ghtml,Abril,42,,,,,,,,,,,,,,39,,,,,,,,,,,,,,,,,,,,,,,,,,,,,
genial-quaest-2026-11-09-10,Genial/Quaest,2026-11-06,2026-11-09,2004,2,https://g1.globo.com/politica/noticia/2025/11/13/quaest-eleicao-2026-novembro.ghtml,Abril,44,,,,,,,,,,,,,,,,,,,35,,,,,,,,,,,,,,,,,,,,,,,,
genial-quaest-2026-11-09-11,Genial/Quaest,2026-11-06,2026-11-09,2004,2,https://g1.globo.com/politica/noticia/2025/11/13/quaest-eleicao-2026-novembro.ghtml,Abril,41,,,,,,,,,,36,,,,,,,,,,,,,,,,,,,,,,,,,,,,,,,,,
genial-quaest-2026-11-09-12,Genial/Quaest,2026-11-06,2026-11-09,2004,2,https://g1.globo.com/politica/noticia/2025/11/13/quaest-eleicao-2026-novembro.ghtml,Abril,43,,,,,,,,,,,,,,,,,,,,,33,,,,,,,,,,,,,,,,,,,,,,
genial-quaest-2026-11-09-13,Genial/Quaest,2026-11-06,2026-11-09,2004,2,https://g1.globo.com/politica/noticia/2025/11/13/quaest-eleicao-2026-novembro.ghtml,Abril,40,,,,,,,35,,,,,,,,,,,,,,,,,,,,,,,,,,,,,,,,,,,,
genial-quaest-2026-11-09-14,Genial/Quaest,2026-11-06,2026-11-09,2004,2,https://g1.globo.com/politica/noticia/2025/11/13/quaest-eleicao-2026-novembro.ghtml,Abril,38,,,,,,,,33,,,,,,,,,,,,,,,,,,,,,,,,,,,,,,,,,,,
genial-quaest-2026-11-09-15,Genial/Quaest,2026-11-06,2026-11-09,2004,2,https://g1.globo.com/politica/noticia/2025/11/13/quaest-eleicao-2026-novembro.ghtml,Abril,41,,,,,,,,,,,,,,,,,,25,,,,,,,,,,,,,,,,,,,,,,,,,
cnt-mda-2026-11-10,CNT/MDA,2026-11-07,2026-11-10,2002,2.2,,Setembro,35.2,,,,,8.4,,,6.2,,,,,,32.2,,,,,,,,,,,8,,,,,,,,,,,,,,,,,,
cnt-mda-2026-11-10-2,CNT/MDA,2026-11-07,2026-11-10,2002,2.2,,Agosto,35.2,,,,,8.4,,,6.2,,,,,,32.2,,,,,,,,,,,8,,,,,,,,,,,,,,,,,,
cnt-mda-2026-11-10-3,CNT/MDA,2026-11-07,2026-11-10,2002,2.2,,Julho,35.2,,,,,8.4,,,6.2,,,,,,32.2,,,,,,,,,,,8,,,,,,,,,,,,,,,,,,
cnt-mda-2026-11-10-4,CNT/MDA,2026-11-07,2026-11-10,2002,2.2,,Junho,35.2,,,,,8.4,,,6.2,,,,,,32.2,,,,,,,,,,,8,,,,,,,,,,,,,,,,,,
cnt-mda-2026-11-10-5,CNT/MDA,2026-11-07,2026-11-10,2002,2.2,,Maio,35.2,,,,,8.4,,,6.2,,,,,,32.2,,,,,,,,,,,8,,,,,,,,,,,,,,,,,,
parana-pesquisas-2026-11-10,Paraná Pesquisas,2026-11-06,2026-11-10,2020,2.2,https://paranapesquisas.com.br/pesquisas/parana-pesquisas-divulga-pesquisa-nacional-sobre-avaliacao-da-adaministracao-federal-novembro-2025/,Setembro,,20.5,5.8,,5.2,,,11.8,14.9,,,,,,,,,,,,20.6,,,,,,,,,,,,,,,,,,,,,,,
parana-pesquisas-2026-11-10-2,Paraná Pesquisas,2026-11-06,2026-11-10,2020,2.2,https://paranapesquisas.com.br/pesquisas/parana-pesquisas-divulga-pesquisa-nacional-sobre-avaliacao-da-adaministracao-federal-novembro-2025/,Agosto,,20.5,5.8,,5.2,,,11.8,14.9,,,,,,,,,,,,20.6,,,,,,,,,,,,,,,,,,,,,,,
parana-pesquisas-2026-11-10-3,Paraná Pesquisas,2026-11-06,2026-11-10,2020,2.2,https://paranapesquisas.com.br/pesquisas/parana-pesquisas-divulga-pesquisa-nacional-sobre-avaliacao-da-adaministracao-federal-novembro-2025/,Julho,,20.5,5.8,,5.2,,,11.8,14.9,,,,,,,,,,,,20.6,,,,,,,,,,,,,,,,,,,,,,,
parana-pesquisas-2026-11-10-4,Paraná Pesquisas,2026-11-06,2026-11-10,2020,2.2,https://paranapesquisas.com.br/pesquisas/parana-pesquisas-divulga-pesquisa-nacional-sobre-avaliacao-da-adaministracao-federal-novembro-2025/,Junho,,20.5,5.8,,5.2,,,11.8,14.9,,,,,,,,,,,,20.6,,,,,,,,,,,,,,,,,,,,,,,
parana-pesquisas-2026-11-10-5,Paraná Pesquisas,2026-11-06,2026-11-10,2020,2.2,https://paranapesquisas.com.br/pesquisas/parana-pesquisas-divulga-pesquisa-nacional-sobre-avaliacao-da-adaministracao-federal-novembro-2025/,Maio,,20.5,5.8,,5.2,,,11.8,14.9,,,,,,,,,,,,20.6,,,,,,,,,,,,,,,,,,,,,,,
parana-pesquisas-2026-11-10-6,Paraná Pesquisas,2026-11-06,2026-11-10,2020,2.2,https://paranapesquisas.com.br/pesquisas/parana-pesquisas-divulga-pesquisa-nacional-sobre-avaliacao-da-adaministracao-federal-novembro-2025/,Abril,45.4,38.6,,,,,,,,,,,,,,,,,,,,,,,,,,,,,,,,,,,,,,,,,,
parana-pesquisas-2026-11-10-7,Paraná Pesquisas,2026-11-06,2026-11-10,2020,2.2,https://paranapesquisas.com.br/pesquisas/parana-pesquisas-divulga-pesquisa-nacional-sobre-avaliacao-da-adaministracao-federal-novembro-2025/,Abril,43.7,,,,,,,,,,,,,,43.1,,,,,,,,,,,,,,,,,,,,,,,,,,,,,
parana-pesquisas-2026-11-10-8,Paraná Pesquisas,2026-11-06,2026-11-10,2020,2.2,https://paranapesquisas.com.br/pesquisas/parana-pesquisas-divulga-pesquisa-nacional-sobre-avaliacao-da-adaministracao-federal-novembro-2025/,Abril,44.1,,,,,,,,,,,,,,,,,,,42.7,,,,,,,,,,,,,,,,,,,,,,,,
parana-pesquisas-2026-11-10-9,Paraná Pesquisas,2026-11-06,2026-11-10,2020,2.2,https://paranapesquisas.com.br/pesquisas/parana-pesquisas-divulga-pesquisa-nacional-sobre-avaliacao-da-adaministracao-federal-novembro-2025/,Abril,43,,,,,,,,,,41.8,,,,,,,,,,,,,,,,,,,,,,,,,,,,,,,,,
parana-pesquisas-2026-11-10-10,Paraná Pesquisas,2026-11-06,2026-11-10,2020,2.2,https://paranapesquisas.com.br/pesquisas/parana-pesquisas-divulga-pesquisa-nacional-sobre-avaliacao-da-adaministracao-federal-novembro-2025/,Março,45.4,38.6,,,,,,,,,,,,,,,,,,,,,,,,,,,,,,,,,,,,,,,,,,
instituto-franca-2026-11-13,Instituto França,2026-11-04,2026-11-13,1654,2.4,,Setembro,28.9,,1.4,,4,7.4,,1.9,6.6,,,,,,25.2,,,,,,,,,,,,,,,4,,,,,,,,,,,,,,
instituto-franca-2026-11-13-2,Instituto França,2026-11-04,2026-11-13,1654,2.4,,Agosto,28.9,,1.4,,4,7.4,,1.9,6.6,,,,,,25.2,,,,,,,,,,,,,,,4,,,,,,,,,,,,,,
instituto-franca-2026-11-13-3,Instituto França,2026-11-04,2026-11-13,1654,2.4,,Julho,28.9,,1.4,,4,7.4,,1.9,6.6,,,,,,25.2,,,,,,,,,,,,,,,4,,,,,,,,,,,,,,
instituto-franca-2026-11-13-4,Instituto França,2026-11-04,2026-11-13,1654,2.4,,Junho,28.9,,1.4,,4,7.4,,1.9,6.6,,,,,,25.2,,,,,,,,,,,,,,,4,,,,,,,,,,,,,,
instituto-franca-2026-11-13-5,Instituto França,2026-11-04,2026-11-13,1654,2.4,,Maio,28.9,,1.4,,4,7.4,,1.9,6.6,,,,,,25.2,,,,,,,,,,,,,,,4,,,,,,,,,,,,,,
cnt-mda-2026-11-23,CNT/MDA,2026-11-19,2026-11-23,2002,2.2,https://www.cnt.org.br/pesquisas,Setembro,38.8,,4,,2.7,,,6.4,9.6,,,,,,27,,,,,,,,,,,,,,,,,,,,,,,,,,,,,
cnt-mda-2026-11-23-2,CNT/MDA,2026-11-19,2026-11-23,2002,2.2,https://www.cnt.org.br/pesquisas,Agosto,38.8,,4,,2.7,,,6.4,9.6,,,,,,27,,,,,,,,,,,,,,,,,,,,,,,,,,,,,
cnt-mda-2026-11-23-3,CNT/MDA,2026-11-19,2026-11-23,2002,2.2,https://www.cnt.org.br/pesquisas,Julho,38.8,,4,,2.7,,,6.4,9.6,,,,,,27,,,,,,,,,,,,,,,,,,,,,,,,,,,,,
cnt-mda-2026-11-23-4,CNT/MDA,2026-11-19,2026-11-23,2002,2.2,https://www.cnt.org.br/pesquisas,Junho,38.8,,4,,2.7,,,6.4,9.6,,,,,,27,,,,,,,,,,,,,,,,,,,,,,,,,,,,,
cnt-mda-2026-11-23-5,CNT/MDA,2026-11-19,2026-11-23,2002,2.2,https://www.cnt.org.br/pesquisas,Maio,38.8,,4,,2.7,,,6.4,9.6,,,,,,27,,,,,,,,,,,,,,,,,,,,,,,,,,,,,
cnt-mda-2026-11-23-6,CNT/MDA,2026-11-19,2026-11-23,2002,2.2,https://www.cnt.org.br/pesquisas,Abril,47.9,,,,33.5,,,,,,,,,,,,,,,,,,,,,,,,,,,,,,,,,,,,,,,
cnt-mda-2026-11-23-7,CNT/MDA,2026-11-19,2026-11-23,2002,2.2,https://www.cnt.org.br/pesquisas,Abril,46.9,,33.7,,,,,,,,,,,,,,,,,,,,,,,,,,,,,,,,,,,,,,,,,
cnt-mda-2026-11-23-8,CNT/MDA,2026-11-19,2026-11-23,2002,2.2,https://www.cnt.org.br/pesquisas,Abril,49.2,,,,,,,,,,,,,,36.9,,,,,,,,,,,,,,,,,,,,,,,,,,,,,
cnt-mda-2026-11-23-9,CNT/MDA,2026-11-19,2026-11-23,2002,2.2,https://www.cnt.org.br/pesquisas,Abril,49.1,,,,,,,,,,,,,,,,,,,35.6,,,,,,,,,,,,,,,,,,,,,,,,
cnt-mda-2026-11-23-10,CNT/MDA,2026-11-19,2026-11-23,2002,2.2,https://www.cnt.org.br/pesquisas,Abril,45.7,,,,,,,,,,39.1,,,,,,,,,,,,,,,,,,,,,,,,,,,,,,,,,
cnt-mda-2026-11-23-11,CNT/MDA,2026-11-19,2026-11-23,2002,2.2,https://www.cnt.org.br/pesquisas,Abril,49.9,,,,,,,,,,,,,,,,,,,,,33.3,,,,,,,,,,,,,,,,,,,,,,
cnt-mda-2026-11-23-12,CNT/MDA,2026-11-19,2026-11-23,2002,2.2,https://www.cnt.org.br/pesquisas,Abril,45.8,,,,,,,38.7,,,,,,,,,,,,,,,,,,,,,,,,,,,,,,,,,,,,
cnt-mda-2026-11-23-13,CNT/MDA,2026-11-19,2026-11-23,2002,2.2,https://www.cnt.org.br/pesquisas,Abril,44.1,,,,,,,,35.1,,,,,,,,,,,,,,,,,,,,,,,,,,,,,,,,,,,
parana-pesquisas-2026-11-25,Paraná Pesquisas,2026-11-21,2026-11-25,2014,2.2,,Setembro,33.6,,3.5,,,,,,7.9,,,,,,37.6,,,,,,,,,,,7.7,,,,,,,,,,,,,,,,,,
parana-pesquisas-2026-11-25-2,Paraná Pesquisas,2026-11-21,2026-11-25,2014,2.2,,Agosto,33.6,,3.5,,,,,,7.9,,,,,,37.6,,,,,,,,,,,7.7,,,,,,,,,,,,,,,,,,
parana-pesquisas-2026-11-25-3,Paraná Pesquisas,2026-11-21,2026-11-25,2014,2.2,,Julho,33.6,,3.5,,,,,,7.9,,,,,,37.6,,,,,,,,,,,7.7,,,,,,,,,,,,,,,,,,
parana-pesquisas-2026-11-25-4,Paraná Pesquisas,2026-11-21,2026-11-25,2014,2.2,,Junho,33.6,,3.5,,,,,,7.9,,,,,,37.6,,,,,,,,,,,7.7,,,,,,,,,,,,,,,,,,
parana-pesquisas-2026-11-25-5,Paraná Pesquisas,2026-11-21,2026-11-25,2014,2.2,,Maio,33.6,,3.5,,,,,,7.9,,,,,,37.6,,,,,,,,,,,7.7,,,,,,,,,,,,,,,,,,
parana-pesquisas-2026-11-25-6,Paraná Pesquisas,2026-11-21,2026-11-25,2014,2.2,,Abril,41.9,,,,,,,,,,,,,,43.7,,,,,,,,,,,,,,,,,,,,,,,,,,,,,
parana-pesquisas-2026-11-25-7,Paraná Pesquisas,2026-11-21,2026-11-25,2014,2.2,,Abril,42.7,,,,,,,,,,,,,,,,,,,40.8,,,,,,,,,,,,,,,,,,,,,,,,
parana-pesquisas-2026-11-25-8,Paraná Pesquisas,2026-11-21,2026-11-25,2014,2.2,,Abril,43,,,,,,,,,,39.2,,,,,,,,,,,,,,,,,,,,,,,,,,,,,,,,,
atlasintel-2026-11-27,AtlasIntel,2026-11-22,2026-11-27,5510,1,,Setembro,,,5.6,2,2.9,,,4.2,,,32.3,,,,,,,,,,44.4,,,,,,,,,,,,,,,,,,,,,,,
atlasintel-2026-11-27-2,AtlasIntel,2026-11-22,2026-11-27,5510,1,,Agosto,,,5.6,2,2.9,,,4.2,,,32.3,,,,,,,,,,44.4,,,,,,,,,,,,,,,,,,,,,,,
atlasintel-2026-11-27-3,AtlasIntel,2026-11-22,2026-11-27,5510,1,,Julho,,,5.6,2,2.9,,,4.2,,,32.3,,,,,,,,,,44.4,,,,,,,,,,,,,,,,,,,,,,,
atlasintel-2026-11-27-4,AtlasIntel,2026-11-22,2026-11-27,5510,1,,Junho,,,5.6,2,2.9,,,4.2,,,32.3,,,,,,,,,,44.4,,,,,,,,,,,,,,,,,,,,,,,
atlasintel-2026-11-27-5,AtlasIntel,2026-11-22,2026-11-27,5510,1,,Maio,,,5.6,2,2.9,,,4.2,,,32.3,,,,,,,,,,44.4,,,,,,,,,,,,,,,,,,,,,,,
atlasintel-2026-11-27-6,AtlasIntel,2026-11-22,2026-11-27,5510,1,,Abril,49,,,,41,,,,,,,,,,,,,,,,,,,,,,,,,,,,,,,,,,,,,,,
atlasintel-2026-11-27-7,AtlasIntel,2026-11-22,2026-11-27,5510,1,,Abril,49,,41,,,,,,,,,,,,,,,,,,,,,,,,,,,,,,,,,,,,,,,,,
atlasintel-2026-11-27-8,AtlasIntel,2026-11-22,2026-11-27,5510,1,,Abril,48,,,,,,,,,,,,,,47,,,,,,,,,,,,,,,,,,,,,,,,,,,,,
atlasintel-2026-11-27-9,AtlasIntel,2026-11-22,2026-11-27,5510,1,,Abril,49,,,,,,,,,,,,,,,,,,,47,,,,,,,,,,,,,,,,,,,,,,,,
atlasintel-2026-11-27-10,AtlasIntel,2026-11-22,2026-11-27,5510,1,,Abril,49,,,,,,,,,,47,,,,,,,,,,,,,,,,,,,,,,,,,,,,,,,,,
atlasintel-2026-11-27-11,AtlasIntel,2026-11-22,2026-11-27,5510,1,,Abril,49,,,,,,,40,,,,,,,,,,,,,,,,,,,,,,,,,,,,,,,,,,,,
atlasintel-2026-11-27-12,AtlasIntel,2026-11-22,2026-11-27,5510,1,,Abril,47,,,,,,,,,,,,,,,,,,28,,,,,,,,,,,,,,,,,,,,,,,,,
datafolha-2026-12-04,Datafolha,2026-12-02,2026-12-04,2002,2,https://www1.folha.uol.com.br/poder/2025/12/datafolha-lula-bate-flavio-bolsonaro-por-15-pontos-e-tarcisio-por-5-no-2o-turno.shtml,Setembro,41,,6,,5,,,10,,,,,,,,,,,,24,,,,,,,,,,,,,,,,,,,,,,,,
datafolha-2026-12-04-2,Datafolha,2026-12-02,2026-12-04,2002,2,https://www1.folha.uol.com.br/poder/2025/12/datafolha-lula-bate-flavio-bolsonaro-por-15-pontos-e-tarcisio-por-5-no-2o-turno.shtml,Agosto,41,,6,,5,,,10,,,,,,,,,,,,24,,,,,,,,,,,,,,,,,,,,,,,,
datafolha-2026-12-04-3,Datafolha,2026-12-02,2026-12-04,2002,2,https://www1.folha.uol.com.br/poder/2025/12/datafolha-lula-bate-flavio-bolsonaro-por-15-pontos-e-tarcisio-por-5-no-2o-turno.shtml,Julho,41,,6,,5,,,10,,,,,,,,,,,,24,,,,,,,,,,,,,,,,,,,,,,,,
datafolha-2026-12-04-4,Datafolha,2026-12-02,2026-12-04,2002,2,https://www1.folha.uol.com.br/poder/2025/12/datafolha-lula-bate-flavio-bolsonaro-por-15-pontos-e-tarcisio-por-5-no-2o-turno.shtml,Junho,41,,6,,5,,,10,,,,,,,,,,,,24,,,,,,,,,,,,,,,,,,,,,,,,
datafolha-2026-12-04-5,Datafolha,2026-12-02,2026-12-04,2002,2,https://www1.folha.uol.com.br/poder/2025/12/datafolha-lula-bate-flavio-bolsonaro-por-15-pontos-e-tarcisio-por-5-no-2o-turno.shtml,Maio,41,,6,,5,,,10,,,,,,,,,,,,24,,,,,,,,,,,,,,,,,,,,,,,,
datafolha-2026-12-04-6,Datafolha,2026-12-02,2026-12-04,2002,2,https://www1.folha.uol.com.br/poder/2025/12/datafolha-lula-bate-flavio-bolsonaro-por-15-pontos-e-tarcisio-por-5-no-2o-turno.shtml,Abril,51,36,,,,,,,,,,,,,,,,,,,,,,,,,,,,,,,,,,,,,,,,,,
datafolha-2026-12-04-7,Datafolha,2026-12-02,2026-12-04,2002,2,https://www1.folha.uol.com.br/poder/2025/12/datafolha-lula-bate-flavio-bolsonaro-por-15-pontos-e-tarcisio-por-5-no-2o-turno.shtml,Abril,49,,,,,,,,,,,,,,40,,,,,,,,,,,,,,,,,,,,,,,,,,,,,
datafolha-2026-12-04-8,Datafolha,2026-12-02,2026-12-04,2002,2,https://www1.folha.uol.com.br/poder/2025/12/datafolha-lula-bate-flavio-bolsonaro-por-15-pontos-e-tarcisio-por-5-no-2o-turno.shtml,Abril,50,,,,,,,,,,,,,,,,,,,39,,,,,,,,,,,,,,,,,,,,,,,,
datafolha-2026-12-04-9,Datafolha,2026-12-02,2026-12-04,2002,2,https://www1.folha.uol.com.br/poder/2025/12/datafolha-lula-bate-flavio-bolsonaro-por-15-pontos-e-tarcisio-por-5-no-2o-turno.shtml,Abril,47,,,,,,,,,,42,,,,,,,,,,,,,,,,,,,,,,,,,,,,,,,,,
datafolha-2026-12-04-10,Datafolha,2026-12-02,2026-12-04,2002,2,https://www1.folha.uol.com.br/poder/2025/12/datafolha-lula-bate-flavio-bolsonaro-por-15-pontos-e-tarcisio-por-5-no-2o-turno.shtml,Abril,52,,,,,,,,,,,,,,,,,,,,,35,,,,,,,,,,,,,,,,,,,,,,
datafolha-2026-12-04-11,Datafolha,2026-12-02,2026-12-04,2002,2,https://www1.folha.uol.com.br/poder/2025/12/datafolha-lula-bate-flavio-bolsonaro-por-15-pontos-e-tarcisio-por-5-no-2o-turno.shtml,Abril,47,,,,,,,41,,,,,,,,,,,,,,,,,,,,,,,,,,,,,,,,,,,,
datafolha-2026-12-04-12,Datafolha,2026-12-02,2026-12-04,2002,2,https://www1.folha.uol.com.br/poder/2025/12/datafolha-lula-bate-flavio-bolsonaro-por-15-pontos-e-tarcisio-por-5-no-2o-turno.shtml,Março,51,36,,,,,,,,,,,,,,,,,,,,,,,,,,,,,,,,,,,,,,,,,,
verita-2026-12-07,Veritá,2026-12-06,2026-12-07,2519,2,https://oantagonista.com.br/brasil/instituto-verita-tarcisio-e-michelle-sao-mais-fortes-que-flavio-em-2026/,Abril,39.8,39.2,,,,,,,,,,,,,,,,,,,,,,,,,,,,,,,,,,,,,,,,,,
verita-2026-12-07-2,Veritá,2026-12-06,2026-12-07,2519,2,https://oantagonista.com.br/brasil/instituto-verita-tarcisio-e-michelle-sao-mais-fortes-que-flavio-em-2026/,Abril,40.3,,,,,,,,,,44.9,,,,,,,,,,,,,,,,,,,,,,,,,,,,,,,,,
verita-2026-12-07-3,Veritá,2026-12-06,2026-12-07,2519,2,https://oantagonista.com.br/brasil/instituto-verita-tarcisio-e-michelle-sao-mais-fortes-que-flavio-em-2026/,Março,39.8,39.2,,,,,,,,,,,,,,,,,,,,,,,,,,,,,,,,,,,,,,,,,,
ipsos-ipec-2026-12-08,Ipsos-Ipec,2026-12-04,2026-12-08,2000,2,,Setembro,38,,5,,4,,,8,,,,,,,,,,,,23,,,,,,,,,,,,,,,,,,,,,,,,
ipsos-ipec-2026-12-08-2,Ipsos-Ipec,2026-12-04,2026-12-08,2000,2,,Agosto,38,,5,,4,,,8,,,,,,,,,,,,23,,,,,,,,,,,,,,,,,,,,,,,,
ipsos-ipec-2026-12-08-3,Ipsos-Ipec,2026-12-04,2026-12-08,2000,2,,Julho,38,,5,,4,,,8,,,,,,,,,,,,23,,,,,,,,,,,,,,,,,,,,,,,,
ipsos-ipec-2026-12-08-4,Ipsos-Ipec,2026-12-04,2026-12-08,2000,2,,Junho,38,,5,,4,,,8,,,,,,,,,,,,23,,,,,,,,,,,,,,,,,,,,,,,,
ipsos-ipec-2026-12-08-5,Ipsos-Ipec,2026-12-04,2026-12-08,2000,2,,Maio,38,,5,,4,,,8,,,,,,,,,,,,23,,,,,,,,,,,,,,,,,,,,,,,,
apex-futura-2026-12-09,Apex/Futura,2026-12-03,2026-12-09,2001,2,https://exame.com/brasil/pesquisa-futura-lula-empataria-com-flavio-e-perderia-de-tarcisio-no-2o-turno/,Setembro,34.8,,4.6,,4.2,,,8.8,,,25.6,,,,,,,,,,,,,,,,,,,,,,,,,,,,,,,,,
apex-futura-2026-12-09-2,Apex/Futura,2026-12-03,2026-12-09,2001,2,https://exame.com/brasil/pesquisa-futura-lula-empataria-com-flavio-e-perderia-de-tarcisio-no-2o-turno/,Agosto,34.8,,4.6,,4.2,,,8.8,,,25.6,,,,,,,,,,,,,,,,,,,,,,,,,,,,,,,,,
apex-futura-2026-12-09-3,Apex/Futura,2026-12-03,2026-12-09,2001,2,https://exame.com/brasil/pesquisa-futura-lula-empataria-com-flavio-e-perderia-de-tarcisio-no-2o-turno/,Julho,34.8,,4.6,,4.2,,,8.8,,,25.6,,,,,,,,,,,,,,,,,,,,,,,,,,,,,,,,,
apex-futura-2026-12-09-4,Apex/Futura,2026-12-03,2026-12-09,2001,2,https://exame.com/brasil/pesquisa-futura-lula-empataria-com-flavio-e-perderia-de-tarcisio-no-2o-turno/,Junho,34.8,,4.6,,4.2,,,8.8,,,25.6,,,,,,,,,,,,,,,,,,,,,,,,,,,,,,,,,
apex-futura-2026-12-09-5,Apex/Futura,2026-12-03,2026-12-09,2001,2,https://exame.com/brasil/pesquisa-futura-lula-empataria-com-flavio-e-perderia-de-tarcisio-no-2o-turno/,Maio,34.8,,4.6,,4.2,,,8.8,,,25.6,,,,,,,,,,,,,,,,,,,,,,,,,,,,,,,,,
apex-futura-2026-12-09-6,Apex/Futura,2026-12-03,2026-12-09,2001,2,https://exame.com/brasil/pesquisa-futura-lula-empataria-com-flavio-e-perderia-de-tarcisio-no-2o-turno/,Abril,42.1,41.6,,,,,,,,,,,,,,,,,,,,,,,,,,,,,,,,,,,,,,,,,,
apex-futura-2026-12-09-7,Apex/Futura,2026-12-03,2026-12-09,2001,2,https://exame.com/brasil/pesquisa-futura-lula-empataria-com-flavio-e-perderia-de-tarcisio-no-2o-turno/,Abril,40.7,,,,39.9,,,,,,,,,,,,,,,,,,,,,,,,,,,,,,,,,,,,,,,
apex-futura-2026-12-09-8,Apex/Futura,2026-12-03,2026-12-09,2001,2,https://exame.com/brasil/pesquisa-futura-lula-empataria-com-flavio-e-perderia-de-tarcisio-no-2o-turno/,Abril,39.6,,41.5,,,,,,,,,,,,,,,,,,,,,,,,,,,,,,,,,,,,,,,,,
apex-futura-2026-12-09-9,Apex/Futura,2026-12-03,2026-12-09,2001,2,https://exame.com/brasil/pesquisa-futura-lula-empataria-com-flavio-e-perderia-de-tarcisio-no-2o-turno/,Abril,41.5,,,,,,,,,,,,,,,,,,,45.8,,,,,,,,,,,,,,,,,,,,,,,,
apex-futura-2026-12-09-10,Apex/Futura,2026-12-03,2026-12-09,2001,2,https://exame.com/brasil/pesquisa-futura-lula-empataria-com-flavio-e-perderia-de-tarcisio-no-2o-turno/,Abril,39.3,,,,,,,,,,47.3,,,,,,,,,,,,,,,,,,,,,,,,,,,,,,,,,
apex-futura-2026-12-09-11,Apex/Futura,2026-12-03,2026-12-09,2001,2,https://exame.com/brasil/pesquisa-futura-lula-empataria-com-flavio-e-perderia-de-tarcisio-no-2o-turno/,Abril,39.5,,,,,,,43.6,,,,,,,,,,,,,,,,,,,,,,,,,,,,,,,,,,,,
apex-futura-2026-12-09-12,Apex/Futura,2026-12-03,2026-12-09,2001,2,https://exame.com/brasil/pesquisa-futura-lula-empataria-com-flavio-e-perderia-de-tarcisio-no-2o-turno/,Março,42.1,41.6,,,,,,,,,,,,,,,,,,,,,,,,,,,,,,,,,,,,,,,,,,
genial-quaest-2026-12-09,Genial/Quaest,2026-12-04,2026-12-09,8598,1,https://www.cnnbrasil.com.br/politica/lula-vence-bolsonaro-tarcisio-marcal-e-caiado-em-eventual-2o-turno-em-2026-diz-quaest/,Abril,54,,20,,,,,,,,,,,,,,,,,,,,,,,,,,,,,,,,,,,,,,,,,
genial-quaest-2026-12-09-2,Genial/Quaest,2026-12-04,2026-12-09,8598,1,https://www.cnnbrasil.com.br/politica/lula-vence-bolsonaro-tarcisio-marcal-e-caiado-em-eventual-2o-turno-em-2026-diz-quaest/,Abril,51,,,,,,,,,,,,,,35,,,,,,,,,,,,,,,,,,,,,,,,,,,,,
genial-quaest-2026-12-09-3,Genial/Quaest,2026-12-04,2026-12-09,8598,1,https://www.cnnbrasil.com.br/politica/lula-vence-bolsonaro-tarcisio-marcal-e-caiado-em-eventual-2o-turno-em-2026-diz-quaest/,Abril,52,,,,,,,,,,26,,,,,,,,,,,,,,,,,,,,,,,,,,,,,,,,,
genial-quaest-2026-12-09-4,Genial/Quaest,2026-12-04,2026-12-09,8598,1,https://www.cnnbrasil.com.br/politica/lula-vence-bolsonaro-tarcisio-marcal-e-caiado-em-eventual-2o-turno-em-2026-diz-quaest/,Abril,52,,,,,27,,,,,,,,,,,,,,,,,,,,,,,,,,,,,,,,,,,,,,
genial-quaest-2026-12-09-5,Genial/Quaest,2026-12-04,2026-12-09,8598,1,https://www.cnnbrasil.com.br/politica/lula-vence-bolsonaro-tarcisio-marcal-e-caiado-em-eventual-2o-turno-em-2026-diz-quaest/,Abril,,,,,,,,,,,,,,,35,,,,,,42,,,,,,,,,,,,,,,,,,,,,,,
genial-quaest-2026-12-09-6,Genial/Quaest,2026-12-04,2026-12-09,8598,1,https://www.cnnbrasil.com.br/politica/lula-vence-bolsonaro-tarcisio-marcal-e-caiado-em-eventual-2o-turno-em-2026-diz-quaest/,Abril,,,,,,,,,,,25,,,,,,,,,,44,,,,,,,,,,,,,,,,,,,,,,,
genial-quaest-2026-12-09-7,Genial/Quaest,2026-12-04,2026-12-09,8598,1,https://www.cnnbrasil.com.br/politica/lula-vence-bolsonaro-tarcisio-marcal-e-caiado-em-eventual-2o-turno-em-2026-diz-quaest/,Abril,,,,,,28,,,,,,,,,,,,,,,42,,,,,,,,,,,,,,,,,,,,,,,
genial-quaest-2026-12-09-8,Genial/Quaest,2026-12-04,2026-12-09,8598,1,https://www.cnnbrasil.com.br/politica/lula-vence-bolsonaro-tarcisio-marcal-e-caiado-em-eventual-2o-turno-em-2026-diz-quaest/,Abril,,,19,,,,,,,,,,,,,,,,,,45,,,,,,,,,,,,,,,,,,,,,,,
gerp-2026-12-10,Gerp,2026-12-06,2026-12-10,2000,2.24,https://jovempan.com.br/noticias/politica/pesquisa-gerp-lula-lidera-primeiro-turno-mas-empata-com-flavio-bolsonaro-no-segundo.html,Setembro,34,25,6,,4,,,8,7,,,,,,,,,,,,,,,,,,,,,,,,,,,,,,,,,,,
gerp-2026-12-10-2,Gerp,2026-12-06,2026-12-10,2000,2.24,https://jovempan.com.br/noticias/politica/pesquisa-gerp-lula-lidera-primeiro-turno-mas-empata-com-flavio-bolsonaro-no-segundo.html,Agosto,34,25,6,,4,,,8,7,,,,,,,,,,,,,,,,,,,,,,,,,,,,,,,,,,,
gerp-2026-12-10-3,Gerp,2026-12-06,2026-12-10,2000,2.24,https://jovempan.com.br/noticias/politica/pesquisa-gerp-lula-lidera-primeiro-turno-mas-empata-com-flavio-bolsonaro-no-segundo.html,Julho,34,25,6,,4,,,8,7,,,,,,,,,,,,,,,,,,,,,,,,,,,,,,,,,,,
gerp-2026-12-10-4,Gerp,2026-12-06,2026-12-10,2000,2.24,https://jovempan.com.br/noticias/politica/pesquisa-gerp-lula-lidera-primeiro-turno-mas-empata-com-flavio-bolsonaro-no-segundo.html,Junho,34,25,6,,4,,,8,7,,,,,,,,,,,,,,,,,,,,,,,,,,,,,,,,,,,
gerp-2026-12-10-5,Gerp,2026-12-06,2026-12-10,2000,2.24,https://jovempan.com.br/noticias/politica/pesquisa-gerp-lula-lidera-primeiro-turno-mas-empata-com-flavio-bolsonaro-no-segundo.html,Maio,34,25,6,,4,,,8,7,,,,,,,,,,,,,,,,,,,,,,,,,,,,,,,,,,,
gerp-2026-12-10-6,Gerp,2026-12-06,2026-12-10,2000,2.24,https://jovempan.com.br/noticias/politica/pesquisa-gerp-lula-lidera-primeiro-turno-mas-empata-com-flavio-bolsonaro-no-segundo.html,Abril,41,42,,,,,,,,,,,,,,,,,,,,,,,,,,,,,,,,,,,,,,,,,,
gerp-2026-12-10-7,Gerp,2026-12-06,2026-12-10,2000,2.24,https://jovempan.com.br/noticias/politica/pesquisa-gerp-lula-lidera-primeiro-turno-mas-empata-com-flavio-bolsonaro-no-segundo.html,Abril,40,,,,34,,,,,,,,,,,,,,,,,,,,,,,,,,,,,,,,,,,,,,,
gerp-2026-12-10-8,Gerp,2026-12-06,2026-12-10,2000,2.24,https://jovempan.com.br/noticias/politica/pesquisa-gerp-lula-lidera-primeiro-turno-mas-empata-com-flavio-bolsonaro-no-segundo.html,Abril,40,,34,,,,,,,,,,,,,,,,,,,,,,,,,,,,,,,,,,,,,,,,,
gerp-2026-12-10-9,Gerp,2026-12-06,2026-12-10,2000,2.24,https://jovempan.com.br/noticias/politica/pesquisa-gerp-lula-lidera-primeiro-turno-mas-empata-com-flavio-bolsonaro-no-segundo.html,Abril,40,,,,,,,,,,,,,,43,,,,,,,,,,,,,,,,,,,,,,,,,,,,,
gerp-2026-12-10-10,Gerp,2026-12-06,2026-12-10,2000,2.24,https://jovempan.com.br/noticias/politica/pesquisa-gerp-lula-lidera-primeiro-turno-mas-empata-com-flavio-bolsonaro-no-segundo.html,Abril,41,,,,,,,39,,,,,,,,,,,,,,,,,,,,,,,,,,,,,,,,,,,,
gerp-2026-12-10-11,Gerp,2026-12-06,2026-12-10,2000,2.24,https://jovempan.com.br/noticias/politica/pesquisa-gerp-lula-lidera-primeiro-turno-mas-empata-com-flavio-bolsonaro-no-segundo.html,Abril,38,,,,,,,,33,,,,,,,,,,,,,,,,,,,,,,,,,,,,,,,,,,,
gerp-2026-12-10-12,Gerp,2026-12-06,2026-12-10,2000,2.24,https://jovempan.com.br/noticias/politica/pesquisa-gerp-lula-lidera-primeiro-turno-mas-empata-com-flavio-bolsonaro-no-segundo.html,Abril,43,,,,,31,,,,,,,,,,,,,,,,,,,,,,,,,,,,,,,,,,,,,,
gerp-2026-12-10-13,Gerp,2026-12-06,2026-12-10,2000,2.24,https://jovempan.com.br/noticias/politica/pesquisa-gerp-lula-lidera-primeiro-turno-mas-empata-com-flavio-bolsonaro-no-segundo.html,Março,41,42,,,,,,,,,,,,,,,,,,,,,,,,,,,,,,,,,,,,,,,,,,
genial-quaest-2026-12-14,Genial/Quaest,2026-12-11,2026-12-14,2004,2,https://veja.abril.com.br/politica/nova-pesquisa-genial-quaest-e-boa-para-flavio-bolsonaro-e-ruim-para-tarcisio/,Setembro,34,21,2,1,4,,,12,8,1,,,,,,,,,,,,,,,,,,,,,,,,,,,,,,,,,,
genial-quaest-2026-12-14-2,Genial/Quaest,2026-12-11,2026-12-14,2004,2,https://veja.abril.com.br/politica/nova-pesquisa-genial-quaest-e-boa-para-flavio-bolsonaro-e-ruim-para-tarcisio/,Agosto,34,21,2,1,4,,,12,8,1,,,,,,,,,,,,,,,,,,,,,,,,,,,,,,,,,,
genial-quaest-2026-12-14-3,Genial/Quaest,2026-12-11,2026-12-14,2004,2,https://veja.abril.com.br/politica/nova-pesquisa-genial-quaest-e-boa-para-flavio-bolsonaro-e-ruim-para-tarcisio/,Julho,34,21,2,1,4,,,12,8,1,,,,,,,,,,,,,,,,,,,,,,,,,,,,,,,,,,
genial-quaest-2026-12-14-4,Genial/Quaest,2026-12-11,2026-12-14,2004,2,https://veja.abril.com.br/politica/nova-pesquisa-genial-quaest-e-boa-para-flavio-bolsonaro-e-ruim-para-tarcisio/,Junho,34,21,2,1,4,,,12,8,1,,,,,,,,,,,,,,,,,,,,,,,,,,,,,,,,,,
genial-quaest-2026-12-14-5,Genial/Quaest,2026-12-11,2026-12-14,2004,2,https://veja.abril.com.br/politica/nova-pesquisa-genial-quaest-e-boa-para-flavio-bolsonaro-e-ruim-para-tarcisio/,Maio,34,21,2,1,4,,,12,8,1,,,,,,,,,,,,,,,,,,,,,,,,,,,,,,,,,,
genial-quaest-2026-12-14-6,Genial/Quaest,2026-12-11,2026-12-14,2004,2,https://veja.abril.com.br/politica/nova-pesquisa-genial-quaest-e-boa-para-flavio-bolsonaro-e-ruim-para-tarcisio/,Abril,46,36,,,,,,,,,,,,,,,,,,,,,,,,,,,,,,,,,,,,,,,,,,
genial-quaest-2026-12-14-7,Genial/Quaest,2026-12-11,2026-12-14,2004,2,https://veja.abril.com.br/politica/nova-pesquisa-genial-quaest-e-boa-para-flavio-bolsonaro-e-ruim-para-tarcisio/,Abril,45,,,,33,,,,,,,,,,,,,,,,,,,,,,,,,,,,,,,,,,,,,,,
genial-quaest-2026-12-14-8,Genial/Quaest,2026-12-11,2026-12-14,2004,2,https://veja.abril.com.br/politica/nova-pesquisa-genial-quaest-e-boa-para-flavio-bolsonaro-e-ruim-para-tarcisio/,Abril,44,,33,,,,,,,,,,,,,,,,,,,,,,,,,,,,,,,,,,,,,,,,,
genial-quaest-2026-12-14-9,Genial/Quaest,2026-12-11,2026-12-14,2004,2,https://veja.abril.com.br/politica/nova-pesquisa-genial-quaest-e-boa-para-flavio-bolsonaro-e-ruim-para-tarcisio/,Abril,45,,,,,,,,,,35,,,,,,,,,,,,,,,,,,,,,,,,,,,,,,,,,
genial-quaest-2026-12-14-10,Genial/Quaest,2026-12-11,2026-12-14,2004,2,https://veja.abril.com.br/politica/nova-pesquisa-genial-quaest-e-boa-para-flavio-bolsonaro-e-ruim-para-tarcisio/,Abril,45,,,,,,,35,,,,,,,,,,,,,,,,,,,,,,,,,,,,,,,,,,,,
genial-quaest-2026-12-14-11,Genial/Quaest,2026-12-11,2026-12-14,2004,2,https://veja.abril.com.br/politica/nova-pesquisa-genial-quaest-e-boa-para-flavio-bolsonaro-e-ruim-para-tarcisio/,Março,46,36,,,,,,,,,,,,,,,,,,,,,,,,,,,,,,,,,,,,,,,,,,
atlasintel-2026-12-15,AtlasIntel,2026-12-10,2026-12-15,8154,1,https://atlasintel.org/polls/latam-pulse,Setembro,47.9,21.3,4.4,2.4,3,,,4.1,,,15,,,,,,,,,,,,,,,,,,,,,,,,,,,,,,,,,
atlasintel-2026-12-15-2,AtlasIntel,2026-12-10,2026-12-15,8154,1,https://atlasintel.org/polls/latam-pulse,Agosto,47.9,21.3,4.4,2.4,3,,,4.1,,,15,,,,,,,,,,,,,,,,,,,,,,,,,,,,,,,,,
atlasintel-2026-12-15-3,AtlasIntel,2026-12-10,2026-12-15,8154,1,https://atlasintel.org/polls/latam-pulse,Julho,47.9,21.3,4.4,2.4,3,,,4.1,,,15,,,,,,,,,,,,,,,,,,,,,,,,,,,,,,,,,
atlasintel-2026-12-15-4,AtlasIntel,2026-12-10,2026-12-15,8154,1,https://atlasintel.org/polls/latam-pulse,Junho,47.9,21.3,4.4,2.4,3,,,4.1,,,15,,,,,,,,,,,,,,,,,,,,,,,,,,,,,,,,,
atlasintel-2026-12-15-5,AtlasIntel,2026-12-10,2026-12-15,8154,1,https://atlasintel.org/polls/latam-pulse,Maio,47.9,21.3,4.4,2.4,3,,,4.1,,,15,,,,,,,,,,,,,,,,,,,,,,,,,,,,,,,,,
atlasintel-2026-12-15-6,AtlasIntel,2026-12-10,2026-12-15,8154,1,https://atlasintel.org/polls/latam-pulse,Abril,53,41,,,,,,,,,,,,,,,,,,,,,,,,,,,,,,,,,,,,,,,,,,
atlasintel-2026-12-15-7,AtlasIntel,2026-12-10,2026-12-15,8154,1,https://atlasintel.org/polls/latam-pulse,Abril,49,,,,39,,,,,,,,,,,,,,,,,,,,,,,,,,,,,,,,,,,,,,,
atlasintel-2026-12-15-8,AtlasIntel,2026-12-10,2026-12-15,8154,1,https://atlasintel.org/polls/latam-pulse,Abril,49,,39,,,,,,,,,,,,,,,,,,,,,,,,,,,,,,,,,,,,,,,,,
atlasintel-2026-12-15-9,AtlasIntel,2026-12-10,2026-12-15,8154,1,https://atlasintel.org/polls/latam-pulse,Abril,50,,,,,,,,,,,,,,46,,,,,,,,,,,,,,,,,,,,,,,,,,,,,
atlasintel-2026-12-15-10,AtlasIntel,2026-12-10,2026-12-15,8154,1,https://atlasintel.org/polls/latam-pulse,Abril,50,,,,,,,,,,,,,,,,,,,45,,,,,,,,,,,,,,,,,,,,,,,,
atlasintel-2026-12-15-11,AtlasIntel,2026-12-10,2026-12-15,8154,1,https://atlasintel.org/polls/latam-pulse,Abril,49,,,,,,,,,,45,,,,,,,,,,,,,,,,,,,,,,,,,,,,,,,,,
atlasintel-2026-12-15-12,AtlasIntel,2026-12-10,2026-12-15,8154,1,https://atlasintel.org/polls/latam-pulse,Abril,49,,,,,,,39,,,,,,,,,,,,,,,,,,,,,,,,,,,,,,,,,,,,
atlasintel-2026-12-15-13,AtlasIntel,2026-12-10,2026-12-15,8154,1,https://atlasintel.org/polls/latam-pulse,Abril,49,,,,,,,,,,,,,,,,,,24,,,,,,,,,,,,,,,,,,,,,,,,,
atlasintel-2026-12-15-14,AtlasIntel,2026-12-10,2026-12-15,8154,1,https://atlasintel.org/polls/latam-pulse,Março,53,41,,,,,,,,,,,,,,,,,,,,,,,,,,,,,,,,,,,,,,,,,,
real-time-big-data-2026-12-16,Real Time Big Data,2026-12-05,2026-12-16,3300,2,,Setembro,35,20,5,1,6,,,,,1,,,,,,,,,7,,,,,,,,,,,,,,,,,,,,,,,,,
real-time-big-data-2026-12-16-2,Real Time Big Data,2026-12-05,2026-12-16,3300,2,,Agosto,35,20,5,1,6,,,,,1,,,,,,,,,7,,,,,,,,,,,,,,,,,,,,,,,,,
real-time-big-data-2026-12-16-3,Real Time Big Data,2026-12-05,2026-12-16,3300,2,,Julho,35,20,5,1,6,,,,,1,,,,,,,,,7,,,,,,,,,,,,,,,,,,,,,,,,,
real-time-big-data-2026-12-16-4,Real Time Big Data,2026-12-05,2026-12-16,3300,2,,Junho,35,20,5,1,6,,,,,1,,,,,,,,,7,,,,,,,,,,,,,,,,,,,,,,,,,
real-time-big-data-2026-12-16-5,Real Time Big Data,2026-12-05,2026-12-16,3300,2,,Maio,35,20,5,1,6,,,,,1,,,,,,,,,7,,,,,,,,,,,,,,,,,,,,,,,,,
parana-pesquisas-2026-12-22,Paraná Pesquisas,2026-12-18,2026-12-22,2038,2.2,https://revistaoeste.com/politica/lula-perde-para-bolsonaro-michelle-e-tarcisio-no-2o-turno-diz-pesquisa/,Setembro,37.2,,4.9,0.9,3.2,,,8.2,8.3,,,,,,,,,,,24.4,,,,,,,,,,,,2,,,,,,,,,,,,
parana-pesquisas-2026-12-22-2,Paraná Pesquisas,2026-12-18,2026-12-22,2038,2.2,https://revistaoeste.com/politica/lula-perde-para-bolsonaro-michelle-e-tarcisio-no-2o-turno-diz-pesquisa/,Agosto,37.2,,4.9,0.9,3.2,,,8.2,8.3,,,,,,,,,,,24.4,,,,,,,,,,,,2,,,,,,,,,,,,
parana-pesquisas-2026-12-22-3,Paraná Pesquisas,2026-12-18,2026-12-22,2038,2.2,https://revistaoeste.com/politica/lula-perde-para-bolsonaro-michelle-e-tarcisio-no-2o-turno-diz-pesquisa/,Julho,37.2,,4.9,0.9,3.2,,,8.2,8.3,,,,,,,,,,,24.4,,,,,,,,,,,,2,,,,,,,,,,,,
parana-pesquisas-2026-12-22-4,Paraná Pesquisas,2026-12-18,2026-12-22,2038,2.2,https://revistaoeste.com/politica/lula-perde-para-bolsonaro-michelle-e-tarcisio-no-2o-turno-diz-pesquisa/,Junho,37.2,,4.9,0.9,3.2,,,8.2,8.3,,,,,,,,,,,24.4,,,,,,,,,,,,2,,,,,,,,,,,,
parana-pesquisas-2026-12-22-5,Paraná Pesquisas,2026-12-18,2026-12-22,2038,2.2,https://revistaoeste.com/politica/lula-perde-para-bolsonaro-michelle-e-tarcisio-no-2o-turno-diz-pesquisa/,Maio,37.2,,4.9,0.9,3.2,,,8.2,8.3,,,,,,,,,,,24.4,,,,,,,,,,,,2,,,,,,,,,,,,
parana-pesquisas-2026-12-22-6,Paraná Pesquisas,2026-12-18,2026-12-22,2038,2.2,https://revistaoeste.com/politica/lula-perde-para-bolsonaro-michelle-e-tarcisio-no-2o-turno-diz-pesquisa/,Abril,44.1,41,,,,,,,,,,,,,,,,,,,,,,,,,,,,,,,,,,,,,,,,,,
parana-pesquisas-2026-12-22-7,Paraná Pesquisas,2026-12-18,2026-12-22,2038,2.2,https://revistaoeste.com/politica/lula-perde-para-bolsonaro-michelle-e-tarcisio-no-2o-turno-diz-pesquisa/,Abril,43.6,,,,,,,,,,,,,,43.4,,,,,,,,,,,,,,,,,,,,,,,,,,,,,
parana-pesquisas-2026-12-22-8,Paraná Pesquisas,2026-12-18,2026-12-22,2038,2.2,https://revistaoeste.com/politica/lula-perde-para-bolsonaro-michelle-e-tarcisio-no-2o-turno-diz-pesquisa/,Abril,44.8,,,,,,,,,,,,,,,,,,,41.4,,,,,,,,,,,,,,,,,,,,,,,,
parana-pesquisas-2026-12-22-9,Paraná Pesquisas,2026-12-18,2026-12-22,2038,2.2,https://revistaoeste.com/politica/lula-perde-para-bolsonaro-michelle-e-tarcisio-no-2o-turno-diz-pesquisa/,Abril,44,,,,,,,,,,42.5,,,,,,,,,,,,,,,,,,,,,,,,,,,,,,,,,
parana-pesquisas-2026-12-22-10,Paraná Pesquisas,2026-12-18,2026-12-22,2038,2.2,https://revistaoeste.com/politica/lula-perde-para-bolsonaro-michelle-e-tarcisio-no-2o-turno-diz-pesquisa/,Abril,43.8,,,,,,,40.2,,,,,,,,,,,,,,,,,,,,,,,,,,,,,,,,,,,,
parana-pesquisas-2026-12-22-11,Paraná Pesquisas,2026-12-18,2026-12-22,2038,2.2,https://revistaoeste.com/politica/lula-perde-para-bolsonaro-michelle-e-tarcisio-no-2o-turno-diz-pesquisa/,Abril,44.6,,,,,,,,,,,,,,,,,,,,,,,,,,,,,,,,,,,,,,,,30.3,,,
parana-pesquisas-2026-12-22-12,Paraná Pesquisas,2026-12-18,2026-12-22,2038,2.2,https://revistaoeste.com/politica/lula-perde-para-bolsonaro-michelle-e-tarcisio-no-2o-turno-diz-pesquisa/,Março,44.1,41,,,,,,,,,,,,,,,,,,,,,,,,,,,,,,,,,,,,,,,,,,
atlasintel-2026-12-31,AtlasIntel,2026-12-26,2026-12-31,2873,2,,Setembro,42.5,,2.9,,,6.9,,,,,33.2,,,,,,,,,,,,,,,2.1,1.3,,0.9,1.4,,,,,,,,,,,,,,
atlasintel-2026-12-31-2,AtlasIntel,2026-12-26,2026-12-31,2873,2,,Agosto,42.5,,2.9,,,6.9,,,,,33.2,,,,,,,,,,,,,,,2.1,1.3,,0.9,1.4,,,,,,,,,,,,,,
atlasintel-2026-12-31-3,AtlasIntel,2026-12-26,2026-12-31,2873,2,,Julho,42.5,,2.9,,,6.9,,,,,33.2,,,,,,,,,,,,,,,2.1,1.3,,0.9,1.4,,,,,,,,,,,,,,
atlasintel-2026-12-31-4,AtlasIntel,2026-12-26,2026-12-31,2873,2,,Junho,42.5,,2.9,,,6.9,,,,,33.2,,,,,,,,,,,,,,,2.1,1.3,,0.9,1.4,,,,,,,,,,,,,,
atlasintel-2026-12-31-5,AtlasIntel,2026-12-26,2026-12-31,2873,2,,Maio,42.5,,2.9,,,6.9,,,,,33.2,,,,,,,,,,,,,,,2.1,1.3,,0.9,1.4,,,,,,,,,,,,,,
atlasintel-2026-12-31-6,AtlasIntel,2026-12-26,2026-12-31,2873,2,,Abril,48,,35,,,,,,,,,,,,,,,,,,,,,,,,,,,,,,,,,,,,,,,,,
atlasintel-2026-12-31-7,AtlasIntel,2026-12-26,2026-12-31,2873,2,,Abril,49,,,,,,,,,,,,,,43,,,,,,,,,,,,,,,,,,,,,,,,,,,,,
atlasintel-2026-12-31-8,AtlasIntel,2026-12-26,2026-12-31,2873,2,,Abril,49,,,,,,,,,,39,,,,,,,,,,,,,,,,,,,,,,,,,,,,,,,,,
atlasintel-2026-12-31-9,AtlasIntel,2026-12-26,2026-12-31,2873,2,,Abril,50,,,,,,,,,,,,,,,,,,,,,39,,,,,,,,,,,,,,,,,,,,,,
atlasintel-2026-12-31-10,AtlasIntel,2026-12-26,2026-12-31,2873,2,,Abril,52,,,,,35,,,,,,,,,,,,,,,,,,,,,,,,,,,,,,,,,,,,,,
